--------------------------------------------------------
--  파일이 생성됨 - 월요일-11월-24-2025
--------------------------------------------------------
--------------------------------------------------------
--  DDL for Table ACCOUNT
--------------------------------------------------------

CREATE TABLE "BNKPROJECT"."ACCOUNT"
(	"ACCOUNTNO" NUMBER,
     "USERID" NUMBER,
     "BALANCE" NUMBER DEFAULT 0,
     "CREATEDAT" DATE DEFAULT SYSDATE,
     "UPDATEDAT" DATE,
     "STATUS" CHAR(1 BYTE) DEFAULT 'Y'
   ) SEGMENT CREATION IMMEDIATE
  PCTFREE 10 PCTUSED 40 INITRANS 1 MAXTRANS 255
 NOCOMPRESS LOGGING
  STORAGE(INITIAL 65536 NEXT 1048576 MINEXTENTS 1 MAXEXTENTS 2147483645
  PCTINCREASE 0 FREELISTS 1 FREELIST GROUPS 1
  BUFFER_POOL DEFAULT FLASH_CACHE DEFAULT CELL_FLASH_CACHE DEFAULT)
  TABLESPACE "USERS" ;

COMMENT ON COLUMN "BNKPROJECT"."ACCOUNT"."ACCOUNTNO" IS '계좌번호 (PK)';
   COMMENT ON COLUMN "BNKPROJECT"."ACCOUNT"."USERID" IS '회원 ID (FK)';
   COMMENT ON COLUMN "BNKPROJECT"."ACCOUNT"."BALANCE" IS '잔액';
   COMMENT ON COLUMN "BNKPROJECT"."ACCOUNT"."CREATEDAT" IS '생성일';
   COMMENT ON COLUMN "BNKPROJECT"."ACCOUNT"."UPDATEDAT" IS '수정일';
   COMMENT ON COLUMN "BNKPROJECT"."ACCOUNT"."STATUS" IS '계좌 상태(Y:활성/N:비활성)';
   COMMENT ON TABLE "BNKPROJECT"."ACCOUNT"  IS '사용자의 계좌 정보를 관리.
잔액, 상태, 개설일 등을 users 테이블과 FK로 연결.';
--------------------------------------------------------
--  DDL for Table ADMIN
--------------------------------------------------------

CREATE TABLE "BNKPROJECT"."ADMIN"
(	"ADMINID" NUMBER,
     "ADMINNAME" VARCHAR2(50 BYTE),
     "LOGINID" VARCHAR2(50 BYTE),
     "PASSWORD" VARCHAR2(255 BYTE),
     "ADMINROLE" VARCHAR2(20 BYTE),
     "CREATEDAT" DATE DEFAULT SYSDATE,
     "UPDATEDAT" DATE,
     "STATUS" CHAR(1 BYTE) DEFAULT 'Y',
	"LOGINFAILCOUNT" NUMBER DEFAULT 0,
	"ACCOUNTLOCKED" CHAR(1 BYTE) DEFAULT 'N',
	"LASTFAILEDLOGIN" DATE,
	"LOCKEDDATE" DATE
   ) SEGMENT CREATION IMMEDIATE
  PCTFREE 10 PCTUSED 40 INITRANS 1 MAXTRANS 255
 NOCOMPRESS LOGGING
  STORAGE(INITIAL 65536 NEXT 1048576 MINEXTENTS 1 MAXEXTENTS 2147483645
  PCTINCREASE 0 FREELISTS 1 FREELIST GROUPS 1
  BUFFER_POOL DEFAULT FLASH_CACHE DEFAULT CELL_FLASH_CACHE DEFAULT)
  TABLESPACE "USERS" ;

COMMENT ON COLUMN "BNKPROJECT"."ADMIN"."ADMINID" IS '관리자 ID (PK)';
   COMMENT ON COLUMN "BNKPROJECT"."ADMIN"."ADMINNAME" IS '관리자 이름';
   COMMENT ON COLUMN "BNKPROJECT"."ADMIN"."LOGINID" IS '로그인 계정 ID';
   COMMENT ON COLUMN "BNKPROJECT"."ADMIN"."PASSWORD" IS '로그인 계정 PW';
   COMMENT ON COLUMN "BNKPROJECT"."ADMIN"."ADMINROLE" IS '권한 그룹이름(최고|관리자| 등등)';
   COMMENT ON COLUMN "BNKPROJECT"."ADMIN"."CREATEDAT" IS '생성일';
   COMMENT ON COLUMN "BNKPROJECT"."ADMIN"."UPDATEDAT" IS '수정일';
   COMMENT ON COLUMN "BNKPROJECT"."ADMIN"."STATUS" IS '계정 상태(Y/N)';
   COMMENT ON COLUMN "BNKPROJECT"."ADMIN"."LOGINFAILCOUNT" IS '로그인 실패 횟수';
   COMMENT ON COLUMN "BNKPROJECT"."ADMIN"."ACCOUNTLOCKED" IS '계정 잠금 여부 (Y/N)';
   COMMENT ON COLUMN "BNKPROJECT"."ADMIN"."LASTFAILEDLOGIN" IS '마지막 로그인 실패 시각';
   COMMENT ON COLUMN "BNKPROJECT"."ADMIN"."LOCKEDDATE" IS '계정 잠금 시각';
   COMMENT ON TABLE "BNKPROJECT"."ADMIN"  IS '관리자 계정 정보를 저장.
로그인ID, 이름, 비밀번호, 권한 그룹과 연결.';
--------------------------------------------------------
--  DDL for Table BANNER
--------------------------------------------------------

CREATE TABLE "BNKPROJECT"."BANNER"
(	"BANNERNO" NUMBER,
     "BANNERNAME" VARCHAR2(100 BYTE),
     "IMAGE" VARCHAR2(255 BYTE),
     "STATUS" CHAR(1 BYTE) DEFAULT 'Y',
	"CREATEDAT" DATE DEFAULT SYSDATE,
	"UPDATEDAT" DATE
   ) SEGMENT CREATION DEFERRED
  PCTFREE 10 PCTUSED 40 INITRANS 1 MAXTRANS 255
 NOCOMPRESS LOGGING
  TABLESPACE "USERS" ;

COMMENT ON COLUMN "BNKPROJECT"."BANNER"."BANNERNO" IS '배너 ID (PK)';
   COMMENT ON COLUMN "BNKPROJECT"."BANNER"."BANNERNAME" IS '배너명';
   COMMENT ON COLUMN "BNKPROJECT"."BANNER"."IMAGE" IS '이미지 경로';
   COMMENT ON COLUMN "BNKPROJECT"."BANNER"."STATUS" IS '상태(Y/N)';
   COMMENT ON COLUMN "BNKPROJECT"."BANNER"."CREATEDAT" IS '생성일';
   COMMENT ON COLUMN "BNKPROJECT"."BANNER"."UPDATEDAT" IS '수정일';
   COMMENT ON TABLE "BNKPROJECT"."BANNER"  IS '웹사이트 내 배너 이미지·링크·상태를 관리.';
--------------------------------------------------------
--  DDL for Table BOARD
--------------------------------------------------------

CREATE TABLE "BNKPROJECT"."BOARD"
(	"ID" NUMBER GENERATED ALWAYS AS IDENTITY MINVALUE 1 MAXVALUE 9999999999999999999999999999 INCREMENT BY 1 START WITH 1 CACHE 20 NOORDER  NOCYCLE  NOKEEP  NOSCALE ,
     "BOARDTYPE" VARCHAR2(20 BYTE),
     "TITLE" VARCHAR2(200 BYTE),
     "CONTENT" CLOB,
     "BOARDFILE" VARCHAR2(500 BYTE),
     "CREATEDAT" DATE DEFAULT SYSDATE,
     "UPDATEDAT" DATE,
     "STATUS" VARCHAR2(100 BYTE) DEFAULT 'Y'
) SEGMENT CREATION IMMEDIATE
  PCTFREE 10 PCTUSED 40 INITRANS 1 MAXTRANS 255
 NOCOMPRESS LOGGING
  STORAGE(INITIAL 65536 NEXT 1048576 MINEXTENTS 1 MAXEXTENTS 2147483645
  PCTINCREASE 0 FREELISTS 1 FREELIST GROUPS 1
  BUFFER_POOL DEFAULT FLASH_CACHE DEFAULT CELL_FLASH_CACHE DEFAULT)
  TABLESPACE "USERS"
 LOB ("CONTENT") STORE AS SECUREFILE (
  TABLESPACE "USERS" ENABLE STORAGE IN ROW 4000 CHUNK 8192
  NOCACHE LOGGING  NOCOMPRESS  KEEP_DUPLICATES
  STORAGE(INITIAL 262144 NEXT 1048576 MINEXTENTS 1 MAXEXTENTS 2147483645
  PCTINCREASE 0
  BUFFER_POOL DEFAULT FLASH_CACHE DEFAULT CELL_FLASH_CACHE DEFAULT)) ;

COMMENT ON COLUMN "BNKPROJECT"."BOARD"."BOARDTYPE" IS 'report (보도자료), notice (공지사항), event';
   COMMENT ON COLUMN "BNKPROJECT"."BOARD"."TITLE" IS '제목';
   COMMENT ON COLUMN "BNKPROJECT"."BOARD"."CONTENT" IS '내용';
   COMMENT ON COLUMN "BNKPROJECT"."BOARD"."BOARDFILE" IS '파일, 이미지';
   COMMENT ON COLUMN "BNKPROJECT"."BOARD"."CREATEDAT" IS '생성일';
   COMMENT ON COLUMN "BNKPROJECT"."BOARD"."UPDATEDAT" IS '수정일';
   COMMENT ON COLUMN "BNKPROJECT"."BOARD"."STATUS" IS '상태 (Y, N)';
   COMMENT ON TABLE "BNKPROJECT"."BOARD"  IS '게시글 관리용 테이블 (보도자료, 공지사항, 이벤트)';
--------------------------------------------------------
--  DDL for Table BRANCH
--------------------------------------------------------

CREATE TABLE "BNKPROJECT"."BRANCH"
(	"BRANCHID" NUMBER,
     "BRANCHNAME" VARCHAR2(100 BYTE),
     "BRANCHCODE" VARCHAR2(20 BYTE),
     "REGIONCODE" VARCHAR2(20 BYTE),
     "ADDRESS" VARCHAR2(300 BYTE),
     "TEL" VARCHAR2(20 BYTE),
     "MANAGER" VARCHAR2(50 BYTE),
     "STATUS" CHAR(1 BYTE) DEFAULT 'Y',
	"CREATEDAT" TIMESTAMP (6) DEFAULT SYSTIMESTAMP,
	"UPDATEDAT" TIMESTAMP (6) DEFAULT SYSTIMESTAMP
   ) SEGMENT CREATION IMMEDIATE
  PCTFREE 10 PCTUSED 40 INITRANS 1 MAXTRANS 255
 NOCOMPRESS LOGGING
  STORAGE(INITIAL 65536 NEXT 1048576 MINEXTENTS 1 MAXEXTENTS 2147483645
  PCTINCREASE 0 FREELISTS 1 FREELIST GROUPS 1
  BUFFER_POOL DEFAULT FLASH_CACHE DEFAULT CELL_FLASH_CACHE DEFAULT)
  TABLESPACE "USERS" ;
--------------------------------------------------------
--  DDL for Table CATEGORY
--------------------------------------------------------

CREATE TABLE "BNKPROJECT"."CATEGORY"
(	"CATEGORYID" NUMBER,
     "CATEGORYNAME" VARCHAR2(100 BYTE),
     "CREATEDAT" DATE DEFAULT SYSDATE,
     "UPDATEDAT" DATE,
     "STATUS" CHAR(1 BYTE) DEFAULT 'Y',
	"PARENTID" NUMBER,
	"ROUTEPATH" VARCHAR2(100 BYTE)
   ) SEGMENT CREATION IMMEDIATE
  PCTFREE 10 PCTUSED 40 INITRANS 1 MAXTRANS 255
 NOCOMPRESS LOGGING
  STORAGE(INITIAL 65536 NEXT 1048576 MINEXTENTS 1 MAXEXTENTS 2147483645
  PCTINCREASE 0 FREELISTS 1 FREELIST GROUPS 1
  BUFFER_POOL DEFAULT FLASH_CACHE DEFAULT CELL_FLASH_CACHE DEFAULT)
  TABLESPACE "USERS" ;

COMMENT ON COLUMN "BNKPROJECT"."CATEGORY"."CATEGORYID" IS '카테고리 식별자 (PK)';
   COMMENT ON COLUMN "BNKPROJECT"."CATEGORY"."CATEGORYNAME" IS '카테고리명';
   COMMENT ON COLUMN "BNKPROJECT"."CATEGORY"."CREATEDAT" IS '생성일';
   COMMENT ON COLUMN "BNKPROJECT"."CATEGORY"."UPDATEDAT" IS '수정일';
   COMMENT ON COLUMN "BNKPROJECT"."CATEGORY"."STATUS" IS '사용 상태(Y/N)';
   COMMENT ON TABLE "BNKPROJECT"."CATEGORY"  IS '상품을 구분하는 카테고리 관리.
예금안내/예금이용가이드/금융서비스등 UI 전시용 그룹화에 사용.';
--------------------------------------------------------
--  DDL for Table CHATMESSAGE
--------------------------------------------------------

CREATE TABLE "BNKPROJECT"."CHATMESSAGE"
(	"MESSAGEID" NUMBER,
     "SESSIONID" NUMBER,
     "SENDERTYPE" VARCHAR2(20 BYTE),
     "MESSAGETEXT" CLOB,
     "CREATEDAT" DATE DEFAULT SYSDATE,
     "UPDATEDAT" DATE,
     "SENDERID" VARCHAR2(20 BYTE),
     "ISREAD" NUMBER(38,0) DEFAULT 0
) SEGMENT CREATION IMMEDIATE
  PCTFREE 10 PCTUSED 40 INITRANS 1 MAXTRANS 255
 NOCOMPRESS LOGGING
  STORAGE(INITIAL 65536 NEXT 1048576 MINEXTENTS 1 MAXEXTENTS 2147483645
  PCTINCREASE 0 FREELISTS 1 FREELIST GROUPS 1
  BUFFER_POOL DEFAULT FLASH_CACHE DEFAULT CELL_FLASH_CACHE DEFAULT)
  TABLESPACE "USERS"
 LOB ("MESSAGETEXT") STORE AS SECUREFILE (
  TABLESPACE "USERS" ENABLE STORAGE IN ROW 4000 CHUNK 8192
  NOCACHE LOGGING  NOCOMPRESS  KEEP_DUPLICATES
  STORAGE(INITIAL 262144 NEXT 1048576 MINEXTENTS 1 MAXEXTENTS 2147483645
  PCTINCREASE 0
  BUFFER_POOL DEFAULT FLASH_CACHE DEFAULT CELL_FLASH_CACHE DEFAULT)) ;

COMMENT ON COLUMN "BNKPROJECT"."CHATMESSAGE"."MESSAGEID" IS '메시지 ID (PK)';
   COMMENT ON COLUMN "BNKPROJECT"."CHATMESSAGE"."SESSIONID" IS '세션 ID (FK)';
   COMMENT ON COLUMN "BNKPROJECT"."CHATMESSAGE"."SENDERTYPE" IS '발신자 구분(USER/CONSULTANT)';
   COMMENT ON COLUMN "BNKPROJECT"."CHATMESSAGE"."MESSAGETEXT" IS '메시지 내용';
   COMMENT ON COLUMN "BNKPROJECT"."CHATMESSAGE"."CREATEDAT" IS '생성일';
   COMMENT ON COLUMN "BNKPROJECT"."CHATMESSAGE"."UPDATEDAT" IS '수정일';
   COMMENT ON COLUMN "BNKPROJECT"."CHATMESSAGE"."SENDERID" IS '발신자아이디';
   COMMENT ON COLUMN "BNKPROJECT"."CHATMESSAGE"."ISREAD" IS '1 : true, 0 : false';
   COMMENT ON TABLE "BNKPROJECT"."CHATMESSAGE"  IS '채팅 세션의 개별 메시지 데이터.
송신자 구분(USER/CONSULTANT) 포함.';
--------------------------------------------------------
--  DDL for Table CHATSESSION
--------------------------------------------------------

CREATE TABLE "BNKPROJECT"."CHATSESSION"
(	"SESSIONID" NUMBER,
     "USERID" NUMBER,
     "CONSULTANTID" NUMBER,
     "INQUIRYTYPE" VARCHAR2(20 BYTE),
     "STATUS" VARCHAR2(20 BYTE),
     "CREATEDAT" DATE DEFAULT SYSDATE,
     "UPDATEDAT" DATE,
     "PRIORITYSCORE" NUMBER(38,0),
     "WAITSTARTTIME" DATE,
     "CHATSTARTTIME" DATE,
     "CHATENDTIME" DATE
) SEGMENT CREATION IMMEDIATE
  PCTFREE 10 PCTUSED 40 INITRANS 1 MAXTRANS 255
 NOCOMPRESS LOGGING
  STORAGE(INITIAL 65536 NEXT 1048576 MINEXTENTS 1 MAXEXTENTS 2147483645
  PCTINCREASE 0 FREELISTS 1 FREELIST GROUPS 1
  BUFFER_POOL DEFAULT FLASH_CACHE DEFAULT CELL_FLASH_CACHE DEFAULT)
  TABLESPACE "USERS" ;

COMMENT ON COLUMN "BNKPROJECT"."CHATSESSION"."SESSIONID" IS '세션 ID (PK)';
   COMMENT ON COLUMN "BNKPROJECT"."CHATSESSION"."USERID" IS '사용자 ID (FK)';
   COMMENT ON COLUMN "BNKPROJECT"."CHATSESSION"."CONSULTANTID" IS '상담원 ID (FK)';
   COMMENT ON COLUMN "BNKPROJECT"."CHATSESSION"."INQUIRYTYPE" IS '문의 유형';
   COMMENT ON COLUMN "BNKPROJECT"."CHATSESSION"."STATUS" IS '세션 상태 (WAITING, COMPLETE 등)';
   COMMENT ON COLUMN "BNKPROJECT"."CHATSESSION"."CREATEDAT" IS '생성일';
   COMMENT ON COLUMN "BNKPROJECT"."CHATSESSION"."UPDATEDAT" IS '수정일';
   COMMENT ON COLUMN "BNKPROJECT"."CHATSESSION"."PRIORITYSCORE" IS '대기순위';
   COMMENT ON COLUMN "BNKPROJECT"."CHATSESSION"."WAITSTARTTIME" IS '대기시작시간';
   COMMENT ON TABLE "BNKPROJECT"."CHATSESSION"  IS '사용자와 상담원 간 채팅 세션 내역.
문의유형, 상태, 연결 시간 기록.';
--------------------------------------------------------
--  DDL for Table CODEDETAIL
--------------------------------------------------------

CREATE TABLE "BNKPROJECT"."CODEDETAIL"
(	"GROUPCODE" VARCHAR2(10 BYTE),
     "CODE" VARCHAR2(10 BYTE),
     "CODENAME" VARCHAR2(50 BYTE),
     "USEYN" CHAR(1 BYTE) DEFAULT 'Y',
	"CREATEDAT" DATE DEFAULT SYSDATE,
	"UPDATEDAT" DATE,
	"STATUS" CHAR(1 BYTE) DEFAULT 'Y'
   ) SEGMENT CREATION IMMEDIATE
  PCTFREE 10 PCTUSED 40 INITRANS 1 MAXTRANS 255
 NOCOMPRESS LOGGING
  STORAGE(INITIAL 65536 NEXT 1048576 MINEXTENTS 1 MAXEXTENTS 2147483645
  PCTINCREASE 0 FREELISTS 1 FREELIST GROUPS 1
  BUFFER_POOL DEFAULT FLASH_CACHE DEFAULT CELL_FLASH_CACHE DEFAULT)
  TABLESPACE "USERS" ;

COMMENT ON COLUMN "BNKPROJECT"."CODEDETAIL"."GROUPCODE" IS '상위 코드 그룹 식별자 (FK)';
   COMMENT ON COLUMN "BNKPROJECT"."CODEDETAIL"."CODE" IS '세부 코드 값';
   COMMENT ON COLUMN "BNKPROJECT"."CODEDETAIL"."CODENAME" IS '코드의 이름';
   COMMENT ON COLUMN "BNKPROJECT"."CODEDETAIL"."USEYN" IS '코드 사용 여부';
   COMMENT ON COLUMN "BNKPROJECT"."CODEDETAIL"."CREATEDAT" IS '생성일';
   COMMENT ON COLUMN "BNKPROJECT"."CODEDETAIL"."UPDATEDAT" IS '수정일';
   COMMENT ON COLUMN "BNKPROJECT"."CODEDETAIL"."STATUS" IS '사용 상태(Y/N)';
   COMMENT ON TABLE "BNKPROJECT"."CODEDETAIL"  IS '각 코드 그룹별 세부 항목을 저장하는 테이블.
예: (PROD_TYPE, ‘01’) → ‘예금’.';
--------------------------------------------------------
--  DDL for Table CODEMASTER
--------------------------------------------------------

CREATE TABLE "BNKPROJECT"."CODEMASTER"
(	"GROUPCODE" VARCHAR2(10 BYTE),
     "GROUPNAME" VARCHAR2(50 BYTE),
     "CREATEDAT" DATE DEFAULT SYSDATE,
     "UPDATEDAT" DATE,
     "STATUS" CHAR(1 BYTE) DEFAULT 'Y'
   ) SEGMENT CREATION IMMEDIATE
  PCTFREE 10 PCTUSED 40 INITRANS 1 MAXTRANS 255
 NOCOMPRESS LOGGING
  STORAGE(INITIAL 65536 NEXT 1048576 MINEXTENTS 1 MAXEXTENTS 2147483645
  PCTINCREASE 0 FREELISTS 1 FREELIST GROUPS 1
  BUFFER_POOL DEFAULT FLASH_CACHE DEFAULT CELL_FLASH_CACHE DEFAULT)
  TABLESPACE "USERS" ;

COMMENT ON COLUMN "BNKPROJECT"."CODEMASTER"."GROUPCODE" IS '코드 그룹 식별자 (PK)';
   COMMENT ON COLUMN "BNKPROJECT"."CODEMASTER"."GROUPNAME" IS '코드 그룹명 (ex: 상품유형, 권한유형 등)';
   COMMENT ON COLUMN "BNKPROJECT"."CODEMASTER"."CREATEDAT" IS '생성일';
   COMMENT ON COLUMN "BNKPROJECT"."CODEMASTER"."UPDATEDAT" IS '수정일';
   COMMENT ON COLUMN "BNKPROJECT"."CODEMASTER"."STATUS" IS '사용 여부(Y/N)';
   COMMENT ON TABLE "BNKPROJECT"."CODEMASTER"  IS '시스템 내 코드 그룹(대분류)을 정의하는 테이블.
예: 상품유형, 약관유형, 권한유형 등.';
--------------------------------------------------------
--  DDL for Table CONSULTANT
--------------------------------------------------------

CREATE TABLE "BNKPROJECT"."CONSULTANT"
(	"CONSULTANTID" NUMBER,
     "CONSULTANTNAME" VARCHAR2(100 BYTE),
     "SPECIALTY" VARCHAR2(100 BYTE),
     "STATUS" VARCHAR2(20 BYTE) DEFAULT 'OFFLINE',
     "CREATEDAT" DATE DEFAULT SYSDATE,
     "UPDATEDAT" DATE
) SEGMENT CREATION IMMEDIATE
  PCTFREE 10 PCTUSED 40 INITRANS 1 MAXTRANS 255
 NOCOMPRESS LOGGING
  STORAGE(INITIAL 65536 NEXT 1048576 MINEXTENTS 1 MAXEXTENTS 2147483645
  PCTINCREASE 0 FREELISTS 1 FREELIST GROUPS 1
  BUFFER_POOL DEFAULT FLASH_CACHE DEFAULT CELL_FLASH_CACHE DEFAULT)
  TABLESPACE "USERS" ;

COMMENT ON COLUMN "BNKPROJECT"."CONSULTANT"."CONSULTANTID" IS '상담원 ID (PK)';
   COMMENT ON COLUMN "BNKPROJECT"."CONSULTANT"."CONSULTANTNAME" IS '상담원명';
   COMMENT ON COLUMN "BNKPROJECT"."CONSULTANT"."SPECIALTY" IS '전문 분야';
   COMMENT ON COLUMN "BNKPROJECT"."CONSULTANT"."STATUS" IS 'ONLINE, OFFLINE, READY, BUSY';
   COMMENT ON COLUMN "BNKPROJECT"."CONSULTANT"."CREATEDAT" IS '생성일';
   COMMENT ON COLUMN "BNKPROJECT"."CONSULTANT"."UPDATEDAT" IS '수정일';
   COMMENT ON TABLE "BNKPROJECT"."CONSULTANT"  IS '상담 직원(챗봇/상담사) 정보 관리.
상태(대기/상담중/오프라인) 표시.';
--------------------------------------------------------
--  DDL for Table CS
--------------------------------------------------------

CREATE TABLE "BNKPROJECT"."CS"
(	"CSNO" NUMBER,
     "USERID" NUMBER,
     "CATEID" NUMBER,
     "TITLE" VARCHAR2(200 BYTE),
     "CONTENT" CLOB,
     "STATUS" CHAR(1 BYTE) DEFAULT 'Y',
	"CREATEDAT" DATE DEFAULT SYSDATE,
	"UPDATEDAT" DATE
   ) SEGMENT CREATION IMMEDIATE
  PCTFREE 10 PCTUSED 40 INITRANS 1 MAXTRANS 255
 NOCOMPRESS LOGGING
  STORAGE(INITIAL 65536 NEXT 1048576 MINEXTENTS 1 MAXEXTENTS 2147483645
  PCTINCREASE 0 FREELISTS 1 FREELIST GROUPS 1
  BUFFER_POOL DEFAULT FLASH_CACHE DEFAULT CELL_FLASH_CACHE DEFAULT)
  TABLESPACE "USERS"
 LOB ("CONTENT") STORE AS SECUREFILE (
  TABLESPACE "USERS" ENABLE STORAGE IN ROW 4000 CHUNK 8192
  NOCACHE LOGGING  NOCOMPRESS  KEEP_DUPLICATES
  STORAGE(INITIAL 262144 NEXT 1048576 MINEXTENTS 1 MAXEXTENTS 2147483645
  PCTINCREASE 0
  BUFFER_POOL DEFAULT FLASH_CACHE DEFAULT CELL_FLASH_CACHE DEFAULT)) ;

COMMENT ON COLUMN "BNKPROJECT"."CS"."CSNO" IS '게시글 ID (PK)';
   COMMENT ON COLUMN "BNKPROJECT"."CS"."USERID" IS '작성자 ID (FK)';
   COMMENT ON COLUMN "BNKPROJECT"."CS"."CATEID" IS '카테고리 ID (FK)';
   COMMENT ON COLUMN "BNKPROJECT"."CS"."TITLE" IS '제목';
   COMMENT ON COLUMN "BNKPROJECT"."CS"."CONTENT" IS '본문';
   COMMENT ON COLUMN "BNKPROJECT"."CS"."STATUS" IS '게시글 상태(Y: 활성, N: 비활성 등)';
   COMMENT ON COLUMN "BNKPROJECT"."CS"."CREATEDAT" IS '생성일';
   COMMENT ON COLUMN "BNKPROJECT"."CS"."UPDATEDAT" IS '수정일';
   COMMENT ON TABLE "BNKPROJECT"."CS"  IS '고객센터 문의 게시글.
제목·내용·작성자·분류를 저장하고 답변과 연동.';
--------------------------------------------------------
--  DDL for Table CSCATE
--------------------------------------------------------

CREATE TABLE "BNKPROJECT"."CSCATE"
(	"CATEID" NUMBER,
     "CATENAME" VARCHAR2(100 BYTE),
     "CREATEDAT" DATE DEFAULT SYSDATE,
     "UPDATEDAT" DATE,
     "STATUS" CHAR(1 BYTE) DEFAULT 'Y'
   ) SEGMENT CREATION IMMEDIATE
  PCTFREE 10 PCTUSED 40 INITRANS 1 MAXTRANS 255
 NOCOMPRESS LOGGING
  STORAGE(INITIAL 65536 NEXT 1048576 MINEXTENTS 1 MAXEXTENTS 2147483645
  PCTINCREASE 0 FREELISTS 1 FREELIST GROUPS 1
  BUFFER_POOL DEFAULT FLASH_CACHE DEFAULT CELL_FLASH_CACHE DEFAULT)
  TABLESPACE "USERS" ;

COMMENT ON COLUMN "BNKPROJECT"."CSCATE"."CATEID" IS 'CS 카테고리 ID (PK)';
   COMMENT ON COLUMN "BNKPROJECT"."CSCATE"."CATENAME" IS '카테고리명';
   COMMENT ON COLUMN "BNKPROJECT"."CSCATE"."CREATEDAT" IS '생성일';
   COMMENT ON COLUMN "BNKPROJECT"."CSCATE"."UPDATEDAT" IS '수정일';
   COMMENT ON COLUMN "BNKPROJECT"."CSCATE"."STATUS" IS '사용 상태(Y/N)';
   COMMENT ON TABLE "BNKPROJECT"."CSCATE"  IS '고객센터 문의 분류(1차, 2차 카테고리 등)를 관리.';
--------------------------------------------------------
--  DDL for Table DAILYQUEST
--------------------------------------------------------

CREATE TABLE "BNKPROJECT"."DAILYQUEST"
(	"QUESTID" NUMBER(19,0) GENERATED BY DEFAULT AS IDENTITY MINVALUE 1 MAXVALUE 9999999999999999999999999999 INCREMENT BY 1 START WITH 1 CACHE 20 NOORDER  NOCYCLE  NOKEEP  NOSCALE ,
     "COMPLETEDCOUNT" NUMBER(10,0),
     "QUESTDATE" DATE,
     "QUIZIDSJSON" CLOB,
     "USERID" NUMBER(19,0)
) SEGMENT CREATION IMMEDIATE
  PCTFREE 10 PCTUSED 40 INITRANS 1 MAXTRANS 255
 NOCOMPRESS LOGGING
  STORAGE(INITIAL 65536 NEXT 1048576 MINEXTENTS 1 MAXEXTENTS 2147483645
  PCTINCREASE 0 FREELISTS 1 FREELIST GROUPS 1
  BUFFER_POOL DEFAULT FLASH_CACHE DEFAULT CELL_FLASH_CACHE DEFAULT)
  TABLESPACE "USERS"
 LOB ("QUIZIDSJSON") STORE AS SECUREFILE (
  TABLESPACE "USERS" ENABLE STORAGE IN ROW 4000 CHUNK 8192
  NOCACHE LOGGING  NOCOMPRESS  KEEP_DUPLICATES
  STORAGE(INITIAL 262144 NEXT 1048576 MINEXTENTS 1 MAXEXTENTS 2147483645
  PCTINCREASE 0
  BUFFER_POOL DEFAULT FLASH_CACHE DEFAULT CELL_FLASH_CACHE DEFAULT)) ;
--------------------------------------------------------
--  DDL for Table DAILY_QUEST
--------------------------------------------------------

CREATE TABLE "BNKPROJECT"."DAILY_QUEST"
(	"QUESTID" NUMBER(19,0) GENERATED BY DEFAULT AS IDENTITY MINVALUE 1 MAXVALUE 9999999999999999999999999999 INCREMENT BY 1 START WITH 1 CACHE 20 NOORDER  NOCYCLE  NOKEEP  NOSCALE ,
     "COMPLETEDCOUNT" NUMBER(10,0),
     "QUESTDATE" DATE,
     "QUIZIDSJSON" CLOB,
     "USERID" NUMBER(19,0)
) SEGMENT CREATION DEFERRED
  PCTFREE 10 PCTUSED 40 INITRANS 1 MAXTRANS 255
 NOCOMPRESS LOGGING
  TABLESPACE "USERS"
 LOB ("QUIZIDSJSON") STORE AS SECUREFILE (
  TABLESPACE "USERS" ENABLE STORAGE IN ROW 4000 CHUNK 8192
  NOCACHE LOGGING  NOCOMPRESS  KEEP_DUPLICATES ) ;
--------------------------------------------------------
--  DDL for Table DOCUMENTS
--------------------------------------------------------

CREATE TABLE "BNKPROJECT"."DOCUMENTS"
(	"DOCID" NUMBER GENERATED ALWAYS AS IDENTITY MINVALUE 1 MAXVALUE 9999999999999999999999999999 INCREMENT BY 1 START WITH 1 CACHE 20 NOORDER  NOCYCLE  NOKEEP  NOSCALE ,
     "GROUPCODE" VARCHAR2(255 BYTE),
     "DOCCATEGORY" VARCHAR2(255 BYTE),
     "TITLE" VARCHAR2(255 BYTE),
     "CONTENT" CLOB,
     "CREATEDAT" DATE DEFAULT SYSDATE,
     "UPDATEDAT" DATE,
     "STATUS" VARCHAR2(255 BYTE) DEFAULT 'Y'
) SEGMENT CREATION IMMEDIATE
  PCTFREE 10 PCTUSED 40 INITRANS 1 MAXTRANS 255
 NOCOMPRESS LOGGING
  STORAGE(INITIAL 65536 NEXT 1048576 MINEXTENTS 1 MAXEXTENTS 2147483645
  PCTINCREASE 0 FREELISTS 1 FREELIST GROUPS 1
  BUFFER_POOL DEFAULT FLASH_CACHE DEFAULT CELL_FLASH_CACHE DEFAULT)
  TABLESPACE "USERS"
 LOB ("CONTENT") STORE AS SECUREFILE (
  TABLESPACE "USERS" ENABLE STORAGE IN ROW 4000 CHUNK 8192
  NOCACHE LOGGING  NOCOMPRESS  KEEP_DUPLICATES
  STORAGE(INITIAL 262144 NEXT 1048576 MINEXTENTS 1 MAXEXTENTS 2147483645
  PCTINCREASE 0
  BUFFER_POOL DEFAULT FLASH_CACHE DEFAULT CELL_FLASH_CACHE DEFAULT)) ;

COMMENT ON TABLE "BNKPROJECT"."DOCUMENTS"  IS '은행거래 필요서류안내 관련 테이블';
--------------------------------------------------------
--  DDL for Table EMAILCOUNSEL
--------------------------------------------------------

CREATE TABLE "BNKPROJECT"."EMAILCOUNSEL"
(	"ECOUNSELID" NUMBER GENERATED ALWAYS AS IDENTITY MINVALUE 1 MAXVALUE 9999999999999999999999999999 INCREMENT BY 1 START WITH 1 CACHE 20 NOORDER  NOCYCLE  NOKEEP  NOSCALE ,
     "USERID" NUMBER,
     "GROUPCODE" VARCHAR2(50 BYTE),
     "CSCATEGORY" VARCHAR2(255 BYTE),
     "TITLE" VARCHAR2(200 BYTE),
     "CONTENT" CLOB,
     "STATUS" VARCHAR2(20 BYTE) DEFAULT 'WAITING',
     "CREATEDAT" DATE DEFAULT SYSDATE,
     "UPDATEDAT" DATE,
     "RESPONSE" VARCHAR2(100 BYTE)
) SEGMENT CREATION IMMEDIATE
  PCTFREE 10 PCTUSED 40 INITRANS 1 MAXTRANS 255
 NOCOMPRESS LOGGING
  STORAGE(INITIAL 65536 NEXT 1048576 MINEXTENTS 1 MAXEXTENTS 2147483645
  PCTINCREASE 0 FREELISTS 1 FREELIST GROUPS 1
  BUFFER_POOL DEFAULT FLASH_CACHE DEFAULT CELL_FLASH_CACHE DEFAULT)
  TABLESPACE "USERS"
 LOB ("CONTENT") STORE AS SECUREFILE (
  TABLESPACE "USERS" ENABLE STORAGE IN ROW 4000 CHUNK 8192
  NOCACHE LOGGING  NOCOMPRESS  KEEP_DUPLICATES
  STORAGE(INITIAL 262144 NEXT 1048576 MINEXTENTS 1 MAXEXTENTS 2147483645
  PCTINCREASE 0
  BUFFER_POOL DEFAULT FLASH_CACHE DEFAULT CELL_FLASH_CACHE DEFAULT)) ;

COMMENT ON COLUMN "BNKPROJECT"."EMAILCOUNSEL"."USERID" IS '문의자 ID (FK)';
   COMMENT ON COLUMN "BNKPROJECT"."EMAILCOUNSEL"."TITLE" IS '제목';
   COMMENT ON COLUMN "BNKPROJECT"."EMAILCOUNSEL"."CONTENT" IS '본문';
   COMMENT ON COLUMN "BNKPROJECT"."EMAILCOUNSEL"."STATUS" IS '상태(REGISTERED/COMPLETED 등)';
   COMMENT ON COLUMN "BNKPROJECT"."EMAILCOUNSEL"."CREATEDAT" IS '생성일';
   COMMENT ON COLUMN "BNKPROJECT"."EMAILCOUNSEL"."UPDATEDAT" IS '수정일';
   COMMENT ON COLUMN "BNKPROJECT"."EMAILCOUNSEL"."RESPONSE" IS '응답';
   COMMENT ON COLUMN "BNKPROJECT"."EMAILCOUNSEL"."ECOUNSELID" IS '이메일 문의 ID (PK)';
   COMMENT ON COLUMN "BNKPROJECT"."EMAILCOUNSEL"."CSCATEGORY" IS '이메일 문의 유형 (예금, 대출,카드,기타)';
   COMMENT ON TABLE "BNKPROJECT"."EMAILCOUNSEL"  IS '이메일 상담 내역 관리.
사용자 문의 제목·내용·처리상태를 저장.';
--------------------------------------------------------
--  DDL for Table EMPLOYEE
--------------------------------------------------------

CREATE TABLE "BNKPROJECT"."EMPLOYEE"
(	"EMPID" NUMBER,
     "BRANCHID" NUMBER,
     "EMPNAME" VARCHAR2(50 BYTE),
     "EMPCODE" VARCHAR2(20 BYTE),
     "POSITION" VARCHAR2(50 BYTE),
     "DEPARTMENT" VARCHAR2(50 BYTE),
     "EMAIL" VARCHAR2(100 BYTE),
     "TEL" VARCHAR2(20 BYTE),
     "HIREDATE" DATE DEFAULT SYSDATE,
     "STATUS" CHAR(1 BYTE) DEFAULT 'Y',
	"CREATEDAT" TIMESTAMP (6) DEFAULT SYSTIMESTAMP,
	"UPDATEDAT" TIMESTAMP (6) DEFAULT SYSTIMESTAMP
   ) SEGMENT CREATION IMMEDIATE
  PCTFREE 10 PCTUSED 40 INITRANS 1 MAXTRANS 255
 NOCOMPRESS LOGGING
  STORAGE(INITIAL 65536 NEXT 1048576 MINEXTENTS 1 MAXEXTENTS 2147483645
  PCTINCREASE 0 FREELISTS 1 FREELIST GROUPS 1
  BUFFER_POOL DEFAULT FLASH_CACHE DEFAULT CELL_FLASH_CACHE DEFAULT)
  TABLESPACE "USERS" ;
--------------------------------------------------------
--  DDL for Table FAQ
--------------------------------------------------------

CREATE TABLE "BNKPROJECT"."FAQ"
(	"FAQID" NUMBER GENERATED ALWAYS AS IDENTITY MINVALUE 1 MAXVALUE 9999999999999999999999999999 INCREMENT BY 1 START WITH 17 CACHE 20 NOORDER  NOCYCLE  NOKEEP  NOSCALE ,
     "GROUPCODE" VARCHAR2(255 CHAR),
     "FAQCATEGORY" VARCHAR2(255 CHAR),
     "QUESTION" VARCHAR2(255 CHAR),
     "ANSWER" CLOB,
     "CREATEDAT" DATE DEFAULT SYSDATE,
     "UPDATEDAT" DATE,
     "STATUS" VARCHAR2(255 CHAR) DEFAULT 'Y'
) SEGMENT CREATION IMMEDIATE
  PCTFREE 10 PCTUSED 40 INITRANS 1 MAXTRANS 255
 NOCOMPRESS LOGGING
  STORAGE(INITIAL 65536 NEXT 1048576 MINEXTENTS 1 MAXEXTENTS 2147483645
  PCTINCREASE 0 FREELISTS 1 FREELIST GROUPS 1
  BUFFER_POOL DEFAULT FLASH_CACHE DEFAULT CELL_FLASH_CACHE DEFAULT)
  TABLESPACE "USERS"
 LOB ("ANSWER") STORE AS SECUREFILE (
  TABLESPACE "USERS" ENABLE STORAGE IN ROW 4000 CHUNK 8192
  NOCACHE LOGGING  NOCOMPRESS  KEEP_DUPLICATES
  STORAGE(INITIAL 262144 NEXT 1048576 MINEXTENTS 1 MAXEXTENTS 2147483645
  PCTINCREASE 0
  BUFFER_POOL DEFAULT FLASH_CACHE DEFAULT CELL_FLASH_CACHE DEFAULT)) ;

COMMENT ON COLUMN "BNKPROJECT"."FAQ"."GROUPCODE" IS 'FAQ 유형 코드 (FK)';
   COMMENT ON COLUMN "BNKPROJECT"."FAQ"."FAQCATEGORY" IS 'FAQ 유형 코드 (FK)';
   COMMENT ON COLUMN "BNKPROJECT"."FAQ"."QUESTION" IS '질문';
   COMMENT ON COLUMN "BNKPROJECT"."FAQ"."ANSWER" IS '답변 내용';
   COMMENT ON COLUMN "BNKPROJECT"."FAQ"."CREATEDAT" IS '생성일';
   COMMENT ON COLUMN "BNKPROJECT"."FAQ"."UPDATEDAT" IS '수정일';
   COMMENT ON COLUMN "BNKPROJECT"."FAQ"."STATUS" IS '사용 상태(Y/N)';
   COMMENT ON COLUMN "BNKPROJECT"."FAQ"."FAQID" IS 'FAQ 유형 코드 (PK)';
   COMMENT ON TABLE "BNKPROJECT"."FAQ"  IS '자주 묻는 질문(FAQ)을 유형별로 관리.
codeDetail의 FAQ 카테고리 코드와 연결.';
--------------------------------------------------------
--  DDL for Table HIRE
--------------------------------------------------------

CREATE TABLE "BNKPROJECT"."HIRE"
(	"HIRENO" NUMBER,
     "DEPARTMENT" VARCHAR2(100 BYTE),
     "HIRETITLE" VARCHAR2(200 BYTE),
     "HIRESTATUS" VARCHAR2(20 BYTE),
     "CREATEDAT" DATE DEFAULT SYSDATE,
     "UPDATEDAT" DATE,
     "STATUS" CHAR(1 BYTE) DEFAULT 'Y'
   ) SEGMENT CREATION DEFERRED
  PCTFREE 10 PCTUSED 40 INITRANS 1 MAXTRANS 255
 NOCOMPRESS LOGGING
  TABLESPACE "USERS" ;

COMMENT ON COLUMN "BNKPROJECT"."HIRE"."HIRENO" IS '공고 ID (PK)';
   COMMENT ON COLUMN "BNKPROJECT"."HIRE"."DEPARTMENT" IS '모집 부서';
   COMMENT ON COLUMN "BNKPROJECT"."HIRE"."HIRETITLE" IS '공고 제목';
   COMMENT ON COLUMN "BNKPROJECT"."HIRE"."HIRESTATUS" IS '상태(모집중, 마감 등)';
   COMMENT ON COLUMN "BNKPROJECT"."HIRE"."CREATEDAT" IS '생성일';
   COMMENT ON COLUMN "BNKPROJECT"."HIRE"."UPDATEDAT" IS '수정일';
   COMMENT ON COLUMN "BNKPROJECT"."HIRE"."STATUS" IS '활성 여부(Y/N)';
   COMMENT ON TABLE "BNKPROJECT"."HIRE"  IS '인재채용 공고 관리.
부서, 제목, 상태, 모집기간 등 채용 정보를 저장.';
--------------------------------------------------------
--  DDL for Table LOGACTIVITY
--------------------------------------------------------

CREATE TABLE "BNKPROJECT"."LOGACTIVITY"
(	"LOGID" NUMBER,
     "USERID" NUMBER,
     "ADMINID" NUMBER,
     "ACTIONTYPE" VARCHAR2(50 BYTE),
     "IPADDRESS" VARCHAR2(50 BYTE),
     "DESCRIPTION" VARCHAR2(500 BYTE),
     "CREATEDAT" DATE DEFAULT SYSDATE,
     "UPDATEDAT" DATE,
     "STATUS" CHAR(1 BYTE) DEFAULT 'Y'
   ) SEGMENT CREATION DEFERRED
  PCTFREE 10 PCTUSED 40 INITRANS 1 MAXTRANS 255
 NOCOMPRESS LOGGING
  TABLESPACE "USERS" ;

COMMENT ON COLUMN "BNKPROJECT"."LOGACTIVITY"."LOGID" IS '로그 ID (PK)';
   COMMENT ON COLUMN "BNKPROJECT"."LOGACTIVITY"."USERID" IS '사용자 ID (FK)';
   COMMENT ON COLUMN "BNKPROJECT"."LOGACTIVITY"."ADMINID" IS '관리자 ID (FK)';
   COMMENT ON COLUMN "BNKPROJECT"."LOGACTIVITY"."ACTIONTYPE" IS '활동 유형 (VIEW, CREATE 등)';
   COMMENT ON COLUMN "BNKPROJECT"."LOGACTIVITY"."IPADDRESS" IS '접속 IP';
   COMMENT ON COLUMN "BNKPROJECT"."LOGACTIVITY"."DESCRIPTION" IS '상세설명';
   COMMENT ON COLUMN "BNKPROJECT"."LOGACTIVITY"."CREATEDAT" IS '생성일';
   COMMENT ON COLUMN "BNKPROJECT"."LOGACTIVITY"."UPDATEDAT" IS '수정일';
   COMMENT ON COLUMN "BNKPROJECT"."LOGACTIVITY"."STATUS" IS '상태(Y/N)';
   COMMENT ON TABLE "BNKPROJECT"."LOGACTIVITY"  IS '사용자/관리자 활동 기록 로그.
IP, 행동유형, 설명 등을 저장하여 감사용으로 활용.';
--------------------------------------------------------
--  DDL for Table PRICEHISTORY
--------------------------------------------------------

CREATE TABLE "BNKPROJECT"."PRICEHISTORY"
(	"ID" NUMBER GENERATED ALWAYS AS IDENTITY MINVALUE 1 MAXVALUE 9999999999999999999999999999 INCREMENT BY 1 START WITH 1 CACHE 20 NOORDER  NOCYCLE  NOKEEP  NOSCALE ,
     "SYMBOL" VARCHAR2(20 BYTE),
     "PRICE" NUMBER(20,8),
     "CREATEDAT" TIMESTAMP (6)
) SEGMENT CREATION IMMEDIATE
  PCTFREE 10 PCTUSED 40 INITRANS 1 MAXTRANS 255
 NOCOMPRESS LOGGING
  STORAGE(INITIAL 65536 NEXT 1048576 MINEXTENTS 1 MAXEXTENTS 2147483645
  PCTINCREASE 0 FREELISTS 1 FREELIST GROUPS 1
  BUFFER_POOL DEFAULT FLASH_CACHE DEFAULT CELL_FLASH_CACHE DEFAULT)
  TABLESPACE "USERS" ;

COMMENT ON COLUMN "BNKPROJECT"."PRICEHISTORY"."SYMBOL" IS 'BTC, XAU, OIL (XAU가 금)';
   COMMENT ON COLUMN "BNKPROJECT"."PRICEHISTORY"."PRICE" IS '시세';
   COMMENT ON COLUMN "BNKPROJECT"."PRICEHISTORY"."CREATEDAT" IS '생성일';
   COMMENT ON TABLE "BNKPROJECT"."PRICEHISTORY"  IS '비트코인, 금, 오일 시세 기록 테이블';
--------------------------------------------------------
--  DDL for Table PRODUCT
--------------------------------------------------------

CREATE TABLE "BNKPROJECT"."PRODUCT"
(	"PRODUCTNO" NUMBER,
     "PRODUCTNAME" VARCHAR2(200 BYTE),
     "PRODUCTTYPE" VARCHAR2(10 BYTE),
     "CATEGORYID" NUMBER,
     "DESCRIPTION" CLOB,
     "BASERATE" NUMBER(5,2),
     "MATURITYRATE" NUMBER(5,2),
     "EARLYTERMINATERATE" NUMBER(5,2),
     "MONTHLYAMOUNT" NUMBER(15,2),
     "SAVINGTERM" NUMBER(3,0),
     "DEPOSITAMOUNT" NUMBER(15,2),
     "INTERESTMETHOD" VARCHAR2(50 BYTE),
     "PAYCYCLE" VARCHAR2(50 BYTE),
     "ENDDATE" DATE,
     "ADMINID" NUMBER,
     "CREATEDAT" DATE DEFAULT SYSDATE,
     "UPDATEDAT" DATE,
     "STATUS" CHAR(1 BYTE) DEFAULT 'Y'
   ) SEGMENT CREATION IMMEDIATE
  PCTFREE 10 PCTUSED 40 INITRANS 1 MAXTRANS 255
 NOCOMPRESS LOGGING
  STORAGE(INITIAL 65536 NEXT 1048576 MINEXTENTS 1 MAXEXTENTS 2147483645
  PCTINCREASE 0 FREELISTS 1 FREELIST GROUPS 1
  BUFFER_POOL DEFAULT FLASH_CACHE DEFAULT CELL_FLASH_CACHE DEFAULT)
  TABLESPACE "USERS"
 LOB ("DESCRIPTION") STORE AS SECUREFILE (
  TABLESPACE "USERS" ENABLE STORAGE IN ROW 4000 CHUNK 8192
  NOCACHE LOGGING  NOCOMPRESS  KEEP_DUPLICATES
  STORAGE(INITIAL 262144 NEXT 1048576 MINEXTENTS 1 MAXEXTENTS 2147483645
  PCTINCREASE 0
  BUFFER_POOL DEFAULT FLASH_CACHE DEFAULT CELL_FLASH_CACHE DEFAULT)) ;

COMMENT ON COLUMN "BNKPROJECT"."PRODUCT"."PRODUCTNO" IS '상품번호';
   COMMENT ON COLUMN "BNKPROJECT"."PRODUCT"."PRODUCTNAME" IS '상품이름';
   COMMENT ON COLUMN "BNKPROJECT"."PRODUCT"."PRODUCTTYPE" IS '상품타입코드(예: 예금 1, 적금 2)';
   COMMENT ON COLUMN "BNKPROJECT"."PRODUCT"."CATEGORYID" IS '상품카테고리 ID(FK)';
   COMMENT ON COLUMN "BNKPROJECT"."PRODUCT"."DESCRIPTION" IS '상품설명';
   COMMENT ON COLUMN "BNKPROJECT"."PRODUCT"."BASERATE" IS '기준금리(%)';
   COMMENT ON COLUMN "BNKPROJECT"."PRODUCT"."MATURITYRATE" IS '만기 적용 이율(%)';
   COMMENT ON COLUMN "BNKPROJECT"."PRODUCT"."EARLYTERMINATERATE" IS '중도해지 이율(%)';
   COMMENT ON COLUMN "BNKPROJECT"."PRODUCT"."MONTHLYAMOUNT" IS '월 납입액(적금 전용)';
   COMMENT ON COLUMN "BNKPROJECT"."PRODUCT"."SAVINGTERM" IS '적립기간(개월, 적금 전용)';
   COMMENT ON COLUMN "BNKPROJECT"."PRODUCT"."DEPOSITAMOUNT" IS '예치금(예금 전용), 일시 예치 금액';
   COMMENT ON COLUMN "BNKPROJECT"."PRODUCT"."INTERESTMETHOD" IS '이자 계산 방식(단리/복리/만기지금/월지급 등)';
   COMMENT ON COLUMN "BNKPROJECT"."PRODUCT"."PAYCYCLE" IS '납입 주기';
   COMMENT ON COLUMN "BNKPROJECT"."PRODUCT"."ENDDATE" IS '상품 종료일';
   COMMENT ON COLUMN "BNKPROJECT"."PRODUCT"."ADMINID" IS '관리자ID(FK)';
   COMMENT ON COLUMN "BNKPROJECT"."PRODUCT"."CREATEDAT" IS '상품정보 DB 생성일';
   COMMENT ON COLUMN "BNKPROJECT"."PRODUCT"."UPDATEDAT" IS '상품정보 최종 수정일';
   COMMENT ON COLUMN "BNKPROJECT"."PRODUCT"."STATUS" IS '상품상태(Y/N): 현재 판매중인지 여부';
   COMMENT ON TABLE "BNKPROJECT"."PRODUCT"  IS '실제 금융 상품 정보 관리: 예금/적금 등 모든 상품의 금리, 납입, 기간, 상태를 통합 저장';
--------------------------------------------------------
--  DDL for Table PRODUCTDETAIL
--------------------------------------------------------

CREATE TABLE "BNKPROJECT"."PRODUCTDETAIL"
(	"PRODUCTNO" NUMBER,
     "ELIGIBILITY" VARCHAR2(500 BYTE),
     "MINAMOUNT" NUMBER(15,2),
     "DEPOSITTYPE" VARCHAR2(50 BYTE),
     "PAYMENTMETHOD" VARCHAR2(50 BYTE),
     "REQUIREDDOCS" VARCHAR2(200 BYTE),
     "TAXBENEFIT" VARCHAR2(200 BYTE),
     "PAYMENTLIMIT" CLOB,
     "INTERESTPAYMENT" VARCHAR2(100 BYTE),
     "PREMIUMRATEINFO" CLOB,
     "PRODUCTFEATURES" CLOB,
     "NOTICE" CLOB,
     "IMAGEURL" VARCHAR2(200 BYTE),
     "CREATEDAT" DATE DEFAULT SYSDATE,
     "UPDATEDAT" DATE
) SEGMENT CREATION IMMEDIATE
  PCTFREE 10 PCTUSED 40 INITRANS 1 MAXTRANS 255
 NOCOMPRESS LOGGING
  STORAGE(INITIAL 65536 NEXT 1048576 MINEXTENTS 1 MAXEXTENTS 2147483645
  PCTINCREASE 0 FREELISTS 1 FREELIST GROUPS 1
  BUFFER_POOL DEFAULT FLASH_CACHE DEFAULT CELL_FLASH_CACHE DEFAULT)
  TABLESPACE "USERS"
 LOB ("PAYMENTLIMIT") STORE AS SECUREFILE (
  TABLESPACE "USERS" ENABLE STORAGE IN ROW 4000 CHUNK 8192
  NOCACHE LOGGING  NOCOMPRESS  KEEP_DUPLICATES
  STORAGE(INITIAL 262144 NEXT 1048576 MINEXTENTS 1 MAXEXTENTS 2147483645
  PCTINCREASE 0
  BUFFER_POOL DEFAULT FLASH_CACHE DEFAULT CELL_FLASH_CACHE DEFAULT))
 LOB ("PREMIUMRATEINFO") STORE AS SECUREFILE (
  TABLESPACE "USERS" ENABLE STORAGE IN ROW 4000 CHUNK 8192
  NOCACHE LOGGING  NOCOMPRESS  KEEP_DUPLICATES
  STORAGE(INITIAL 262144 NEXT 1048576 MINEXTENTS 1 MAXEXTENTS 2147483645
  PCTINCREASE 0
  BUFFER_POOL DEFAULT FLASH_CACHE DEFAULT CELL_FLASH_CACHE DEFAULT))
 LOB ("PRODUCTFEATURES") STORE AS SECUREFILE (
  TABLESPACE "USERS" ENABLE STORAGE IN ROW 4000 CHUNK 8192
  NOCACHE LOGGING  NOCOMPRESS  KEEP_DUPLICATES
  STORAGE(INITIAL 262144 NEXT 1048576 MINEXTENTS 1 MAXEXTENTS 2147483645
  PCTINCREASE 0
  BUFFER_POOL DEFAULT FLASH_CACHE DEFAULT CELL_FLASH_CACHE DEFAULT))
 LOB ("NOTICE") STORE AS SECUREFILE (
  TABLESPACE "USERS" ENABLE STORAGE IN ROW 4000 CHUNK 8192
  NOCACHE LOGGING  NOCOMPRESS  KEEP_DUPLICATES
  STORAGE(INITIAL 262144 NEXT 1048576 MINEXTENTS 1 MAXEXTENTS 2147483645
  PCTINCREASE 0
  BUFFER_POOL DEFAULT FLASH_CACHE DEFAULT CELL_FLASH_CACHE DEFAULT)) ;

COMMENT ON COLUMN "BNKPROJECT"."PRODUCTDETAIL"."PRODUCTNO" IS '상품번호 (FK)';
   COMMENT ON COLUMN "BNKPROJECT"."PRODUCTDETAIL"."ELIGIBILITY" IS '가입자격';
   COMMENT ON COLUMN "BNKPROJECT"."PRODUCTDETAIL"."MINAMOUNT" IS '최소 가입금액';
   COMMENT ON COLUMN "BNKPROJECT"."PRODUCTDETAIL"."DEPOSITTYPE" IS '예금과목 (정기예금/정기적금)';
   COMMENT ON COLUMN "BNKPROJECT"."PRODUCTDETAIL"."PAYMENTMETHOD" IS '납입방법 (거치식/적립식)';
   COMMENT ON COLUMN "BNKPROJECT"."PRODUCTDETAIL"."REQUIREDDOCS" IS '필요서류';
   COMMENT ON COLUMN "BNKPROJECT"."PRODUCTDETAIL"."TAXBENEFIT" IS '세제혜택';
   COMMENT ON COLUMN "BNKPROJECT"."PRODUCTDETAIL"."PAYMENTLIMIT" IS '원금/이자지급제한';
   COMMENT ON COLUMN "BNKPROJECT"."PRODUCTDETAIL"."INTERESTPAYMENT" IS '이자지급방식';
   COMMENT ON COLUMN "BNKPROJECT"."PRODUCTDETAIL"."PREMIUMRATEINFO" IS '우대이율 상세 정보';
   COMMENT ON COLUMN "BNKPROJECT"."PRODUCTDETAIL"."PRODUCTFEATURES" IS '상품특징';
   COMMENT ON COLUMN "BNKPROJECT"."PRODUCTDETAIL"."NOTICE" IS '유의사항';
   COMMENT ON COLUMN "BNKPROJECT"."PRODUCTDETAIL"."IMAGEURL" IS '상품 이미지 경로';
   COMMENT ON COLUMN "BNKPROJECT"."PRODUCTDETAIL"."CREATEDAT" IS '생성일';
   COMMENT ON COLUMN "BNKPROJECT"."PRODUCTDETAIL"."UPDATEDAT" IS '수정일';
   COMMENT ON TABLE "BNKPROJECT"."PRODUCTDETAIL"  IS '상품 상세 정보';
--------------------------------------------------------
--  DDL for Table PRODUCTJOINTYPE
--------------------------------------------------------

CREATE TABLE "BNKPROJECT"."PRODUCTJOINTYPE"
(	"PRODUCTNO" NUMBER,
     "JOINTYPE" VARCHAR2(20 BYTE)
) SEGMENT CREATION IMMEDIATE
  PCTFREE 10 PCTUSED 40 INITRANS 1 MAXTRANS 255
 NOCOMPRESS LOGGING
  STORAGE(INITIAL 65536 NEXT 1048576 MINEXTENTS 1 MAXEXTENTS 2147483645
  PCTINCREASE 0 FREELISTS 1 FREELIST GROUPS 1
  BUFFER_POOL DEFAULT FLASH_CACHE DEFAULT CELL_FLASH_CACHE DEFAULT)
  TABLESPACE "USERS" ;
--------------------------------------------------------
--  DDL for Table PRODUCTTERMS
--------------------------------------------------------

CREATE TABLE "BNKPROJECT"."PRODUCTTERMS"
(	"TERMID" NUMBER,
     "PRODUCTNO" NUMBER,
     "TERMTYPE" VARCHAR2(50 BYTE),
     "TERMTITLE" VARCHAR2(200 BYTE),
     "TERMCONTENT" CLOB,
     "ISREQUIRED" CHAR(1 BYTE) DEFAULT 'Y',
	"DISPLAYORDER" NUMBER DEFAULT 1,
	"CREATEDAT" DATE DEFAULT SYSDATE,
	"UPDATEDAT" DATE,
	"STATUS" CHAR(1 BYTE) DEFAULT 'Y'
   ) SEGMENT CREATION IMMEDIATE
  PCTFREE 10 PCTUSED 40 INITRANS 1 MAXTRANS 255
 NOCOMPRESS LOGGING
  STORAGE(INITIAL 65536 NEXT 1048576 MINEXTENTS 1 MAXEXTENTS 2147483645
  PCTINCREASE 0 FREELISTS 1 FREELIST GROUPS 1
  BUFFER_POOL DEFAULT FLASH_CACHE DEFAULT CELL_FLASH_CACHE DEFAULT)
  TABLESPACE "USERS"
 LOB ("TERMCONTENT") STORE AS SECUREFILE (
  TABLESPACE "USERS" ENABLE STORAGE IN ROW 4000 CHUNK 8192
  NOCACHE LOGGING  NOCOMPRESS  KEEP_DUPLICATES
  STORAGE(INITIAL 262144 NEXT 1048576 MINEXTENTS 1 MAXEXTENTS 2147483645
  PCTINCREASE 0
  BUFFER_POOL DEFAULT FLASH_CACHE DEFAULT CELL_FLASH_CACHE DEFAULT)) ;

COMMENT ON COLUMN "BNKPROJECT"."PRODUCTTERMS"."TERMID" IS '약관 ID (PK)';
   COMMENT ON COLUMN "BNKPROJECT"."PRODUCTTERMS"."PRODUCTNO" IS '상품번호 (FK)';
   COMMENT ON COLUMN "BNKPROJECT"."PRODUCTTERMS"."TERMTYPE" IS '약관 유형 (ESSENTIAL: 필수, OPTIONAL: 선택)';
   COMMENT ON COLUMN "BNKPROJECT"."PRODUCTTERMS"."TERMTITLE" IS '약관 제목';
   COMMENT ON COLUMN "BNKPROJECT"."PRODUCTTERMS"."TERMCONTENT" IS '약관 내용';
   COMMENT ON COLUMN "BNKPROJECT"."PRODUCTTERMS"."ISREQUIRED" IS '필수 동의 여부 (Y: 필수, N: 선택)';
   COMMENT ON COLUMN "BNKPROJECT"."PRODUCTTERMS"."DISPLAYORDER" IS '표시 순서';
   COMMENT ON COLUMN "BNKPROJECT"."PRODUCTTERMS"."CREATEDAT" IS '생성일';
   COMMENT ON COLUMN "BNKPROJECT"."PRODUCTTERMS"."UPDATEDAT" IS '수정일';
   COMMENT ON COLUMN "BNKPROJECT"."PRODUCTTERMS"."STATUS" IS '상태 (Y: 활성, N: 비활성)';
   COMMENT ON TABLE "BNKPROJECT"."PRODUCTTERMS"  IS '상품별 약관 정보';
--------------------------------------------------------
--  DDL for Table QUIZ
--------------------------------------------------------

CREATE TABLE "BNKPROJECT"."QUIZ"
(	"QUIZID" NUMBER(19,0) GENERATED BY DEFAULT AS IDENTITY MINVALUE 1 MAXVALUE 9999999999999999999999999999 INCREMENT BY 1 START WITH 1 CACHE 20 NOORDER  NOCYCLE  NOKEEP  NOSCALE ,
     "CATEGORY" VARCHAR2(50 CHAR),
     "CORRECTANSWER" NUMBER(10,0),
     "CREATEDDATE" TIMESTAMP (6),
     "DIFFICULTY" NUMBER(10,0),
     "EXPLANATION" VARCHAR2(1000 CHAR),
     "OPTIONSJSON" CLOB,
     "QUESTION" VARCHAR2(500 CHAR),
     "UPDATEDDATE" TIMESTAMP (6),
     "UPDATED_DATE" TIMESTAMP (6)
) SEGMENT CREATION IMMEDIATE
  PCTFREE 10 PCTUSED 40 INITRANS 1 MAXTRANS 255
 NOCOMPRESS LOGGING
  STORAGE(INITIAL 65536 NEXT 1048576 MINEXTENTS 1 MAXEXTENTS 2147483645
  PCTINCREASE 0 FREELISTS 1 FREELIST GROUPS 1
  BUFFER_POOL DEFAULT FLASH_CACHE DEFAULT CELL_FLASH_CACHE DEFAULT)
  TABLESPACE "USERS"
 LOB ("OPTIONSJSON") STORE AS SECUREFILE (
  TABLESPACE "USERS" ENABLE STORAGE IN ROW 4000 CHUNK 8192
  NOCACHE LOGGING  NOCOMPRESS  KEEP_DUPLICATES
  STORAGE(INITIAL 262144 NEXT 1048576 MINEXTENTS 1 MAXEXTENTS 2147483645
  PCTINCREASE 0
  BUFFER_POOL DEFAULT FLASH_CACHE DEFAULT CELL_FLASH_CACHE DEFAULT)) ;
--------------------------------------------------------
--  DDL for Table SECURELOG
--------------------------------------------------------

CREATE TABLE "BNKPROJECT"."SECURELOG"
(	"LOGID" NUMBER,
     "ADMINID" NUMBER,
     "LOGDATETIME" DATE DEFAULT SYSDATE,
     "EVENTTYPE" VARCHAR2(50 BYTE),
     "DETAILCONTENT" CLOB,
     "CREATEDAT" DATE DEFAULT SYSDATE,
     "UPDATEDAT" DATE,
     "STATUS" CHAR(1 BYTE) DEFAULT 'Y'
   ) SEGMENT CREATION DEFERRED
  PCTFREE 10 PCTUSED 40 INITRANS 1 MAXTRANS 255
 NOCOMPRESS LOGGING
  TABLESPACE "USERS"
 LOB ("DETAILCONTENT") STORE AS SECUREFILE (
  TABLESPACE "USERS" ENABLE STORAGE IN ROW 4000 CHUNK 8192
  NOCACHE LOGGING  NOCOMPRESS  KEEP_DUPLICATES ) ;

COMMENT ON COLUMN "BNKPROJECT"."SECURELOG"."LOGID" IS '로그 식별자 (PK)';
   COMMENT ON COLUMN "BNKPROJECT"."SECURELOG"."ADMINID" IS '관리자 ID (FK)';
   COMMENT ON COLUMN "BNKPROJECT"."SECURELOG"."LOGDATETIME" IS '이벤트 발생 시각';
   COMMENT ON COLUMN "BNKPROJECT"."SECURELOG"."EVENTTYPE" IS '이벤트 유형 (LOGIN, DELETE 등)';
   COMMENT ON COLUMN "BNKPROJECT"."SECURELOG"."DETAILCONTENT" IS '상세 내용';
   COMMENT ON COLUMN "BNKPROJECT"."SECURELOG"."CREATEDAT" IS '생성일';
   COMMENT ON COLUMN "BNKPROJECT"."SECURELOG"."UPDATEDAT" IS '수정일';
   COMMENT ON COLUMN "BNKPROJECT"."SECURELOG"."STATUS" IS '로그 활성 상태';
   COMMENT ON TABLE "BNKPROJECT"."SECURELOG"  IS '관리자 로그인 및 시스템 접근, 중요 변경 내역을 기록하는 보안 로그.';
--------------------------------------------------------
--  DDL for Table SECURITYSETTINGS
--------------------------------------------------------

CREATE TABLE "BNKPROJECT"."SECURITYSETTINGS"
(	"SETTINGKEY" VARCHAR2(50 BYTE),
     "SETTINGVALUE" VARCHAR2(500 BYTE),
     "SETTINGTYPE" VARCHAR2(20 BYTE) DEFAULT 'STRING',
     "SETTINGDESC" VARCHAR2(200 BYTE),
     "UPDATEDDATE" DATE DEFAULT SYSDATE,
     "UPDATEDBY" VARCHAR2(50 BYTE),
     "USEYN" CHAR(1 BYTE) DEFAULT 'Y'
   ) SEGMENT CREATION IMMEDIATE
  PCTFREE 10 PCTUSED 40 INITRANS 1 MAXTRANS 255
 NOCOMPRESS LOGGING
  STORAGE(INITIAL 65536 NEXT 1048576 MINEXTENTS 1 MAXEXTENTS 2147483645
  PCTINCREASE 0 FREELISTS 1 FREELIST GROUPS 1
  BUFFER_POOL DEFAULT FLASH_CACHE DEFAULT CELL_FLASH_CACHE DEFAULT)
  TABLESPACE "USERS" ;

COMMENT ON COLUMN "BNKPROJECT"."SECURITYSETTINGS"."SETTINGKEY" IS '보안 설정 키 (PK)';
   COMMENT ON COLUMN "BNKPROJECT"."SECURITYSETTINGS"."SETTINGVALUE" IS '설정 값';
   COMMENT ON COLUMN "BNKPROJECT"."SECURITYSETTINGS"."SETTINGTYPE" IS '데이터 타입 (NUMBER, STRING, DATE, BOOLEAN)';
   COMMENT ON COLUMN "BNKPROJECT"."SECURITYSETTINGS"."SETTINGDESC" IS '설정 설명';
   COMMENT ON COLUMN "BNKPROJECT"."SECURITYSETTINGS"."UPDATEDDATE" IS '최종 수정일';
   COMMENT ON COLUMN "BNKPROJECT"."SECURITYSETTINGS"."UPDATEDBY" IS '최종 수정자';
   COMMENT ON COLUMN "BNKPROJECT"."SECURITYSETTINGS"."USEYN" IS '사용 여부 (Y/N)';
   COMMENT ON TABLE "BNKPROJECT"."SECURITYSETTINGS"  IS '관리자 보안 설정 정보';
--------------------------------------------------------
--  DDL for Table SITESETTINGS
--------------------------------------------------------

CREATE TABLE "BNKPROJECT"."SITESETTINGS"
(	"SETTINGKEY" VARCHAR2(50 BYTE),
     "SETTINGVALUE" VARCHAR2(500 BYTE),
     "SETTINGDESC" VARCHAR2(200 BYTE),
     "UPDATEDDATE" DATE DEFAULT SYSDATE,
     "UPDATEDBY" VARCHAR2(50 BYTE)
) SEGMENT CREATION IMMEDIATE
  PCTFREE 10 PCTUSED 40 INITRANS 1 MAXTRANS 255
 NOCOMPRESS LOGGING
  STORAGE(INITIAL 65536 NEXT 1048576 MINEXTENTS 1 MAXEXTENTS 2147483645
  PCTINCREASE 0 FREELISTS 1 FREELIST GROUPS 1
  BUFFER_POOL DEFAULT FLASH_CACHE DEFAULT CELL_FLASH_CACHE DEFAULT)
  TABLESPACE "USERS" ;
--------------------------------------------------------
--  DDL for Table TERM
--------------------------------------------------------

CREATE TABLE "BNKPROJECT"."TERM"
(	"TERMNO" NUMBER,
     "GROUPCODE" VARCHAR2(10 BYTE),
     "TERMTYPE" VARCHAR2(10 BYTE),
     "TERMVERSION" VARCHAR2(10 BYTE),
     "TERMTITLE" VARCHAR2(200 BYTE),
     "TERMCONTENT" CLOB,
     "APPLYDATE" DATE,
     "CREATEDAT" DATE DEFAULT SYSDATE,
     "UPDATEDAT" DATE,
     "STATUS" CHAR(1 BYTE) DEFAULT 'Y'
   ) SEGMENT CREATION IMMEDIATE
  PCTFREE 10 PCTUSED 40 INITRANS 1 MAXTRANS 255
 NOCOMPRESS LOGGING
  STORAGE(INITIAL 65536 NEXT 1048576 MINEXTENTS 1 MAXEXTENTS 2147483645
  PCTINCREASE 0 FREELISTS 1 FREELIST GROUPS 1
  BUFFER_POOL DEFAULT FLASH_CACHE DEFAULT CELL_FLASH_CACHE DEFAULT)
  TABLESPACE "USERS"
 LOB ("TERMCONTENT") STORE AS SECUREFILE (
  TABLESPACE "USERS" ENABLE STORAGE IN ROW 4000 CHUNK 8192
  NOCACHE LOGGING  NOCOMPRESS  KEEP_DUPLICATES
  STORAGE(INITIAL 262144 NEXT 1048576 MINEXTENTS 1 MAXEXTENTS 2147483645
  PCTINCREASE 0
  BUFFER_POOL DEFAULT FLASH_CACHE DEFAULT CELL_FLASH_CACHE DEFAULT)) ;

COMMENT ON COLUMN "BNKPROJECT"."TERM"."TERMNO" IS '약관 번호 (PK)';
   COMMENT ON COLUMN "BNKPROJECT"."TERM"."GROUPCODE" IS '약관 유형 그룹';
   COMMENT ON COLUMN "BNKPROJECT"."TERM"."TERMTYPE" IS '약관 유형 세부 코드';
   COMMENT ON COLUMN "BNKPROJECT"."TERM"."TERMVERSION" IS '약관 버전';
   COMMENT ON COLUMN "BNKPROJECT"."TERM"."TERMTITLE" IS '약관 제목';
   COMMENT ON COLUMN "BNKPROJECT"."TERM"."TERMCONTENT" IS '약관 내용';
   COMMENT ON COLUMN "BNKPROJECT"."TERM"."APPLYDATE" IS '적용일';
   COMMENT ON COLUMN "BNKPROJECT"."TERM"."CREATEDAT" IS '생성일';
   COMMENT ON COLUMN "BNKPROJECT"."TERM"."UPDATEDAT" IS '수정일';
   COMMENT ON COLUMN "BNKPROJECT"."TERM"."STATUS" IS '상태(Y/N)';
   COMMENT ON TABLE "BNKPROJECT"."TERM"  IS '각 약관의 버전·적용일·내용을 관리.
codeDetail을 참조해 약관유형(TERM_TYPE)을 구분.';
--------------------------------------------------------
--  DDL for Table USERLEVEL
--------------------------------------------------------

CREATE TABLE "BNKPROJECT"."USERLEVEL"
(	"LEVELID" NUMBER(19,0) GENERATED BY DEFAULT AS IDENTITY MINVALUE 1 MAXVALUE 9999999999999999999999999999 INCREMENT BY 1 START WITH 1 CACHE 20 NOORDER  NOCYCLE  NOKEEP  NOSCALE ,
     "CREATEDDATE" TIMESTAMP (6),
     "CURRENTLEVEL" NUMBER(10,0),
     "INTERESTBONUS" NUMBER(3,2),
     "TIER" VARCHAR2(50 CHAR),
     "TOTALPOINTS" NUMBER(10,0),
     "UPDATEDDATE" TIMESTAMP (6),
     "USERID" NUMBER(19,0)
) SEGMENT CREATION IMMEDIATE
  PCTFREE 10 PCTUSED 40 INITRANS 1 MAXTRANS 255
 NOCOMPRESS LOGGING
  STORAGE(INITIAL 65536 NEXT 1048576 MINEXTENTS 1 MAXEXTENTS 2147483645
  PCTINCREASE 0 FREELISTS 1 FREELIST GROUPS 1
  BUFFER_POOL DEFAULT FLASH_CACHE DEFAULT CELL_FLASH_CACHE DEFAULT)
  TABLESPACE "USERS" ;
--------------------------------------------------------
--  DDL for Table USERPRODUCT
--------------------------------------------------------

CREATE TABLE "BNKPROJECT"."USERPRODUCT"
(	"USERID" VARCHAR2(255 BYTE),
     "PRODUCTNO" NUMBER,
     "STARTDATE" DATE,
     "STATUS" CHAR(1 BYTE) DEFAULT 'A',
	"CREATEDAT" DATE DEFAULT SYSDATE,
	"UPDATEDAT" DATE,
	"ENDDATE" DATE,
	"APPLYRATE" NUMBER(5,2),
	"CONTRACTTERM" NUMBER(3,0),
	"PRINCIPALAMOUNT" NUMBER(15,2),
	"EXPECTEDENDDATE" DATE,
	"CONTRACTEARLYRATE" NUMBER(5,2),
	"ACCOUNTPASSWORD" VARCHAR2(255 BYTE),
	"BRANCHID" NUMBER,
	"EMPID" NUMBER,
	"NOTIFICATION_SMS" CHAR(1 BYTE) DEFAULT 'N',
	"NOTIFICATION_EMAIL" CHAR(1 BYTE) DEFAULT 'N',
	"NOTIFICATION_HP" VARCHAR2(20 BYTE),
	"NOTIFICATION_EMAIL_ADDR" VARCHAR2(100 BYTE)
   ) SEGMENT CREATION IMMEDIATE
  PCTFREE 10 PCTUSED 40 INITRANS 1 MAXTRANS 255
 NOCOMPRESS LOGGING
  STORAGE(INITIAL 65536 NEXT 1048576 MINEXTENTS 1 MAXEXTENTS 2147483645
  PCTINCREASE 0 FREELISTS 1 FREELIST GROUPS 1
  BUFFER_POOL DEFAULT FLASH_CACHE DEFAULT CELL_FLASH_CACHE DEFAULT)
  TABLESPACE "USERS" ;

COMMENT ON COLUMN "BNKPROJECT"."USERPRODUCT"."USERID" IS '회원ID (FK)';
   COMMENT ON COLUMN "BNKPROJECT"."USERPRODUCT"."PRODUCTNO" IS '상품 ID (FK)';
   COMMENT ON COLUMN "BNKPROJECT"."USERPRODUCT"."STARTDATE" IS '상품가입일';
   COMMENT ON COLUMN "BNKPROJECT"."USERPRODUCT"."STATUS" IS '상태 (A:유효/N:해지 등)';
   COMMENT ON COLUMN "BNKPROJECT"."USERPRODUCT"."CREATEDAT" IS '생성일';
   COMMENT ON COLUMN "BNKPROJECT"."USERPRODUCT"."UPDATEDAT" IS '고객상품가입정보 업데이트용';
   COMMENT ON COLUMN "BNKPROJECT"."USERPRODUCT"."ENDDATE" IS '상품해지(종료)일';
   COMMENT ON COLUMN "BNKPROJECT"."USERPRODUCT"."APPLYRATE" IS '가입시 최종 적용 이율(%)';
   COMMENT ON COLUMN "BNKPROJECT"."USERPRODUCT"."CONTRACTTERM" IS '계약기간(개월): 만기일 계산 및 계약 유효성 검증용. 상품의 가입기간과 다름.';
   COMMENT ON COLUMN "BNKPROJECT"."USERPRODUCT"."PRINCIPALAMOUNT" IS '가입 원금/최초납입액 : 이자계산 기준금액';
   COMMENT ON COLUMN "BNKPROJECT"."USERPRODUCT"."EXPECTEDENDDATE" IS '예상 만기일: STARTDATE + CONTRACTTERM을 기준으로 계산';
   COMMENT ON COLUMN "BNKPROJECT"."USERPRODUCT"."CONTRACTEARLYRATE" IS '고객별 확정된 중도해지 이율(계약시점 값 복사).';
   COMMENT ON COLUMN "BNKPROJECT"."USERPRODUCT"."ACCOUNTPASSWORD" IS '회원 계좌 비밀번호(FK)';
   COMMENT ON TABLE "BNKPROJECT"."USERPRODUCT"  IS '사용자가 가입한 금융상품 내역을 관리. 동일 상품 중복가입을 방지함.';
--------------------------------------------------------
--  DDL for Table USERQUIZPROGRESS
--------------------------------------------------------

CREATE TABLE "BNKPROJECT"."USERQUIZPROGRESS"
(	"PROGRESSID" NUMBER(19,0) GENERATED BY DEFAULT AS IDENTITY MINVALUE 1 MAXVALUE 9999999999999999999999999999 INCREMENT BY 1 START WITH 1 CACHE 20 NOORDER  NOCYCLE  NOKEEP  NOSCALE ,
     "EARNEDPOINTS" NUMBER(10,0),
     "ISCORRECT" NUMBER(1,0),
     "SUBMITTEDAT" TIMESTAMP (6),
     "USERID" NUMBER(19,0),
     "QUIZID" NUMBER(19,0)
) SEGMENT CREATION IMMEDIATE
  PCTFREE 10 PCTUSED 40 INITRANS 1 MAXTRANS 255
 NOCOMPRESS LOGGING
  STORAGE(INITIAL 65536 NEXT 1048576 MINEXTENTS 1 MAXEXTENTS 2147483645
  PCTINCREASE 0 FREELISTS 1 FREELIST GROUPS 1
  BUFFER_POOL DEFAULT FLASH_CACHE DEFAULT CELL_FLASH_CACHE DEFAULT)
  TABLESPACE "USERS" ;
--------------------------------------------------------
--  DDL for Table USERS
--------------------------------------------------------

CREATE TABLE "BNKPROJECT"."USERS"
(	"USERNO" NUMBER,
     "USERNAME" VARCHAR2(255 BYTE),
     "USERID" VARCHAR2(255 BYTE),
     "USERPW" VARCHAR2(255 BYTE),
     "EMAIL" VARCHAR2(255 BYTE),
     "HP" VARCHAR2(255 BYTE),
     "ZIP" VARCHAR2(20 BYTE),
     "ADDR1" VARCHAR2(200 BYTE),
     "ADDR2" VARCHAR2(200 BYTE),
     "ROLE" VARCHAR2(20 BYTE) DEFAULT 'USER',
     "REGDATE" DATE DEFAULT SYSDATE,
     "CREATEDAT" DATE DEFAULT SYSDATE,
     "UPDATEDAT" DATE,
     "STATUS" CHAR(1 BYTE) DEFAULT 'A',
	"ACCOUNTPASSWORD" VARCHAR2(255 BYTE),
	"RRN" VARCHAR2(255 BYTE),
	"USERPRIORITY" VARCHAR2(20 BYTE) DEFAULT 'BASIC',
	"LOGINFAILCOUNT" NUMBER DEFAULT 0,
	"ACCOUNTLOCKED" CHAR(1 BYTE) DEFAULT 'N',
	"LASTFAILEDLOGIN" DATE,
	"LOCKEDDATE" DATE
   ) SEGMENT CREATION IMMEDIATE
  PCTFREE 10 PCTUSED 40 INITRANS 1 MAXTRANS 255
 NOCOMPRESS LOGGING
  STORAGE(INITIAL 65536 NEXT 1048576 MINEXTENTS 1 MAXEXTENTS 2147483645
  PCTINCREASE 0 FREELISTS 1 FREELIST GROUPS 1
  BUFFER_POOL DEFAULT FLASH_CACHE DEFAULT CELL_FLASH_CACHE DEFAULT)
  TABLESPACE "USERS" ;

COMMENT ON COLUMN "BNKPROJECT"."USERS"."USERNO" IS '사용자 고유번호 (PK)';
   COMMENT ON COLUMN "BNKPROJECT"."USERS"."USERNAME" IS '사용자 이름';
   COMMENT ON COLUMN "BNKPROJECT"."USERS"."USERID" IS '로그인용 아이디';
   COMMENT ON COLUMN "BNKPROJECT"."USERS"."USERPW" IS '암호화된 비밀번호';
   COMMENT ON COLUMN "BNKPROJECT"."USERS"."EMAIL" IS '이메일';
   COMMENT ON COLUMN "BNKPROJECT"."USERS"."HP" IS '휴대폰 번호';
   COMMENT ON COLUMN "BNKPROJECT"."USERS"."ZIP" IS '우편번호';
   COMMENT ON COLUMN "BNKPROJECT"."USERS"."ADDR1" IS '기본 주소';
   COMMENT ON COLUMN "BNKPROJECT"."USERS"."ADDR2" IS '상세 주소';
   COMMENT ON COLUMN "BNKPROJECT"."USERS"."ROLE" IS '권한';
   COMMENT ON COLUMN "BNKPROJECT"."USERS"."REGDATE" IS '회원 가입일';
   COMMENT ON COLUMN "BNKPROJECT"."USERS"."CREATEDAT" IS '생성일(로그성 기록, DB 입력 날짜)';
   COMMENT ON COLUMN "BNKPROJECT"."USERS"."UPDATEDAT" IS '수정일';
   COMMENT ON COLUMN "BNKPROJECT"."USERS"."STATUS" IS '상태';
   COMMENT ON COLUMN "BNKPROJECT"."USERS"."ACCOUNTPASSWORD" IS '출금계좌 비밀번호 4자리';
   COMMENT ON COLUMN "BNKPROJECT"."USERS"."RRN" IS '주민등록번호';
   COMMENT ON COLUMN "BNKPROJECT"."USERS"."USERPRIORITY" IS '고객등급';
   COMMENT ON COLUMN "BNKPROJECT"."USERS"."LOGINFAILCOUNT" IS '로그인 실패 횟수';
   COMMENT ON COLUMN "BNKPROJECT"."USERS"."ACCOUNTLOCKED" IS '계정 잠금 여부 (Y/N)';
   COMMENT ON COLUMN "BNKPROJECT"."USERS"."LASTFAILEDLOGIN" IS '마지막 로그인 실패 시각';
   COMMENT ON COLUMN "BNKPROJECT"."USERS"."LOCKEDDATE" IS '계정 잠금 시각';
   COMMENT ON TABLE "BNKPROJECT"."USERS"  IS '사용자 정보 관리 테이블.
로그인 ID, 이름, 연락처, 권한, 가입일 등 핵심 회원정보 저장.';
--------------------------------------------------------
--  DDL for Table USER_LEVEL
--------------------------------------------------------

CREATE TABLE "BNKPROJECT"."USER_LEVEL"
(	"LEVELID" NUMBER(19,0) GENERATED BY DEFAULT AS IDENTITY MINVALUE 1 MAXVALUE 9999999999999999999999999999 INCREMENT BY 1 START WITH 1 CACHE 20 NOORDER  NOCYCLE  NOKEEP  NOSCALE ,
     "CREATEDDATE" TIMESTAMP (6),
     "CURRENTLEVEL" NUMBER(10,0),
     "INTERESTBONUS" NUMBER(3,2),
     "TIER" VARCHAR2(50 CHAR),
     "TOTALPOINTS" NUMBER(10,0),
     "UPDATEDDATE" TIMESTAMP (6),
     "USERID" NUMBER(19,0)
) SEGMENT CREATION DEFERRED
  PCTFREE 10 PCTUSED 40 INITRANS 1 MAXTRANS 255
 NOCOMPRESS LOGGING
  TABLESPACE "USERS" ;
--------------------------------------------------------
--  DDL for Table USER_QUIZ_PROGRESS
--------------------------------------------------------

CREATE TABLE "BNKPROJECT"."USER_QUIZ_PROGRESS"
(	"PROGRESSID" NUMBER(19,0) GENERATED BY DEFAULT AS IDENTITY MINVALUE 1 MAXVALUE 9999999999999999999999999999 INCREMENT BY 1 START WITH 1 CACHE 20 NOORDER  NOCYCLE  NOKEEP  NOSCALE ,
     "EARNEDPOINTS" NUMBER(10,0),
     "ISCORRECT" NUMBER(1,0),
     "SUBMITTEDAT" TIMESTAMP (6),
     "USERID" NUMBER(19,0),
     "QUIZID" NUMBER(19,0)
) SEGMENT CREATION DEFERRED
  PCTFREE 10 PCTUSED 40 INITRANS 1 MAXTRANS 255
 NOCOMPRESS LOGGING
  TABLESPACE "USERS" ;
REM INSERTING into BNKPROJECT.ACCOUNT
SET DEFINE OFF;
Insert into BNKPROJECT.ACCOUNT (ACCOUNTNO,USERID,BALANCE,CREATEDAT,UPDATEDAT,STATUS) values (1172356740404,271044864,1500000,to_date('2025-11-20 08:36:55','YYYY-MM-DD HH24:MI:SS'),null,'Y');
Insert into BNKPROJECT.ACCOUNT (ACCOUNTNO,USERID,BALANCE,CREATEDAT,UPDATEDAT,STATUS) values (1172356740403,271044864,5000000,to_date('2025-11-14 03:30:00','YYYY-MM-DD HH24:MI:SS'),null,'Y');
Insert into BNKPROJECT.ACCOUNT (ACCOUNTNO,USERID,BALANCE,CREATEDAT,UPDATEDAT,STATUS) values (1372376231403,231837262,4000000,to_date('2025-11-17 08:47:47','YYYY-MM-DD HH24:MI:SS'),null,'Y');
REM INSERTING into BNKPROJECT.ADMIN
SET DEFINE OFF;
Insert into BNKPROJECT.ADMIN (ADMINID,ADMINNAME,LOGINID,PASSWORD,ADMINROLE,CREATEDAT,UPDATEDAT,STATUS,LOGINFAILCOUNT,ACCOUNTLOCKED,LASTFAILEDLOGIN,LOCKEDDATE) values (1,'서정테스트용아이디','a1234','$2a$10$LylKuOezOB/2Yo8Ln9pMNOYKTYugIGyZVBNKkWH02S9PHVMDMwjr6','일반관리자',to_date('2025-11-13 01:09:29','YYYY-MM-DD HH24:MI:SS'),to_date('2025-11-24 01:52:24','YYYY-MM-DD HH24:MI:SS'),'Y',0,'N',null,null);
Insert into BNKPROJECT.ADMIN (ADMINID,ADMINNAME,LOGINID,PASSWORD,ADMINROLE,CREATEDAT,UPDATEDAT,STATUS,LOGINFAILCOUNT,ACCOUNTLOCKED,LASTFAILEDLOGIN,LOCKEDDATE) values (2,'진원계정관리테스트용','j1234','$2a$10$TrzMSsJIs2puAeUIrF.39.r/bgLQau/wdF3.7QnA3eGdR/LpMXVuO','최고관리자',to_date('2025-11-17 07:10:36','YYYY-MM-DD HH24:MI:SS'),to_date('2025-11-24 01:52:32','YYYY-MM-DD HH24:MI:SS'),'Y',0,'N',null,null);
Insert into BNKPROJECT.ADMIN (ADMINID,ADMINNAME,LOGINID,PASSWORD,ADMINROLE,CREATEDAT,UPDATEDAT,STATUS,LOGINFAILCOUNT,ACCOUNTLOCKED,LASTFAILEDLOGIN,LOCKEDDATE) values (3,'찐찐수진','k1234','$2a$10$MzpPk8tWyCJKKYF/Iakgm.fo4IyeCr0bJxk6PYteEPs/ZE1sb61Oi','일반관리자',to_date('2025-11-17 07:12:17','YYYY-MM-DD HH24:MI:SS'),to_date('2025-11-24 02:12:48','YYYY-MM-DD HH24:MI:SS'),'N',0,'N',null,null);
REM INSERTING into BNKPROJECT.BANNER
SET DEFINE OFF;
REM INSERTING into BNKPROJECT.BOARD
SET DEFINE OFF;
Insert into BNKPROJECT.BOARD (ID,BOARDTYPE,TITLE,BOARDFILE,CREATEDAT,UPDATEDAT,STATUS) values (1,'event','이벤트1','b27ea9d4-2623-4cfd-bbae-49c903ca3af8_이벤트1.png',to_date('2025-11-24 05:04:32','YYYY-MM-DD HH24:MI:SS'),null,'Y');
REM INSERTING into BNKPROJECT.BRANCH
SET DEFINE OFF;
Insert into BNKPROJECT.BRANCH (BRANCHID,BRANCHNAME,BRANCHCODE,REGIONCODE,ADDRESS,TEL,MANAGER,STATUS,CREATEDAT,UPDATEDAT) values (1,'본점','BR001','BUSAN','부산광역시 중구 중앙대로 63','051-111-1111','김본점','Y',to_timestamp('25/11/20 01:36:01.844049000','RR/MM/DD HH24:MI:SSXFF'),to_timestamp('25/11/20 01:36:01.844049000','RR/MM/DD HH24:MI:SSXFF'));
Insert into BNKPROJECT.BRANCH (BRANCHID,BRANCHNAME,BRANCHCODE,REGIONCODE,ADDRESS,TEL,MANAGER,STATUS,CREATEDAT,UPDATEDAT) values (2,'서면지점','BR002','BUSAN','부산광역시 부산진구 중앙대로 692','051-222-2222','이서면','Y',to_timestamp('25/11/20 01:36:05.094947000','RR/MM/DD HH24:MI:SSXFF'),to_timestamp('25/11/20 01:36:05.094947000','RR/MM/DD HH24:MI:SSXFF'));
Insert into BNKPROJECT.BRANCH (BRANCHID,BRANCHNAME,BRANCHCODE,REGIONCODE,ADDRESS,TEL,MANAGER,STATUS,CREATEDAT,UPDATEDAT) values (3,'해운대지점','BR003','BUSAN','부산광역시 해운대구 해운대로 784','051-333-3333','박해운','Y',to_timestamp('25/11/20 01:36:06.766176000','RR/MM/DD HH24:MI:SSXFF'),to_timestamp('25/11/20 01:36:06.766176000','RR/MM/DD HH24:MI:SSXFF'));
Insert into BNKPROJECT.BRANCH (BRANCHID,BRANCHNAME,BRANCHCODE,REGIONCODE,ADDRESS,TEL,MANAGER,STATUS,CREATEDAT,UPDATEDAT) values (4,'광안지점','BR004','BUSAN','부산광역시 수영구 광안해변로 299','051-444-4444','최광안','Y',to_timestamp('25/11/20 01:36:09.166671000','RR/MM/DD HH24:MI:SSXFF'),to_timestamp('25/11/20 01:36:09.166671000','RR/MM/DD HH24:MI:SSXFF'));
Insert into BNKPROJECT.BRANCH (BRANCHID,BRANCHNAME,BRANCHCODE,REGIONCODE,ADDRESS,TEL,MANAGER,STATUS,CREATEDAT,UPDATEDAT) values (5,'남포지점','BR005','BUSAN','부산광역시 중구 남포동 광복로 55','051-555-5555','정남포','Y',to_timestamp('25/11/20 01:36:11.030829000','RR/MM/DD HH24:MI:SSXFF'),to_timestamp('25/11/20 01:36:11.030829000','RR/MM/DD HH24:MI:SSXFF'));
REM INSERTING into BNKPROJECT.CATEGORY
SET DEFINE OFF;
Insert into BNKPROJECT.CATEGORY (CATEGORYID,CATEGORYNAME,CREATEDAT,UPDATEDAT,STATUS,PARENTID,ROUTEPATH) values (1,'예금상품',to_date('2025-11-17 02:59:15','YYYY-MM-DD HH24:MI:SS'),null,'Y',null,null);
Insert into BNKPROJECT.CATEGORY (CATEGORYID,CATEGORYNAME,CREATEDAT,UPDATEDAT,STATUS,PARENTID,ROUTEPATH) values (2,'전체상품',to_date('2025-11-17 03:07:06','YYYY-MM-DD HH24:MI:SS'),null,'Y',1,null);
Insert into BNKPROJECT.CATEGORY (CATEGORYID,CATEGORYNAME,CREATEDAT,UPDATEDAT,STATUS,PARENTID,ROUTEPATH) values (3,'입출금자유',to_date('2025-11-17 03:07:16','YYYY-MM-DD HH24:MI:SS'),null,'Y',1,null);
Insert into BNKPROJECT.CATEGORY (CATEGORYID,CATEGORYNAME,CREATEDAT,UPDATEDAT,STATUS,PARENTID,ROUTEPATH) values (4,'일임형 ISA',to_date('2025-11-17 03:07:32','YYYY-MM-DD HH24:MI:SS'),null,'Y',1,null);
Insert into BNKPROJECT.CATEGORY (CATEGORYID,CATEGORYNAME,CREATEDAT,UPDATEDAT,STATUS,PARENTID,ROUTEPATH) values (5,'목돈만들기',to_date('2025-11-17 03:07:46','YYYY-MM-DD HH24:MI:SS'),null,'Y',1,null);
Insert into BNKPROJECT.CATEGORY (CATEGORYID,CATEGORYNAME,CREATEDAT,UPDATEDAT,STATUS,PARENTID,ROUTEPATH) values (6,'목돈굴리기',to_date('2025-11-17 03:07:55','YYYY-MM-DD HH24:MI:SS'),null,'Y',1,null);
Insert into BNKPROJECT.CATEGORY (CATEGORYID,CATEGORYNAME,CREATEDAT,UPDATEDAT,STATUS,PARENTID,ROUTEPATH) values (7,'주택마련',to_date('2025-11-17 03:08:01','YYYY-MM-DD HH24:MI:SS'),null,'Y',1,null);
Insert into BNKPROJECT.CATEGORY (CATEGORYID,CATEGORYNAME,CREATEDAT,UPDATEDAT,STATUS,PARENTID,ROUTEPATH) values (8,'스마트금융전용',to_date('2025-11-17 03:08:11','YYYY-MM-DD HH24:MI:SS'),null,'Y',1,null);
Insert into BNKPROJECT.CATEGORY (CATEGORYID,CATEGORYNAME,CREATEDAT,UPDATEDAT,STATUS,PARENTID,ROUTEPATH) values (9,'세테크',to_date('2025-11-17 03:08:18','YYYY-MM-DD HH24:MI:SS'),null,'Y',1,null);
Insert into BNKPROJECT.CATEGORY (CATEGORYID,CATEGORYNAME,CREATEDAT,UPDATEDAT,STATUS,PARENTID,ROUTEPATH) values (10,'복합금융상품',to_date('2025-11-17 03:08:26','YYYY-MM-DD HH24:MI:SS'),null,'Y',1,null);
Insert into BNKPROJECT.CATEGORY (CATEGORYID,CATEGORYNAME,CREATEDAT,UPDATEDAT,STATUS,PARENTID,ROUTEPATH) values (11,'판매중지상품',to_date('2025-11-17 03:08:34','YYYY-MM-DD HH24:MI:SS'),null,'Y',1,null);
Insert into BNKPROJECT.CATEGORY (CATEGORYID,CATEGORYNAME,CREATEDAT,UPDATEDAT,STATUS,PARENTID,ROUTEPATH) values (12,'예금이용가이드',to_date('2025-11-17 03:09:06','YYYY-MM-DD HH24:MI:SS'),null,'Y',null,null);
Insert into BNKPROJECT.CATEGORY (CATEGORYID,CATEGORYNAME,CREATEDAT,UPDATEDAT,STATUS,PARENTID,ROUTEPATH) values (13,'금융소득종합과세',to_date('2025-11-17 03:09:33','YYYY-MM-DD HH24:MI:SS'),null,'Y',12,null);
Insert into BNKPROJECT.CATEGORY (CATEGORYID,CATEGORYNAME,CREATEDAT,UPDATEDAT,STATUS,PARENTID,ROUTEPATH) values (14,'예금 FAQ',to_date('2025-11-17 03:09:49','YYYY-MM-DD HH24:MI:SS'),null,'Y',12,null);
Insert into BNKPROJECT.CATEGORY (CATEGORYID,CATEGORYNAME,CREATEDAT,UPDATEDAT,STATUS,PARENTID,ROUTEPATH) values (15,'금융서비스',to_date('2025-11-17 03:11:59','YYYY-MM-DD HH24:MI:SS'),null,'Y',null,null);
Insert into BNKPROJECT.CATEGORY (CATEGORYID,CATEGORYNAME,CREATEDAT,UPDATEDAT,STATUS,PARENTID,ROUTEPATH) values (16,'금융감정분석',to_date('2025-11-17 03:12:26','YYYY-MM-DD HH24:MI:SS'),null,'Y',15,null);
Insert into BNKPROJECT.CATEGORY (CATEGORYID,CATEGORYNAME,CREATEDAT,UPDATEDAT,STATUS,PARENTID,ROUTEPATH) values (17,'주거래고객우대통장',to_date('2025-11-17 03:13:19','YYYY-MM-DD HH24:MI:SS'),null,'Y',15,null);
Insert into BNKPROJECT.CATEGORY (CATEGORYID,CATEGORYNAME,CREATEDAT,UPDATEDAT,STATUS,PARENTID,ROUTEPATH) values (18,'예금보험제도',to_date('2025-11-17 03:13:27','YYYY-MM-DD HH24:MI:SS'),null,'Y',15,null);
Insert into BNKPROJECT.CATEGORY (CATEGORYID,CATEGORYNAME,CREATEDAT,UPDATEDAT,STATUS,PARENTID,ROUTEPATH) values (19,'증권계좌개설서비스',to_date('2025-11-17 03:13:36','YYYY-MM-DD HH24:MI:SS'),null,'Y',15,null);
Insert into BNKPROJECT.CATEGORY (CATEGORYID,CATEGORYNAME,CREATEDAT,UPDATEDAT,STATUS,PARENTID,ROUTEPATH) values (20,'대여금고이용안내',to_date('2025-11-17 03:13:46','YYYY-MM-DD HH24:MI:SS'),null,'Y',15,null);
Insert into BNKPROJECT.CATEGORY (CATEGORYID,CATEGORYNAME,CREATEDAT,UPDATEDAT,STATUS,PARENTID,ROUTEPATH) values (21,'전자어음이용안내',to_date('2025-11-17 03:13:54','YYYY-MM-DD HH24:MI:SS'),null,'Y',15,null);
Insert into BNKPROJECT.CATEGORY (CATEGORYID,CATEGORYNAME,CREATEDAT,UPDATEDAT,STATUS,PARENTID,ROUTEPATH) values (22,'금융퀴즈',to_date('2025-11-17 03:15:00','YYYY-MM-DD HH24:MI:SS'),null,'Y',null,null);
Insert into BNKPROJECT.CATEGORY (CATEGORYID,CATEGORYNAME,CREATEDAT,UPDATEDAT,STATUS,PARENTID,ROUTEPATH) values (23,'금융상식 퀘스트',to_date('2025-11-17 03:15:24','YYYY-MM-DD HH24:MI:SS'),null,'Y',22,null);
Insert into BNKPROJECT.CATEGORY (CATEGORYID,CATEGORYNAME,CREATEDAT,UPDATEDAT,STATUS,PARENTID,ROUTEPATH) values (24,'은행소개',to_date('2025-11-17 03:15:58','YYYY-MM-DD HH24:MI:SS'),null,'Y',null,null);
Insert into BNKPROJECT.CATEGORY (CATEGORYID,CATEGORYNAME,CREATEDAT,UPDATEDAT,STATUS,PARENTID,ROUTEPATH) values (25,'ESG 경영',to_date('2025-11-17 05:43:44','YYYY-MM-DD HH24:MI:SS'),null,'Y',null,null);
Insert into BNKPROJECT.CATEGORY (CATEGORYID,CATEGORYNAME,CREATEDAT,UPDATEDAT,STATUS,PARENTID,ROUTEPATH) values (26,'BNK 부산은행스토리',to_date('2025-11-17 05:43:59','YYYY-MM-DD HH24:MI:SS'),null,'Y',null,null);
Insert into BNKPROJECT.CATEGORY (CATEGORYID,CATEGORYNAME,CREATEDAT,UPDATEDAT,STATUS,PARENTID,ROUTEPATH) values (27,'투자자정보',to_date('2025-11-17 05:44:12','YYYY-MM-DD HH24:MI:SS'),null,'Y',null,null);
Insert into BNKPROJECT.CATEGORY (CATEGORYID,CATEGORYNAME,CREATEDAT,UPDATEDAT,STATUS,PARENTID,ROUTEPATH) values (28,'인재채용',to_date('2025-11-17 05:44:24','YYYY-MM-DD HH24:MI:SS'),null,'Y',null,null);
Insert into BNKPROJECT.CATEGORY (CATEGORYID,CATEGORYNAME,CREATEDAT,UPDATEDAT,STATUS,PARENTID,ROUTEPATH) values (29,'영업점안내',to_date('2025-11-17 05:44:32','YYYY-MM-DD HH24:MI:SS'),null,'Y',null,null);
Insert into BNKPROJECT.CATEGORY (CATEGORYID,CATEGORYNAME,CREATEDAT,UPDATEDAT,STATUS,PARENTID,ROUTEPATH) values (30,'고객상담',to_date('2025-11-17 05:49:35','YYYY-MM-DD HH24:MI:SS'),null,'Y',null,null);
Insert into BNKPROJECT.CATEGORY (CATEGORYID,CATEGORYNAME,CREATEDAT,UPDATEDAT,STATUS,PARENTID,ROUTEPATH) values (31,'FAQ(자주하시는질문)',to_date('2025-11-17 05:50:02','YYYY-MM-DD HH24:MI:SS'),null,'Y',30,'/cs/customerSupport/faq');
Insert into BNKPROJECT.CATEGORY (CATEGORYID,CATEGORYNAME,CREATEDAT,UPDATEDAT,STATUS,PARENTID,ROUTEPATH) values (32,'은행거래 필요서류안내',to_date('2025-11-17 05:50:15','YYYY-MM-DD HH24:MI:SS'),null,'Y',30,'/cs/customerSupport/necessaryDocu');
Insert into BNKPROJECT.CATEGORY (CATEGORYID,CATEGORYNAME,CREATEDAT,UPDATEDAT,STATUS,PARENTID,ROUTEPATH) values (33,'TALK상담',to_date('2025-11-17 05:50:34','YYYY-MM-DD HH24:MI:SS'),null,'Y',30,'/cs/customerSupport/login/talkCounsel');
Insert into BNKPROJECT.CATEGORY (CATEGORYID,CATEGORYNAME,CREATEDAT,UPDATEDAT,STATUS,PARENTID,ROUTEPATH) values (34,'온라인상담',to_date('2025-11-17 05:50:45','YYYY-MM-DD HH24:MI:SS'),null,'Y',30,'/cs/customerSupport/login/onlineCounsel');
Insert into BNKPROJECT.CATEGORY (CATEGORYID,CATEGORYNAME,CREATEDAT,UPDATEDAT,STATUS,PARENTID,ROUTEPATH) values (35,'이용안내',to_date('2025-11-17 05:51:10','YYYY-MM-DD HH24:MI:SS'),null,'Y',null,null);
Insert into BNKPROJECT.CATEGORY (CATEGORYID,CATEGORYNAME,CREATEDAT,UPDATEDAT,STATUS,PARENTID,ROUTEPATH) values (36,'가입절차',to_date('2025-11-17 05:51:34','YYYY-MM-DD HH24:MI:SS'),null,'Y',35,'nonRegisterProcess');
Insert into BNKPROJECT.CATEGORY (CATEGORYID,CATEGORYNAME,CREATEDAT,UPDATEDAT,STATUS,PARENTID,ROUTEPATH) values (37,'인터넷뱅킹미가입고객',to_date('2025-11-17 05:52:06','YYYY-MM-DD HH24:MI:SS'),null,'Y',36,'nonRegisterProcess');
Insert into BNKPROJECT.CATEGORY (CATEGORYID,CATEGORYNAME,CREATEDAT,UPDATEDAT,STATUS,PARENTID,ROUTEPATH) values (38,'인터넷뱅킹가입고객',to_date('2025-11-17 05:52:15','YYYY-MM-DD HH24:MI:SS'),null,'Y',36,'registerProcess');
Insert into BNKPROJECT.CATEGORY (CATEGORYID,CATEGORYNAME,CREATEDAT,UPDATEDAT,STATUS,PARENTID,ROUTEPATH) values (39,'비밀번호안내',to_date('2025-11-17 05:52:48','YYYY-MM-DD HH24:MI:SS'),null,'Y',35,'passwordGuide');
Insert into BNKPROJECT.CATEGORY (CATEGORYID,CATEGORYNAME,CREATEDAT,UPDATEDAT,STATUS,PARENTID,ROUTEPATH) values (40,'서비스이용시간',to_date('2025-11-17 05:53:45','YYYY-MM-DD HH24:MI:SS'),null,'Y',35,'serviceAvailable');
Insert into BNKPROJECT.CATEGORY (CATEGORYID,CATEGORYNAME,CREATEDAT,UPDATEDAT,STATUS,PARENTID,ROUTEPATH) values (41,'고객우대서비스',to_date('2025-11-17 05:54:12','YYYY-MM-DD HH24:MI:SS'),null,'Y',35,'preferredCustomer');
Insert into BNKPROJECT.CATEGORY (CATEGORYID,CATEGORYNAME,CREATEDAT,UPDATEDAT,STATUS,PARENTID,ROUTEPATH) values (42,'수수료안내',to_date('2025-11-17 05:54:21','YYYY-MM-DD HH24:MI:SS'),null,'Y',35,'feeGuide');
Insert into BNKPROJECT.CATEGORY (CATEGORYID,CATEGORYNAME,CREATEDAT,UPDATEDAT,STATUS,PARENTID,ROUTEPATH) values (43,'금융소비자보호',to_date('2025-11-17 05:59:47','YYYY-MM-DD HH24:MI:SS'),null,'Y',null,null);
Insert into BNKPROJECT.CATEGORY (CATEGORYID,CATEGORYNAME,CREATEDAT,UPDATEDAT,STATUS,PARENTID,ROUTEPATH) values (44,'소비자보호체계',to_date('2025-11-17 06:00:50','YYYY-MM-DD HH24:MI:SS'),null,'Y',43,'protectionSystem');
Insert into BNKPROJECT.CATEGORY (CATEGORYID,CATEGORYNAME,CREATEDAT,UPDATEDAT,STATUS,PARENTID,ROUTEPATH) values (45,'BNK금융소비자보호헌장',to_date('2025-11-17 06:01:15','YYYY-MM-DD HH24:MI:SS'),null,'Y',44,'protectionSystem');
Insert into BNKPROJECT.CATEGORY (CATEGORYID,CATEGORYNAME,CREATEDAT,UPDATEDAT,STATUS,PARENTID,ROUTEPATH) values (46,'소비자보호 조직도',to_date('2025-11-17 06:01:43','YYYY-MM-DD HH24:MI:SS'),null,'Y',44,'protectionSystem');
Insert into BNKPROJECT.CATEGORY (CATEGORYID,CATEGORYNAME,CREATEDAT,UPDATEDAT,STATUS,PARENTID,ROUTEPATH) values (47,'민원접수 및 처리프로세스',to_date('2025-11-17 06:01:52','YYYY-MM-DD HH24:MI:SS'),null,'Y',44,'protectionSystem');
Insert into BNKPROJECT.CATEGORY (CATEGORYID,CATEGORYNAME,CREATEDAT,UPDATEDAT,STATUS,PARENTID,ROUTEPATH) values (48,'상품개발 프로세스',to_date('2025-11-17 06:02:04','YYYY-MM-DD HH24:MI:SS'),null,'Y',44,'protectionSystem');
Insert into BNKPROJECT.CATEGORY (CATEGORYID,CATEGORYNAME,CREATEDAT,UPDATEDAT,STATUS,PARENTID,ROUTEPATH) values (49,'상품판매 준칙',to_date('2025-11-17 06:02:16','YYYY-MM-DD HH24:MI:SS'),null,'Y',44,'protectionSystem');
Insert into BNKPROJECT.CATEGORY (CATEGORYID,CATEGORYNAME,CREATEDAT,UPDATEDAT,STATUS,PARENTID,ROUTEPATH) values (50,'고령 금융소비자보호 준칙',to_date('2025-11-17 06:02:27','YYYY-MM-DD HH24:MI:SS'),null,'Y',44,'protectionSystem');
Insert into BNKPROJECT.CATEGORY (CATEGORYID,CATEGORYNAME,CREATEDAT,UPDATEDAT,STATUS,PARENTID,ROUTEPATH) values (51,'영업행위 윤리 준칙',to_date('2025-11-17 06:02:38','YYYY-MM-DD HH24:MI:SS'),null,'Y',44,'protectionSystem');
Insert into BNKPROJECT.CATEGORY (CATEGORYID,CATEGORYNAME,CREATEDAT,UPDATEDAT,STATUS,PARENTID,ROUTEPATH) values (52,'소비자보호 필수 안내사항',to_date('2025-11-17 06:02:51','YYYY-MM-DD HH24:MI:SS'),null,'Y',44,'protectionSystem');
Insert into BNKPROJECT.CATEGORY (CATEGORYID,CATEGORYNAME,CREATEDAT,UPDATEDAT,STATUS,PARENTID,ROUTEPATH) values (53,'금융소비자 권리행사 안내',to_date('2025-11-17 06:03:02','YYYY-MM-DD HH24:MI:SS'),null,'Y',44,'protectionSystem');
Insert into BNKPROJECT.CATEGORY (CATEGORYID,CATEGORYNAME,CREATEDAT,UPDATEDAT,STATUS,PARENTID,ROUTEPATH) values (54,'소비자우수사례',to_date('2025-11-17 06:04:01','YYYY-MM-DD HH24:MI:SS'),null,'Y',43,'excellentCase');
Insert into BNKPROJECT.CATEGORY (CATEGORYID,CATEGORYNAME,CREATEDAT,UPDATEDAT,STATUS,PARENTID,ROUTEPATH) values (55,'소비자보호우수사례',to_date('2025-11-17 06:04:36','YYYY-MM-DD HH24:MI:SS'),null,'Y',54,'excellentCase');
Insert into BNKPROJECT.CATEGORY (CATEGORYID,CATEGORYNAME,CREATEDAT,UPDATEDAT,STATUS,PARENTID,ROUTEPATH) values (58,'상품공시실',to_date('2025-11-17 06:05:49','YYYY-MM-DD HH24:MI:SS'),null,'Y',null,null);
Insert into BNKPROJECT.CATEGORY (CATEGORYID,CATEGORYNAME,CREATEDAT,UPDATEDAT,STATUS,PARENTID,ROUTEPATH) values (59,'은행상품공시이용매뉴얼',to_date('2025-11-17 06:06:24','YYYY-MM-DD HH24:MI:SS'),null,'Y',58,'manual');
Insert into BNKPROJECT.CATEGORY (CATEGORYID,CATEGORYNAME,CREATEDAT,UPDATEDAT,STATUS,PARENTID,ROUTEPATH) values (61,'적립식예금',to_date('2025-11-17 06:07:17','YYYY-MM-DD HH24:MI:SS'),null,'Y',58,'depositProduct');
Insert into BNKPROJECT.CATEGORY (CATEGORYID,CATEGORYNAME,CREATEDAT,UPDATEDAT,STATUS,PARENTID,ROUTEPATH) values (62,'거치식예금',to_date('2025-11-17 06:07:25','YYYY-MM-DD HH24:MI:SS'),null,'Y',58,'depositProduct');
Insert into BNKPROJECT.CATEGORY (CATEGORYID,CATEGORYNAME,CREATEDAT,UPDATEDAT,STATUS,PARENTID,ROUTEPATH) values (63,'입출금자유로운예금',to_date('2025-11-17 06:07:34','YYYY-MM-DD HH24:MI:SS'),null,'Y',58,'depositProduct');
Insert into BNKPROJECT.CATEGORY (CATEGORYID,CATEGORYNAME,CREATEDAT,UPDATEDAT,STATUS,PARENTID,ROUTEPATH) values (64,'주택청약관련예금',to_date('2025-11-17 06:07:45','YYYY-MM-DD HH24:MI:SS'),null,'Y',58,'depositProduct');
Insert into BNKPROJECT.CATEGORY (CATEGORYID,CATEGORYNAME,CREATEDAT,UPDATEDAT,STATUS,PARENTID,ROUTEPATH) values (65,'외화예금',to_date('2025-11-17 06:07:54','YYYY-MM-DD HH24:MI:SS'),null,'Y',58,'depositProduct');
Insert into BNKPROJECT.CATEGORY (CATEGORYID,CATEGORYNAME,CREATEDAT,UPDATEDAT,STATUS,PARENTID,ROUTEPATH) values (66,'예금금리조회',to_date('2025-11-17 06:08:01','YYYY-MM-DD HH24:MI:SS'),null,'Y',58,'useRate');
Insert into BNKPROJECT.CATEGORY (CATEGORYID,CATEGORYNAME,CREATEDAT,UPDATEDAT,STATUS,PARENTID,ROUTEPATH) values (67,'서식/약관/자료실',to_date('2025-11-17 06:08:34','YYYY-MM-DD HH24:MI:SS'),null,'Y',null,null);
Insert into BNKPROJECT.CATEGORY (CATEGORYID,CATEGORYNAME,CREATEDAT,UPDATEDAT,STATUS,PARENTID,ROUTEPATH) values (68,'상품약관',to_date('2025-11-17 06:09:17','YYYY-MM-DD HH24:MI:SS'),null,'Y',67,'library');
Insert into BNKPROJECT.CATEGORY (CATEGORYID,CATEGORYNAME,CREATEDAT,UPDATEDAT,STATUS,PARENTID,ROUTEPATH) values (69,'상품설명서',to_date('2025-11-17 06:09:26','YYYY-MM-DD HH24:MI:SS'),null,'Y',67,'library');
Insert into BNKPROJECT.CATEGORY (CATEGORYID,CATEGORYNAME,CREATEDAT,UPDATEDAT,STATUS,PARENTID,ROUTEPATH) values (70,'서식자료실',to_date('2025-11-17 06:09:32','YYYY-MM-DD HH24:MI:SS'),null,'Y',67,'library');
REM INSERTING into BNKPROJECT.CHATMESSAGE
SET DEFINE OFF;
Insert into BNKPROJECT.CHATMESSAGE (MESSAGEID,SESSIONID,SENDERTYPE,CREATEDAT,UPDATEDAT,SENDERID,ISREAD) values (4,1,'USER',to_date('2025-11-19 02:32:20','YYYY-MM-DD HH24:MI:SS'),null,'1001',0);
Insert into BNKPROJECT.CHATMESSAGE (MESSAGEID,SESSIONID,SENDERTYPE,CREATEDAT,UPDATEDAT,SENDERID,ISREAD) values (5,1,'USER',to_date('2025-11-19 02:36:40','YYYY-MM-DD HH24:MI:SS'),null,'1001',0);
Insert into BNKPROJECT.CHATMESSAGE (MESSAGEID,SESSIONID,SENDERTYPE,CREATEDAT,UPDATEDAT,SENDERID,ISREAD) values (3,1,'USER',to_date('2025-11-19 02:15:04','YYYY-MM-DD HH24:MI:SS'),null,'1001',0);
Insert into BNKPROJECT.CHATMESSAGE (MESSAGEID,SESSIONID,SENDERTYPE,CREATEDAT,UPDATEDAT,SENDERID,ISREAD) values (6,1,'USER',to_date('2025-11-20 01:14:45','YYYY-MM-DD HH24:MI:SS'),null,'1001',0);
REM INSERTING into BNKPROJECT.CHATSESSION
SET DEFINE OFF;
Insert into BNKPROJECT.CHATSESSION (SESSIONID,USERID,CONSULTANTID,INQUIRYTYPE,STATUS,CREATEDAT,UPDATEDAT,PRIORITYSCORE,WAITSTARTTIME,CHATSTARTTIME,CHATENDTIME) values (1,231837262,1,'기타문의','WAITING',to_date('2025-11-19 02:14:14','YYYY-MM-DD HH24:MI:SS'),null,0,null,null,null);
Insert into BNKPROJECT.CHATSESSION (SESSIONID,USERID,CONSULTANTID,INQUIRYTYPE,STATUS,CREATEDAT,UPDATEDAT,PRIORITYSCORE,WAITSTARTTIME,CHATSTARTTIME,CHATENDTIME) values (4,271044864,null,'예금','WAITING',to_date('2025-11-24 05:08:00','YYYY-MM-DD HH24:MI:SS'),null,0,null,null,null);
REM INSERTING into BNKPROJECT.CODEDETAIL
SET DEFINE OFF;
Insert into BNKPROJECT.CODEDETAIL (GROUPCODE,CODE,CODENAME,USEYN,CREATEDAT,UPDATEDAT,STATUS) values ('TERM_TYPE','01','전자금융거래약관','Y',to_date('2025-11-09 15:03:28','YYYY-MM-DD HH24:MI:SS'),null,'Y');
Insert into BNKPROJECT.CODEDETAIL (GROUPCODE,CODE,CODENAME,USEYN,CREATEDAT,UPDATEDAT,STATUS) values ('TERM_TYPE','02','개인정보수집이용동의','Y',to_date('2025-11-09 15:03:29','YYYY-MM-DD HH24:MI:SS'),null,'Y');
Insert into BNKPROJECT.CODEDETAIL (GROUPCODE,CODE,CODENAME,USEYN,CREATEDAT,UPDATEDAT,STATUS) values ('TERM_TYPE','03','마케팅수신동의','Y',to_date('2025-11-09 15:03:31','YYYY-MM-DD HH24:MI:SS'),null,'Y');
Insert into BNKPROJECT.CODEDETAIL (GROUPCODE,CODE,CODENAME,USEYN,CREATEDAT,UPDATEDAT,STATUS) values ('PROD_TYPE','01','예금','Y',to_date('2025-11-09 15:03:32','YYYY-MM-DD HH24:MI:SS'),null,'Y');
Insert into BNKPROJECT.CODEDETAIL (GROUPCODE,CODE,CODENAME,USEYN,CREATEDAT,UPDATEDAT,STATUS) values ('PROD_TYPE','02','적금','Y',to_date('2025-11-09 15:03:34','YYYY-MM-DD HH24:MI:SS'),null,'Y');
Insert into BNKPROJECT.CODEDETAIL (GROUPCODE,CODE,CODENAME,USEYN,CREATEDAT,UPDATEDAT,STATUS) values ('FAQ_TYPE','01','예금','Y',to_date('2025-11-09 15:03:36','YYYY-MM-DD HH24:MI:SS'),null,'Y');
Insert into BNKPROJECT.CODEDETAIL (GROUPCODE,CODE,CODENAME,USEYN,CREATEDAT,UPDATEDAT,STATUS) values ('FAQ_TYPE','02','카드','Y',to_date('2025-11-09 15:03:37','YYYY-MM-DD HH24:MI:SS'),null,'Y');
Insert into BNKPROJECT.CODEDETAIL (GROUPCODE,CODE,CODENAME,USEYN,CREATEDAT,UPDATEDAT,STATUS) values ('FAQ_TYPE','03','대출','Y',to_date('2025-11-09 15:03:39','YYYY-MM-DD HH24:MI:SS'),null,'Y');
Insert into BNKPROJECT.CODEDETAIL (GROUPCODE,CODE,CODENAME,USEYN,CREATEDAT,UPDATEDAT,STATUS) values ('FAQ_TYPE','04','펀드','Y',to_date('2025-11-17 00:12:07','YYYY-MM-DD HH24:MI:SS'),null,'Y');
Insert into BNKPROJECT.CODEDETAIL (GROUPCODE,CODE,CODENAME,USEYN,CREATEDAT,UPDATEDAT,STATUS) values ('FAQ_TYPE','05','외환','Y',to_date('2025-11-17 00:12:34','YYYY-MM-DD HH24:MI:SS'),null,'Y');
Insert into BNKPROJECT.CODEDETAIL (GROUPCODE,CODE,CODENAME,USEYN,CREATEDAT,UPDATEDAT,STATUS) values ('FAQ_TYPE','06','신탁','Y',to_date('2025-11-17 00:13:38','YYYY-MM-DD HH24:MI:SS'),null,'Y');
Insert into BNKPROJECT.CODEDETAIL (GROUPCODE,CODE,CODENAME,USEYN,CREATEDAT,UPDATEDAT,STATUS) values ('FAQ_TYPE','07','보험','Y',to_date('2025-11-17 00:13:38','YYYY-MM-DD HH24:MI:SS'),null,'Y');
Insert into BNKPROJECT.CODEDETAIL (GROUPCODE,CODE,CODENAME,USEYN,CREATEDAT,UPDATEDAT,STATUS) values ('FAQ_TYPE','08','인터넷뱅킹','Y',to_date('2025-11-17 00:13:38','YYYY-MM-DD HH24:MI:SS'),null,'Y');
Insert into BNKPROJECT.CODEDETAIL (GROUPCODE,CODE,CODENAME,USEYN,CREATEDAT,UPDATEDAT,STATUS) values ('FAQ_TYPE','09','모바일뱅킹','Y',to_date('2025-11-17 00:13:59','YYYY-MM-DD HH24:MI:SS'),null,'Y');
Insert into BNKPROJECT.CODEDETAIL (GROUPCODE,CODE,CODENAME,USEYN,CREATEDAT,UPDATEDAT,STATUS) values ('FAQ_TYPE','10','텔레뱅킹','Y',to_date('2025-11-17 00:14:27','YYYY-MM-DD HH24:MI:SS'),null,'Y');
Insert into BNKPROJECT.CODEDETAIL (GROUPCODE,CODE,CODENAME,USEYN,CREATEDAT,UPDATEDAT,STATUS) values ('FAQ_TYPE','11','공동인증서','Y',to_date('2025-11-17 00:14:48','YYYY-MM-DD HH24:MI:SS'),null,'Y');
Insert into BNKPROJECT.CODEDETAIL (GROUPCODE,CODE,CODENAME,USEYN,CREATEDAT,UPDATEDAT,STATUS) values ('FAQ_TYPE','12','금융인증서','Y',to_date('2025-11-17 00:15:22','YYYY-MM-DD HH24:MI:SS'),null,'Y');
Insert into BNKPROJECT.CODEDETAIL (GROUPCODE,CODE,CODENAME,USEYN,CREATEDAT,UPDATEDAT,STATUS) values ('CS_TYPE','01','예금','Y',to_date('2025-11-09 15:03:28','YYYY-MM-DD HH24:MI:SS'),null,'Y');
Insert into BNKPROJECT.CODEDETAIL (GROUPCODE,CODE,CODENAME,USEYN,CREATEDAT,UPDATEDAT,STATUS) values ('CS_TYPE','02','적금','Y',to_date('2025-11-09 15:03:28','YYYY-MM-DD HH24:MI:SS'),null,'Y');
Insert into BNKPROJECT.CODEDETAIL (GROUPCODE,CODE,CODENAME,USEYN,CREATEDAT,UPDATEDAT,STATUS) values ('CS_TYPE','03','카드','Y',to_date('2025-11-09 15:03:28','YYYY-MM-DD HH24:MI:SS'),null,'Y');
Insert into BNKPROJECT.CODEDETAIL (GROUPCODE,CODE,CODENAME,USEYN,CREATEDAT,UPDATEDAT,STATUS) values ('CS_TYPE','04','대출','Y',to_date('2025-11-09 15:03:28','YYYY-MM-DD HH24:MI:SS'),null,'Y');
Insert into BNKPROJECT.CODEDETAIL (GROUPCODE,CODE,CODENAME,USEYN,CREATEDAT,UPDATEDAT,STATUS) values ('CS_TYPE','10','기타','Y',to_date('2025-11-09 15:03:28','YYYY-MM-DD HH24:MI:SS'),null,'Y');
Insert into BNKPROJECT.CODEDETAIL (GROUPCODE,CODE,CODENAME,USEYN,CREATEDAT,UPDATEDAT,STATUS) values ('FAQ_TYPE','13','기타','Y',to_date('2025-11-17 00:15:22','YYYY-MM-DD HH24:MI:SS'),null,'Y');
Insert into BNKPROJECT.CODEDETAIL (GROUPCODE,CODE,CODENAME,USEYN,CREATEDAT,UPDATEDAT,STATUS) values ('DOC_TYPE','01','수신','Y',to_date('2025-11-18 01:31:16','YYYY-MM-DD HH24:MI:SS'),null,'Y');
Insert into BNKPROJECT.CODEDETAIL (GROUPCODE,CODE,CODENAME,USEYN,CREATEDAT,UPDATEDAT,STATUS) values ('DOC_TYPE','02','신탁','Y',to_date('2025-11-18 01:31:57','YYYY-MM-DD HH24:MI:SS'),null,'Y');
Insert into BNKPROJECT.CODEDETAIL (GROUPCODE,CODE,CODENAME,USEYN,CREATEDAT,UPDATEDAT,STATUS) values ('DOC_TYPE','03','대출','Y',to_date('2025-11-18 01:31:57','YYYY-MM-DD HH24:MI:SS'),null,'Y');
Insert into BNKPROJECT.CODEDETAIL (GROUPCODE,CODE,CODENAME,USEYN,CREATEDAT,UPDATEDAT,STATUS) values ('DOC_TYPE','04','WM','Y',to_date('2025-11-18 01:32:13','YYYY-MM-DD HH24:MI:SS'),null,'Y');
Insert into BNKPROJECT.CODEDETAIL (GROUPCODE,CODE,CODENAME,USEYN,CREATEDAT,UPDATEDAT,STATUS) values ('DOC_TYPE','05','카드','Y',to_date('2025-11-18 01:32:28','YYYY-MM-DD HH24:MI:SS'),null,'Y');
Insert into BNKPROJECT.CODEDETAIL (GROUPCODE,CODE,CODENAME,USEYN,CREATEDAT,UPDATEDAT,STATUS) values ('DOC_TYPE','06','외환','Y',to_date('2025-11-18 01:32:58','YYYY-MM-DD HH24:MI:SS'),null,'Y');
Insert into BNKPROJECT.CODEDETAIL (GROUPCODE,CODE,CODENAME,USEYN,CREATEDAT,UPDATEDAT,STATUS) values ('DOC_TYPE','07','전자금융','Y',to_date('2025-11-18 01:32:58','YYYY-MM-DD HH24:MI:SS'),null,'Y');
REM INSERTING into BNKPROJECT.CODEMASTER
SET DEFINE OFF;
Insert into BNKPROJECT.CODEMASTER (GROUPCODE,GROUPNAME,CREATEDAT,UPDATEDAT,STATUS) values ('TERM_TYPE','약관유형',to_date('2025-11-09 15:03:01','YYYY-MM-DD HH24:MI:SS'),null,'Y');
Insert into BNKPROJECT.CODEMASTER (GROUPCODE,GROUPNAME,CREATEDAT,UPDATEDAT,STATUS) values ('PROD_TYPE','상품유형',to_date('2025-11-09 15:03:02','YYYY-MM-DD HH24:MI:SS'),null,'Y');
Insert into BNKPROJECT.CODEMASTER (GROUPCODE,GROUPNAME,CREATEDAT,UPDATEDAT,STATUS) values ('FAQ_TYPE','FAQ 카테고리',to_date('2025-11-09 15:03:03','YYYY-MM-DD HH24:MI:SS'),null,'Y');
Insert into BNKPROJECT.CODEMASTER (GROUPCODE,GROUPNAME,CREATEDAT,UPDATEDAT,STATUS) values ('ROLE_TYPE','권한유형',to_date('2025-11-09 15:03:04','YYYY-MM-DD HH24:MI:SS'),null,'Y');
Insert into BNKPROJECT.CODEMASTER (GROUPCODE,GROUPNAME,CREATEDAT,UPDATEDAT,STATUS) values ('CS_TYPE','고객센터 유형',to_date('2025-11-09 15:03:01','YYYY-MM-DD HH24:MI:SS'),null,'Y');
Insert into BNKPROJECT.CODEMASTER (GROUPCODE,GROUPNAME,CREATEDAT,UPDATEDAT,STATUS) values ('DOC_TYPE','필요서류 카테고리',to_date('2025-11-18 01:29:14','YYYY-MM-DD HH24:MI:SS'),null,'Y');
REM INSERTING into BNKPROJECT.CONSULTANT
SET DEFINE OFF;
Insert into BNKPROJECT.CONSULTANT (CONSULTANTID,CONSULTANTNAME,SPECIALTY,STATUS,CREATEDAT,UPDATEDAT) values (1,null,null,'OFFLINE',to_date('2025-11-19 02:03:03','YYYY-MM-DD HH24:MI:SS'),null);
REM INSERTING into BNKPROJECT.CS
SET DEFINE OFF;
Insert into BNKPROJECT.CS (CSNO,USERID,CATEID,TITLE,STATUS,CREATEDAT,UPDATEDAT) values (999,231837269,999,'테스트용서정','Y',to_date('2025-11-18 05:42:10','YYYY-MM-DD HH24:MI:SS'),null);
Insert into BNKPROJECT.CS (CSNO,USERID,CATEID,TITLE,STATUS,CREATEDAT,UPDATEDAT) values (998,231837266,999,'아이디 찾기 관련 문의','Y',to_date('2025-11-18 05:42:10','YYYY-MM-DD HH24:MI:SS'),null);
Insert into BNKPROJECT.CS (CSNO,USERID,CATEID,TITLE,STATUS,CREATEDAT,UPDATEDAT) values (997,231837266,999,'예금 가입 어떻게 하나요?','Y',to_date('2025-11-18 05:42:10','YYYY-MM-DD HH24:MI:SS'),null);
Insert into BNKPROJECT.CS (CSNO,USERID,CATEID,TITLE,STATUS,CREATEDAT,UPDATEDAT) values (996,231837266,999,'회원 탈퇴하고 싶어요','Y',to_date('2025-11-18 05:42:10','YYYY-MM-DD HH24:MI:SS'),null);
REM INSERTING into BNKPROJECT.CSCATE
SET DEFINE OFF;
Insert into BNKPROJECT.CSCATE (CATEID,CATENAME,CREATEDAT,UPDATEDAT,STATUS) values (999,'테스트용서정',to_date('2025-11-18 05:35:27','YYYY-MM-DD HH24:MI:SS'),null,'Y');
REM INSERTING into BNKPROJECT.DAILYQUEST
SET DEFINE OFF;
Insert into BNKPROJECT.DAILYQUEST (QUESTID,COMPLETEDCOUNT,QUESTDATE,USERID) values (1,3,to_date('2025-11-24 00:00:00','YYYY-MM-DD HH24:MI:SS'),231837261);
Insert into BNKPROJECT.DAILYQUEST (QUESTID,COMPLETEDCOUNT,QUESTDATE,USERID) values (2,3,to_date('2025-11-24 00:00:00','YYYY-MM-DD HH24:MI:SS'),231837269);
REM INSERTING into BNKPROJECT.DAILY_QUEST
SET DEFINE OFF;
REM INSERTING into BNKPROJECT.DOCUMENTS
SET DEFINE OFF;
Insert into BNKPROJECT.DOCUMENTS (DOCID,GROUPCODE,DOCCATEGORY,TITLE,CREATEDAT,UPDATEDAT,STATUS) values (2,'DOC_TYPE','01','만14세 이상 미성년자 본인 내점 해지시',to_date('2025-11-18 08:15:06','YYYY-MM-DD HH24:MI:SS'),null,'Y');
Insert into BNKPROJECT.DOCUMENTS (DOCID,GROUPCODE,DOCCATEGORY,TITLE,CREATEDAT,UPDATEDAT,STATUS) values (4,'DOC_TYPE','02','DC / 개인 IRP 중도인출 시 제출서류[개인회생 시 / 파산선고 시 / 기타 천재지변]',to_date('2025-11-18 08:16:50','YYYY-MM-DD HH24:MI:SS'),null,'Y');
Insert into BNKPROJECT.DOCUMENTS (DOCID,GROUPCODE,DOCCATEGORY,TITLE,CREATEDAT,UPDATEDAT,STATUS) values (1,'DOC_TYPE','01','만14세 미만 미성년 본인 내점 신규시',to_date('2025-11-18 07:59:50','YYYY-MM-DD HH24:MI:SS'),null,'Y');
Insert into BNKPROJECT.DOCUMENTS (DOCID,GROUPCODE,DOCCATEGORY,TITLE,CREATEDAT,UPDATEDAT,STATUS) values (5,'DOC_TYPE','02','DC / 개인 IRP 중도인출 시 제출서류[본인 또는 부양가족의 6개월 이상의 요양 및 치료]',to_date('2025-11-18 08:17:17','YYYY-MM-DD HH24:MI:SS'),null,'Y');
Insert into BNKPROJECT.DOCUMENTS (DOCID,GROUPCODE,DOCCATEGORY,TITLE,CREATEDAT,UPDATEDAT,STATUS) values (6,'DOC_TYPE','02','DC / 개인 IRP 중도인출 시 제출서류[무주택자의 주거목적 전세금 및 임차보증금]',to_date('2025-11-18 08:17:47','YYYY-MM-DD HH24:MI:SS'),null,'Y');
Insert into BNKPROJECT.DOCUMENTS (DOCID,GROUPCODE,DOCCATEGORY,TITLE,CREATEDAT,UPDATEDAT,STATUS) values (7,'DOC_TYPE','03','BNK 공무원우대대출 제출서류 안내',to_date('2025-11-18 08:19:36','YYYY-MM-DD HH24:MI:SS'),null,'Y');
Insert into BNKPROJECT.DOCUMENTS (DOCID,GROUPCODE,DOCCATEGORY,TITLE,CREATEDAT,UPDATEDAT,STATUS) values (9,'DOC_TYPE','03','BNK 직장인스탠다드대출 제출서류 안내',to_date('2025-11-18 08:21:19','YYYY-MM-DD HH24:MI:SS'),null,'Y');
Insert into BNKPROJECT.DOCUMENTS (DOCID,GROUPCODE,DOCCATEGORY,TITLE,CREATEDAT,UPDATEDAT,STATUS) values (10,'DOC_TYPE','04','노란우산공제 가입 시 제출서류 안내',to_date('2025-11-18 08:21:53','YYYY-MM-DD HH24:MI:SS'),null,'Y');
Insert into BNKPROJECT.DOCUMENTS (DOCID,GROUPCODE,DOCCATEGORY,TITLE,CREATEDAT,UPDATEDAT,STATUS) values (11,'DOC_TYPE','04','수익증권 대리인 신규시 제출서류 안내[법인 대리인 방문시]',to_date('2025-11-18 08:22:26','YYYY-MM-DD HH24:MI:SS'),null,'Y');
Insert into BNKPROJECT.DOCUMENTS (DOCID,GROUPCODE,DOCCATEGORY,TITLE,CREATEDAT,UPDATEDAT,STATUS) values (12,'DOC_TYPE','04','수익증권 대리인 신규시 제출서류 안내[법인 대표자 방문시]',to_date('2025-11-18 08:22:57','YYYY-MM-DD HH24:MI:SS'),null,'Y');
Insert into BNKPROJECT.DOCUMENTS (DOCID,GROUPCODE,DOCCATEGORY,TITLE,CREATEDAT,UPDATEDAT,STATUS) values (13,'DOC_TYPE','05','DC / 개인 IRP 중도인출 시 제출서류[개인회생 시 / 파산선고 시 / 기타 천재지변]',to_date('2025-11-18 08:23:32','YYYY-MM-DD HH24:MI:SS'),null,'Y');
Insert into BNKPROJECT.DOCUMENTS (DOCID,GROUPCODE,DOCCATEGORY,TITLE,CREATEDAT,UPDATEDAT,STATUS) values (3,'DOC_TYPE','01','상속인금융거래조회[후견인이 신청]',to_date('2025-11-18 08:16:07','YYYY-MM-DD HH24:MI:SS'),null,'Y');
Insert into BNKPROJECT.DOCUMENTS (DOCID,GROUPCODE,DOCCATEGORY,TITLE,CREATEDAT,UPDATEDAT,STATUS) values (15,'DOC_TYPE','05','DC / 개인 IRP 중도인출 시 제출서류[무주택자의 주거목적 전세금 및 임차보증금]',to_date('2025-11-18 08:24:19','YYYY-MM-DD HH24:MI:SS'),null,'Y');
Insert into BNKPROJECT.DOCUMENTS (DOCID,GROUPCODE,DOCCATEGORY,TITLE,CREATEDAT,UPDATEDAT,STATUS) values (14,'DOC_TYPE','05','DC / 개인 IRP 중도인출 시 제출서류[본인 또는 부양가족의 6개월 이상의 요양 및 치료]',to_date('2025-11-18 08:23:53','YYYY-MM-DD HH24:MI:SS'),null,'Y');
Insert into BNKPROJECT.DOCUMENTS (DOCID,GROUPCODE,DOCCATEGORY,TITLE,CREATEDAT,UPDATEDAT,STATUS) values (16,'DOC_TYPE','06','타발 송금 수취시 제출서류 안내',to_date('2025-11-18 08:24:40','YYYY-MM-DD HH24:MI:SS'),null,'Y');
Insert into BNKPROJECT.DOCUMENTS (DOCID,GROUPCODE,DOCCATEGORY,TITLE,CREATEDAT,UPDATEDAT,STATUS) values (17,'DOC_TYPE','06','거주자의 해외부동산 취득시 필요서류 안내[해외직접투자 사후관리]',to_date('2025-11-18 08:25:09','YYYY-MM-DD HH24:MI:SS'),null,'Y');
Insert into BNKPROJECT.DOCUMENTS (DOCID,GROUPCODE,DOCCATEGORY,TITLE,CREATEDAT,UPDATEDAT,STATUS) values (18,'DOC_TYPE','06','거주자의 해외부동산 취득시 필요서류 안내[해외직접투자 송금]',to_date('2025-11-18 08:25:33','YYYY-MM-DD HH24:MI:SS'),null,'Y');
Insert into BNKPROJECT.DOCUMENTS (DOCID,GROUPCODE,DOCCATEGORY,TITLE,CREATEDAT,UPDATEDAT,STATUS) values (19,'DOC_TYPE','07','(임의단체)전자금융 신규 · 제신고 제출서류 안내[대표자 내점 시]',to_date('2025-11-18 08:26:11','YYYY-MM-DD HH24:MI:SS'),null,'Y');
Insert into BNKPROJECT.DOCUMENTS (DOCID,GROUPCODE,DOCCATEGORY,TITLE,CREATEDAT,UPDATEDAT,STATUS) values (20,'DOC_TYPE','07','(개인/개인사업자)전자금융 신규 · 제신고 제출서류 안내[만 14세 이상의 본인 내점 시]',to_date('2025-11-18 08:26:38','YYYY-MM-DD HH24:MI:SS'),null,'Y');
Insert into BNKPROJECT.DOCUMENTS (DOCID,GROUPCODE,DOCCATEGORY,TITLE,CREATEDAT,UPDATEDAT,STATUS) values (21,'DOC_TYPE','07','DC / 개인 IRP 중도인출 시 제출서류[무주택자의 주거목적 전세금 및 임차보증금]',to_date('2025-11-18 08:27:15','YYYY-MM-DD HH24:MI:SS'),null,'Y');
Insert into BNKPROJECT.DOCUMENTS (DOCID,GROUPCODE,DOCCATEGORY,TITLE,CREATEDAT,UPDATEDAT,STATUS) values (8,'DOC_TYPE','03','BNK 공무원가계자금대출 제출서류 안내',to_date('2025-11-18 08:20:28','YYYY-MM-DD HH24:MI:SS'),null,'Y');
REM INSERTING into BNKPROJECT.EMAILCOUNSEL
SET DEFINE OFF;
Insert into BNKPROJECT.EMAILCOUNSEL (ECOUNSELID,USERID,GROUPCODE,CSCATEGORY,TITLE,STATUS,CREATEDAT,UPDATEDAT,RESPONSE) values (1,271044864,'CS_TYPE','01','예금 계좌 개설 관련 문의','COMPLETED',to_date('2025-11-20 07:21:58','YYYY-MM-DD HH24:MI:SS'),null,'답변 내용 수정.');
Insert into BNKPROJECT.EMAILCOUNSEL (ECOUNSELID,USERID,GROUPCODE,CSCATEGORY,TITLE,STATUS,CREATEDAT,UPDATEDAT,RESPONSE) values (22,271044864,'CS_TYPE','01','예금부분','COMPLETED',to_date('2025-11-21 05:35:06','YYYY-MM-DD HH24:MI:SS'),null,'확인 했습니다.');
Insert into BNKPROJECT.EMAILCOUNSEL (ECOUNSELID,USERID,GROUPCODE,CSCATEGORY,TITLE,STATUS,CREATEDAT,UPDATEDAT,RESPONSE) values (23,271044864,'CS_TYPE','03','카드 등록 확인','COMPLETED',to_date('2025-11-21 05:40:14','YYYY-MM-DD HH24:MI:SS'),null,'수정 됨');
Insert into BNKPROJECT.EMAILCOUNSEL (ECOUNSELID,USERID,GROUPCODE,CSCATEGORY,TITLE,STATUS,CREATEDAT,UPDATEDAT,RESPONSE) values (21,271044864,'CS_TYPE','01','등록테스트','REGISTERED',to_date('2025-11-21 05:05:08','YYYY-MM-DD HH24:MI:SS'),null,null);
REM INSERTING into BNKPROJECT.EMPLOYEE
SET DEFINE OFF;
Insert into BNKPROJECT.EMPLOYEE (EMPID,BRANCHID,EMPNAME,EMPCODE,POSITION,DEPARTMENT,EMAIL,TEL,HIREDATE,STATUS,CREATEDAT,UPDATEDAT) values (1,1,'김철수','EMP001','과장','영업부','kim.cs@bnkbank.com','051-111-1001',to_date('2020-01-01 00:00:00','YYYY-MM-DD HH24:MI:SS'),'Y',to_timestamp('25/11/20 01:36:26.997775000','RR/MM/DD HH24:MI:SSXFF'),to_timestamp('25/11/20 01:36:26.997775000','RR/MM/DD HH24:MI:SSXFF'));
Insert into BNKPROJECT.EMPLOYEE (EMPID,BRANCHID,EMPNAME,EMPCODE,POSITION,DEPARTMENT,EMAIL,TEL,HIREDATE,STATUS,CREATEDAT,UPDATEDAT) values (2,1,'이영희','EMP002','대리','영업부','lee.yh@bnkbank.com','051-111-1002',to_date('2021-03-15 00:00:00','YYYY-MM-DD HH24:MI:SS'),'Y',to_timestamp('25/11/20 01:36:29.024709000','RR/MM/DD HH24:MI:SSXFF'),to_timestamp('25/11/20 01:36:29.024709000','RR/MM/DD HH24:MI:SSXFF'));
Insert into BNKPROJECT.EMPLOYEE (EMPID,BRANCHID,EMPNAME,EMPCODE,POSITION,DEPARTMENT,EMAIL,TEL,HIREDATE,STATUS,CREATEDAT,UPDATEDAT) values (4,1,'박민준','EMP003','사원','영업부','park.mj@bnkbank.com','051-111-1003',to_date('2023-02-01 00:00:00','YYYY-MM-DD HH24:MI:SS'),'Y',to_timestamp('25/11/20 01:36:34.835069000','RR/MM/DD HH24:MI:SSXFF'),to_timestamp('25/11/20 01:36:34.835069000','RR/MM/DD HH24:MI:SSXFF'));
Insert into BNKPROJECT.EMPLOYEE (EMPID,BRANCHID,EMPNAME,EMPCODE,POSITION,DEPARTMENT,EMAIL,TEL,HIREDATE,STATUS,CREATEDAT,UPDATEDAT) values (5,2,'최지우','EMP004','부장','영업부','choi.jw@bnkbank.com','051-222-2001',to_date('2015-06-01 00:00:00','YYYY-MM-DD HH24:MI:SS'),'Y',to_timestamp('25/11/20 01:36:38.231810000','RR/MM/DD HH24:MI:SSXFF'),to_timestamp('25/11/20 01:36:38.231810000','RR/MM/DD HH24:MI:SSXFF'));
Insert into BNKPROJECT.EMPLOYEE (EMPID,BRANCHID,EMPNAME,EMPCODE,POSITION,DEPARTMENT,EMAIL,TEL,HIREDATE,STATUS,CREATEDAT,UPDATEDAT) values (6,2,'정수아','EMP005','과장','영업부','jung.sa@bnkbank.com','051-222-2002',to_date('2019-04-10 00:00:00','YYYY-MM-DD HH24:MI:SS'),'Y',to_timestamp('25/11/20 01:36:40.641317000','RR/MM/DD HH24:MI:SSXFF'),to_timestamp('25/11/20 01:36:40.641317000','RR/MM/DD HH24:MI:SSXFF'));
Insert into BNKPROJECT.EMPLOYEE (EMPID,BRANCHID,EMPNAME,EMPCODE,POSITION,DEPARTMENT,EMAIL,TEL,HIREDATE,STATUS,CREATEDAT,UPDATEDAT) values (7,2,'강동원','EMP006','대리','영업부','kang.dw@bnkbank.com','051-222-2003',to_date('2022-01-05 00:00:00','YYYY-MM-DD HH24:MI:SS'),'Y',to_timestamp('25/11/20 01:36:43.751055000','RR/MM/DD HH24:MI:SSXFF'),to_timestamp('25/11/20 01:36:43.751055000','RR/MM/DD HH24:MI:SSXFF'));
Insert into BNKPROJECT.EMPLOYEE (EMPID,BRANCHID,EMPNAME,EMPCODE,POSITION,DEPARTMENT,EMAIL,TEL,HIREDATE,STATUS,CREATEDAT,UPDATEDAT) values (9,3,'윤서준','EMP007','과장','영업부','yoon.sj@bnkbank.com','051-333-3001',to_date('2018-09-01 00:00:00','YYYY-MM-DD HH24:MI:SS'),'Y',to_timestamp('25/11/20 01:36:58.539449000','RR/MM/DD HH24:MI:SSXFF'),to_timestamp('25/11/20 01:36:58.539449000','RR/MM/DD HH24:MI:SSXFF'));
Insert into BNKPROJECT.EMPLOYEE (EMPID,BRANCHID,EMPNAME,EMPCODE,POSITION,DEPARTMENT,EMAIL,TEL,HIREDATE,STATUS,CREATEDAT,UPDATEDAT) values (10,3,'한지민','EMP008','대리','영업부','han.jm@bnkbank.com','051-333-3002',to_date('2020-11-20 00:00:00','YYYY-MM-DD HH24:MI:SS'),'Y',to_timestamp('25/11/20 01:37:00.263517000','RR/MM/DD HH24:MI:SSXFF'),to_timestamp('25/11/20 01:37:00.263517000','RR/MM/DD HH24:MI:SSXFF'));
Insert into BNKPROJECT.EMPLOYEE (EMPID,BRANCHID,EMPNAME,EMPCODE,POSITION,DEPARTMENT,EMAIL,TEL,HIREDATE,STATUS,CREATEDAT,UPDATEDAT) values (11,3,'송혜교','EMP009','사원','영업부','song.hk@bnkbank.com','051-333-3003',to_date('2023-05-01 00:00:00','YYYY-MM-DD HH24:MI:SS'),'Y',to_timestamp('25/11/20 01:37:01.941447000','RR/MM/DD HH24:MI:SSXFF'),to_timestamp('25/11/20 01:37:01.941447000','RR/MM/DD HH24:MI:SSXFF'));
Insert into BNKPROJECT.EMPLOYEE (EMPID,BRANCHID,EMPNAME,EMPCODE,POSITION,DEPARTMENT,EMAIL,TEL,HIREDATE,STATUS,CREATEDAT,UPDATEDAT) values (12,4,'임시완','EMP010','부장','영업부','lim.sw@bnkbank.com','051-444-4001',to_date('2016-03-01 00:00:00','YYYY-MM-DD HH24:MI:SS'),'Y',to_timestamp('25/11/20 01:37:04.918893000','RR/MM/DD HH24:MI:SSXFF'),to_timestamp('25/11/20 01:37:04.918893000','RR/MM/DD HH24:MI:SSXFF'));
Insert into BNKPROJECT.EMPLOYEE (EMPID,BRANCHID,EMPNAME,EMPCODE,POSITION,DEPARTMENT,EMAIL,TEL,HIREDATE,STATUS,CREATEDAT,UPDATEDAT) values (13,4,'수지','EMP011','과장','영업부','su.ji@bnkbank.com','051-444-4002',to_date('2019-08-15 00:00:00','YYYY-MM-DD HH24:MI:SS'),'Y',to_timestamp('25/11/20 01:37:06.894522000','RR/MM/DD HH24:MI:SSXFF'),to_timestamp('25/11/20 01:37:06.894522000','RR/MM/DD HH24:MI:SSXFF'));
Insert into BNKPROJECT.EMPLOYEE (EMPID,BRANCHID,EMPNAME,EMPCODE,POSITION,DEPARTMENT,EMAIL,TEL,HIREDATE,STATUS,CREATEDAT,UPDATEDAT) values (14,4,'남주혁','EMP012','대리','영업부','nam.jh@bnkbank.com','051-444-4003',to_date('2021-10-01 00:00:00','YYYY-MM-DD HH24:MI:SS'),'Y',to_timestamp('25/11/20 01:37:08.686329000','RR/MM/DD HH24:MI:SSXFF'),to_timestamp('25/11/20 01:37:08.686329000','RR/MM/DD HH24:MI:SSXFF'));
Insert into BNKPROJECT.EMPLOYEE (EMPID,BRANCHID,EMPNAME,EMPCODE,POSITION,DEPARTMENT,EMAIL,TEL,HIREDATE,STATUS,CREATEDAT,UPDATEDAT) values (15,5,'김태희','EMP013','과장','영업부','kim.th@bnkbank.com','051-555-5001',to_date('2017-12-01 00:00:00','YYYY-MM-DD HH24:MI:SS'),'Y',to_timestamp('25/11/20 01:37:11.069883000','RR/MM/DD HH24:MI:SSXFF'),to_timestamp('25/11/20 01:37:11.069883000','RR/MM/DD HH24:MI:SSXFF'));
Insert into BNKPROJECT.EMPLOYEE (EMPID,BRANCHID,EMPNAME,EMPCODE,POSITION,DEPARTMENT,EMAIL,TEL,HIREDATE,STATUS,CREATEDAT,UPDATEDAT) values (16,5,'비','EMP014','대리','영업부','rain@bnkbank.com','051-555-5002',to_date('2020-07-01 00:00:00','YYYY-MM-DD HH24:MI:SS'),'Y',to_timestamp('25/11/20 01:37:15.518327000','RR/MM/DD HH24:MI:SSXFF'),to_timestamp('25/11/20 01:37:15.518327000','RR/MM/DD HH24:MI:SSXFF'));
Insert into BNKPROJECT.EMPLOYEE (EMPID,BRANCHID,EMPNAME,EMPCODE,POSITION,DEPARTMENT,EMAIL,TEL,HIREDATE,STATUS,CREATEDAT,UPDATEDAT) values (17,5,'아이유','EMP015','사원','영업부','iu@bnkbank.com','051-555-5003',to_date('2022-09-01 00:00:00','YYYY-MM-DD HH24:MI:SS'),'Y',to_timestamp('25/11/20 01:37:19.144047000','RR/MM/DD HH24:MI:SSXFF'),to_timestamp('25/11/20 01:37:19.144047000','RR/MM/DD HH24:MI:SSXFF'));
REM INSERTING into BNKPROJECT.FAQ
SET DEFINE OFF;
Insert into BNKPROJECT.FAQ (FAQID,GROUPCODE,FAQCATEGORY,QUESTION,CREATEDAT,UPDATEDAT,STATUS) values (3,'FAQ_TYPE','02','카드결제계좌 변경은 어떻게 하나요?',to_date('2025-11-18 07:24:10','YYYY-MM-DD HH24:MI:SS'),null,'Y');
Insert into BNKPROJECT.FAQ (FAQID,GROUPCODE,FAQCATEGORY,QUESTION,CREATEDAT,UPDATEDAT,STATUS) values (1,'FAQ_TYPE','01','한도제한계좌 자동해제 요건이 어떻게되나요?',to_date('2025-11-18 07:23:12','YYYY-MM-DD HH24:MI:SS'),null,'Y');
Insert into BNKPROJECT.FAQ (FAQID,GROUPCODE,FAQCATEGORY,QUESTION,CREATEDAT,UPDATEDAT,STATUS) values (2,'FAQ_TYPE','01','한도제한계좌 해제하려면 어떻게 해야하나요?',to_date('2025-11-18 07:23:31','YYYY-MM-DD HH24:MI:SS'),null,'Y');
Insert into BNKPROJECT.FAQ (FAQID,GROUPCODE,FAQCATEGORY,QUESTION,CREATEDAT,UPDATEDAT,STATUS) values (4,'FAQ_TYPE','02','체크카드를 사용하면 유리한 점이 무엇인가요?',to_date('2025-11-18 07:24:29','YYYY-MM-DD HH24:MI:SS'),null,'Y');
Insert into BNKPROJECT.FAQ (FAQID,GROUPCODE,FAQCATEGORY,QUESTION,CREATEDAT,UPDATEDAT,STATUS) values (5,'FAQ_TYPE','03','국민주택채권을 매입한 후 즉시 할인하지 않고 현재까지 동 채권을 보유한 사람도 환급신청이 가능한가요?',to_date('2025-11-18 07:24:50','YYYY-MM-DD HH24:MI:SS'),to_date('2025-11-18 16:25:04','YYYY-MM-DD HH24:MI:SS'),'Y');
Insert into BNKPROJECT.FAQ (FAQID,GROUPCODE,FAQCATEGORY,QUESTION,CREATEDAT,UPDATEDAT,STATUS) values (6,'FAQ_TYPE','03','환급대상 법인이 파산절차를 통해 해산했는데 환급을 받을 수 있나요?',to_date('2025-11-18 07:25:29','YYYY-MM-DD HH24:MI:SS'),null,'Y');
Insert into BNKPROJECT.FAQ (FAQID,GROUPCODE,FAQCATEGORY,QUESTION,CREATEDAT,UPDATEDAT,STATUS) values (7,'FAQ_TYPE','04','통장에 있는 잔고좌수와 기준가격은 무엇인가요?',to_date('2025-11-18 07:25:49','YYYY-MM-DD HH24:MI:SS'),null,'Y');
Insert into BNKPROJECT.FAQ (FAQID,GROUPCODE,FAQCATEGORY,QUESTION,CREATEDAT,UPDATEDAT,STATUS) values (8,'FAQ_TYPE','04','적립식 펀드 수익률 및 잔고좌수를 조회하려면 어떻게 해야 하나요?',to_date('2025-11-18 07:26:04','YYYY-MM-DD HH24:MI:SS'),null,'Y');
Insert into BNKPROJECT.FAQ (FAQID,GROUPCODE,FAQCATEGORY,QUESTION,CREATEDAT,UPDATEDAT,STATUS) values (25,'FAQ_TYPE','13','디지털셀프뱅크(STM)이 무엇 인가요?',to_date('2025-11-18 07:56:17','YYYY-MM-DD HH24:MI:SS'),null,'Y');
Insert into BNKPROJECT.FAQ (FAQID,GROUPCODE,FAQCATEGORY,QUESTION,CREATEDAT,UPDATEDAT,STATUS) values (26,'FAQ_TYPE','13','디지털셀프뱅크(STM)에서 가능한 업무는 어떤 것들이 있나요?',to_date('2025-11-18 07:56:30','YYYY-MM-DD HH24:MI:SS'),null,'Y');
Insert into BNKPROJECT.FAQ (FAQID,GROUPCODE,FAQCATEGORY,QUESTION,CREATEDAT,UPDATEDAT,STATUS) values (38,'FAQ_TYPE','05','유학간 아들한테 매달 돈을 송금 하려고 하는데요.',to_date('2025-11-20 05:17:29','YYYY-MM-DD HH24:MI:SS'),null,'Y');
Insert into BNKPROJECT.FAQ (FAQID,GROUPCODE,FAQCATEGORY,QUESTION,CREATEDAT,UPDATEDAT,STATUS) values (37,'FAQ_TYPE','05','수입신용장 거래 관련 영수증 출력은 어떻게 하나요?',to_date('2025-11-20 05:17:06','YYYY-MM-DD HH24:MI:SS'),null,'Y');
Insert into BNKPROJECT.FAQ (FAQID,GROUPCODE,FAQCATEGORY,QUESTION,CREATEDAT,UPDATEDAT,STATUS) values (11,'FAQ_TYPE','06','연금 개시 조건과 연금 신청 시간이 있나요?',to_date('2025-11-18 07:29:38','YYYY-MM-DD HH24:MI:SS'),null,'Y');
Insert into BNKPROJECT.FAQ (FAQID,GROUPCODE,FAQCATEGORY,QUESTION,CREATEDAT,UPDATEDAT,STATUS) values (12,'FAQ_TYPE','06','연금 지급이 될 때 상품 매도 순서가 있나요?',to_date('2025-11-18 07:43:44','YYYY-MM-DD HH24:MI:SS'),null,'Y');
Insert into BNKPROJECT.FAQ (FAQID,GROUPCODE,FAQCATEGORY,QUESTION,CREATEDAT,UPDATEDAT,STATUS) values (13,'FAQ_TYPE','07','저축성 보험상품은 은행의 예·적금과 어떤 부분이 다른가요?',to_date('2025-11-18 07:44:06','YYYY-MM-DD HH24:MI:SS'),null,'Y');
Insert into BNKPROJECT.FAQ (FAQID,GROUPCODE,FAQCATEGORY,QUESTION,CREATEDAT,UPDATEDAT,STATUS) values (14,'FAQ_TYPE','07','보험가입시 유의해야 할 사항은 무엇인가요?',to_date('2025-11-18 07:44:23','YYYY-MM-DD HH24:MI:SS'),null,'Y');
Insert into BNKPROJECT.FAQ (FAQID,GROUPCODE,FAQCATEGORY,QUESTION,CREATEDAT,UPDATEDAT,STATUS) values (15,'FAQ_TYPE','08','[개인뱅킹] 인터넷뱅킹이나 모바일뱅킹을 외국어로 이용할 수 있나요?',to_date('2025-11-18 07:45:10','YYYY-MM-DD HH24:MI:SS'),null,'Y');
Insert into BNKPROJECT.FAQ (FAQID,GROUPCODE,FAQCATEGORY,QUESTION,CREATEDAT,UPDATEDAT,STATUS) values (16,'FAQ_TYPE','08','[개인뱅킹] 인터넷뱅킹 이체한도 상향은 어떻게 하나요?',to_date('2025-11-18 07:45:22','YYYY-MM-DD HH24:MI:SS'),null,'Y');
Insert into BNKPROJECT.FAQ (FAQID,GROUPCODE,FAQCATEGORY,QUESTION,CREATEDAT,UPDATEDAT,STATUS) values (19,'FAQ_TYPE','10','[텔레뱅킹] 텔레뱅킹 이용 시 전화번호 지정을 해 놓았는데 변경하려면 어떻게 해야 하나요?',to_date('2025-11-18 07:54:40','YYYY-MM-DD HH24:MI:SS'),null,'Y');
Insert into BNKPROJECT.FAQ (FAQID,GROUPCODE,FAQCATEGORY,QUESTION,CREATEDAT,UPDATEDAT,STATUS) values (17,'FAQ_TYPE','09','[모바일뱅킹] 최근사용계좌 등록 및 삭제는 어떻게 하나요?',to_date('2025-11-18 07:54:10','YYYY-MM-DD HH24:MI:SS'),null,'Y');
Insert into BNKPROJECT.FAQ (FAQID,GROUPCODE,FAQCATEGORY,QUESTION,CREATEDAT,UPDATEDAT,STATUS) values (18,'FAQ_TYPE','09','[모바일뱅킹] 모바일뱅킹을 사용할수 있는 스마트폰 최소 사양이 어떻게 되나요?',to_date('2025-11-18 07:54:24','YYYY-MM-DD HH24:MI:SS'),null,'Y');
Insert into BNKPROJECT.FAQ (FAQID,GROUPCODE,FAQCATEGORY,QUESTION,CREATEDAT,UPDATEDAT,STATUS) values (20,'FAQ_TYPE','10','[텔레뱅킹] 텔레뱅킹 서비스코드 확인할 수 있나요?',to_date('2025-11-18 07:54:53','YYYY-MM-DD HH24:MI:SS'),null,'Y');
Insert into BNKPROJECT.FAQ (FAQID,GROUPCODE,FAQCATEGORY,QUESTION,CREATEDAT,UPDATEDAT,STATUS) values (21,'FAQ_TYPE','11','[공동인증서] "인증서 저장하는 도중 오류가 발생했습니다." 에러',to_date('2025-11-18 07:55:22','YYYY-MM-DD HH24:MI:SS'),null,'Y');
Insert into BNKPROJECT.FAQ (FAQID,GROUPCODE,FAQCATEGORY,QUESTION,CREATEDAT,UPDATEDAT,STATUS) values (22,'FAQ_TYPE','11','[공동인증서] 마지막 단계에서 PC에 인증서 저장이 안돼요. 답변',to_date('2025-11-18 07:55:35','YYYY-MM-DD HH24:MI:SS'),null,'Y');
Insert into BNKPROJECT.FAQ (FAQID,GROUPCODE,FAQCATEGORY,QUESTION,CREATEDAT,UPDATEDAT,STATUS) values (23,'FAQ_TYPE','12','[금융인증서] 금융인증서 환불 기간은 어떻게 되나요?',to_date('2025-11-18 07:55:49','YYYY-MM-DD HH24:MI:SS'),null,'Y');
Insert into BNKPROJECT.FAQ (FAQID,GROUPCODE,FAQCATEGORY,QUESTION,CREATEDAT,UPDATEDAT,STATUS) values (24,'FAQ_TYPE','12','[금융인증서] 금융인증서란 무엇인가요?',to_date('2025-11-18 07:56:01','YYYY-MM-DD HH24:MI:SS'),null,'Y');
REM INSERTING into BNKPROJECT.HIRE
SET DEFINE OFF;
REM INSERTING into BNKPROJECT.LOGACTIVITY
SET DEFINE OFF;
REM INSERTING into BNKPROJECT.PRICEHISTORY
SET DEFINE OFF;
Insert into BNKPROJECT.PRICEHISTORY (ID,SYMBOL,PRICE,CREATEDAT) values (34,'BTC',84399.82368941,to_timestamp('25/11/22 13:00:08.260206000','RR/MM/DD HH24:MI:SSXFF'));
Insert into BNKPROJECT.PRICEHISTORY (ID,SYMBOL,PRICE,CREATEDAT) values (192,'BTC',87342.39632602,to_timestamp('25/11/24 13:00:03.879813000','RR/MM/DD HH24:MI:SSXFF'));
Insert into BNKPROJECT.PRICEHISTORY (ID,SYMBOL,PRICE,CREATEDAT) values (154,'OIL',57.96,to_timestamp('25/11/24 10:58:01.620287000','RR/MM/DD HH24:MI:SSXFF'));
Insert into BNKPROJECT.PRICEHISTORY (ID,SYMBOL,PRICE,CREATEDAT) values (122,'XAU',4064.92167709,to_timestamp('25/11/24 00:00:03.625842000','RR/MM/DD HH24:MI:SSXFF'));
Insert into BNKPROJECT.PRICEHISTORY (ID,SYMBOL,PRICE,CREATEDAT) values (195,'BTC',86729.44023389,to_timestamp('25/11/24 14:00:01.600681000','RR/MM/DD HH24:MI:SSXFF'));
Insert into BNKPROJECT.PRICEHISTORY (ID,SYMBOL,PRICE,CREATEDAT) values (1,'BTC',83700.33783455,to_timestamp('25/11/21 18:00:01.282873000','RR/MM/DD HH24:MI:SSXFF'));
Insert into BNKPROJECT.PRICEHISTORY (ID,SYMBOL,PRICE,CREATEDAT) values (101,'BTC',85875.88039607,to_timestamp('25/11/23 16:00:01.042954000','RR/MM/DD HH24:MI:SSXFF'));
Insert into BNKPROJECT.PRICEHISTORY (ID,SYMBOL,PRICE,CREATEDAT) values (5,'BTC',82591.39044299,to_timestamp('25/11/21 20:00:00.985694000','RR/MM/DD HH24:MI:SSXFF'));
Insert into BNKPROJECT.PRICEHISTORY (ID,SYMBOL,PRICE,CREATEDAT) values (8,'BTC',83159.74156432,to_timestamp('25/11/21 22:00:00.953253000','RR/MM/DD HH24:MI:SSXFF'));
Insert into BNKPROJECT.PRICEHISTORY (ID,SYMBOL,PRICE,CREATEDAT) values (11,'BTC',82903.35158639,to_timestamp('25/11/22 01:00:00.929166000','RR/MM/DD HH24:MI:SSXFF'));
Insert into BNKPROJECT.PRICEHISTORY (ID,SYMBOL,PRICE,CREATEDAT) values (13,'BTC',84845.8917464,to_timestamp('25/11/22 03:00:00.887611000','RR/MM/DD HH24:MI:SSXFF'));
Insert into BNKPROJECT.PRICEHISTORY (ID,SYMBOL,PRICE,CREATEDAT) values (16,'BTC',84435.8406167,to_timestamp('25/11/22 06:00:03.019777000','RR/MM/DD HH24:MI:SSXFF'));
Insert into BNKPROJECT.PRICEHISTORY (ID,SYMBOL,PRICE,CREATEDAT) values (27,'BTC',84725.3239847,to_timestamp('25/11/22 10:00:00.943173000','RR/MM/DD HH24:MI:SSXFF'));
Insert into BNKPROJECT.PRICEHISTORY (ID,SYMBOL,PRICE,CREATEDAT) values (29,'BTC',85018.60550409,to_timestamp('25/11/22 11:00:00.868565000','RR/MM/DD HH24:MI:SSXFF'));
Insert into BNKPROJECT.PRICEHISTORY (ID,SYMBOL,PRICE,CREATEDAT) values (31,'BTC',84422.0285154,to_timestamp('25/11/22 12:00:00.892834000','RR/MM/DD HH24:MI:SSXFF'));
Insert into BNKPROJECT.PRICEHISTORY (ID,SYMBOL,PRICE,CREATEDAT) values (33,'BTC',84410.26849744,to_timestamp('25/11/22 13:00:00.826392000','RR/MM/DD HH24:MI:SSXFF'));
Insert into BNKPROJECT.PRICEHISTORY (ID,SYMBOL,PRICE,CREATEDAT) values (37,'BTC',84237.21619408,to_timestamp('25/11/22 15:00:01.313273000','RR/MM/DD HH24:MI:SSXFF'));
Insert into BNKPROJECT.PRICEHISTORY (ID,SYMBOL,PRICE,CREATEDAT) values (41,'BTC',84508.01764456,to_timestamp('25/11/22 17:00:00.849619000','RR/MM/DD HH24:MI:SSXFF'));
Insert into BNKPROJECT.PRICEHISTORY (ID,SYMBOL,PRICE,CREATEDAT) values (43,'BTC',84070.27524963,to_timestamp('25/11/22 18:00:00.881384000','RR/MM/DD HH24:MI:SSXFF'));
Insert into BNKPROJECT.PRICEHISTORY (ID,SYMBOL,PRICE,CREATEDAT) values (57,'BTC',84430.99418611,to_timestamp('25/11/23 00:00:00.957917000','RR/MM/DD HH24:MI:SSXFF'));
Insert into BNKPROJECT.PRICEHISTORY (ID,SYMBOL,PRICE,CREATEDAT) values (66,'BTC',84471.10792285,to_timestamp('25/11/23 03:00:01.416953000','RR/MM/DD HH24:MI:SSXFF'));
Insert into BNKPROJECT.PRICEHISTORY (ID,SYMBOL,PRICE,CREATEDAT) values (68,'BTC',84537.290194,to_timestamp('25/11/23 04:00:01.349585000','RR/MM/DD HH24:MI:SSXFF'));
Insert into BNKPROJECT.PRICEHISTORY (ID,SYMBOL,PRICE,CREATEDAT) values (71,'BTC',84359.0509061,to_timestamp('25/11/23 07:00:01.136474000','RR/MM/DD HH24:MI:SSXFF'));
Insert into BNKPROJECT.PRICEHISTORY (ID,SYMBOL,PRICE,CREATEDAT) values (81,'BTC',85064.05052448,to_timestamp('25/11/23 08:00:02.587280000','RR/MM/DD HH24:MI:SSXFF'));
Insert into BNKPROJECT.PRICEHISTORY (ID,SYMBOL,PRICE,CREATEDAT) values (89,'BTC',86206.09455829,to_timestamp('25/11/23 15:00:00.866149000','RR/MM/DD HH24:MI:SSXFF'));
Insert into BNKPROJECT.PRICEHISTORY (ID,SYMBOL,PRICE,CREATEDAT) values (102,'BTC',85655.26499955,to_timestamp('25/11/23 17:00:01.779377000','RR/MM/DD HH24:MI:SSXFF'));
Insert into BNKPROJECT.PRICEHISTORY (ID,SYMBOL,PRICE,CREATEDAT) values (105,'BTC',86326.11142869,to_timestamp('25/11/23 19:00:00.824611000','RR/MM/DD HH24:MI:SSXFF'));
Insert into BNKPROJECT.PRICEHISTORY (ID,SYMBOL,PRICE,CREATEDAT) values (185,'BTC',87407.02305768,to_timestamp('25/11/24 12:00:03.350180000','RR/MM/DD HH24:MI:SSXFF'));
Insert into BNKPROJECT.PRICEHISTORY (ID,SYMBOL,PRICE,CREATEDAT) values (116,'BTC',86830.67894772,to_timestamp('25/11/23 23:00:00.939723000','RR/MM/DD HH24:MI:SSXFF'));
Insert into BNKPROJECT.PRICEHISTORY (ID,SYMBOL,PRICE,CREATEDAT) values (190,'BTC',87342.39632602,to_timestamp('25/11/24 13:00:01.429965000','RR/MM/DD HH24:MI:SSXFF'));
Insert into BNKPROJECT.PRICEHISTORY (ID,SYMBOL,PRICE,CREATEDAT) values (135,'BTC',87423.9106013,to_timestamp('25/11/24 05:00:00.936351000','RR/MM/DD HH24:MI:SSXFF'));
Insert into BNKPROJECT.PRICEHISTORY (ID,SYMBOL,PRICE,CREATEDAT) values (188,'BTC',87342.39632602,to_timestamp('25/11/24 13:00:00.827149000','RR/MM/DD HH24:MI:SSXFF'));
Insert into BNKPROJECT.PRICEHISTORY (ID,SYMBOL,PRICE,CREATEDAT) values (193,'BTC',86729.44023389,to_timestamp('25/11/24 14:00:00.828262000','RR/MM/DD HH24:MI:SSXFF'));
Insert into BNKPROJECT.PRICEHISTORY (ID,SYMBOL,PRICE,CREATEDAT) values (140,'BTC',87943.83509638,to_timestamp('25/11/24 07:00:00.992407000','RR/MM/DD HH24:MI:SSXFF'));
Insert into BNKPROJECT.PRICEHISTORY (ID,SYMBOL,PRICE,CREATEDAT) values (88,'BTC',86561.25085944,to_timestamp('25/11/23 14:00:02.279886000','RR/MM/DD HH24:MI:SSXFF'));
Insert into BNKPROJECT.PRICEHISTORY (ID,SYMBOL,PRICE,CREATEDAT) values (3,'BTC',82355.1539849,to_timestamp('25/11/21 19:00:01.012684000','RR/MM/DD HH24:MI:SSXFF'));
Insert into BNKPROJECT.PRICEHISTORY (ID,SYMBOL,PRICE,CREATEDAT) values (35,'BTC',84118.57944635,to_timestamp('25/11/22 14:00:01.510250000','RR/MM/DD HH24:MI:SSXFF'));
Insert into BNKPROJECT.PRICEHISTORY (ID,SYMBOL,PRICE,CREATEDAT) values (9,'BTC',84121.77260502,to_timestamp('25/11/21 23:00:01.070996000','RR/MM/DD HH24:MI:SSXFF'));
Insert into BNKPROJECT.PRICEHISTORY (ID,SYMBOL,PRICE,CREATEDAT) values (12,'BTC',84550.13713299,to_timestamp('25/11/22 02:00:00.967816000','RR/MM/DD HH24:MI:SSXFF'));
Insert into BNKPROJECT.PRICEHISTORY (ID,SYMBOL,PRICE,CREATEDAT) values (14,'BTC',84594.90544167,to_timestamp('25/11/22 04:00:01.901231000','RR/MM/DD HH24:MI:SSXFF'));
Insert into BNKPROJECT.PRICEHISTORY (ID,SYMBOL,PRICE,CREATEDAT) values (85,'BTC',85846.45743239,to_timestamp('25/11/23 11:00:00.914008000','RR/MM/DD HH24:MI:SSXFF'));
Insert into BNKPROJECT.PRICEHISTORY (ID,SYMBOL,PRICE,CREATEDAT) values (47,'BTC',83649.93340137,to_timestamp('25/11/22 20:00:01.101842000','RR/MM/DD HH24:MI:SSXFF'));
Insert into BNKPROJECT.PRICEHISTORY (ID,SYMBOL,PRICE,CREATEDAT) values (110,'BTC',86259.20468282,to_timestamp('25/11/23 21:00:00.943235000','RR/MM/DD HH24:MI:SSXFF'));
Insert into BNKPROJECT.PRICEHISTORY (ID,SYMBOL,PRICE,CREATEDAT) values (51,'BTC',83801.40114207,to_timestamp('25/11/22 22:00:00.868230000','RR/MM/DD HH24:MI:SSXFF'));
Insert into BNKPROJECT.PRICEHISTORY (ID,SYMBOL,PRICE,CREATEDAT) values (60,'BTC',84430.99418611,to_timestamp('25/11/23 00:00:17.351353000','RR/MM/DD HH24:MI:SSXFF'));
Insert into BNKPROJECT.PRICEHISTORY (ID,SYMBOL,PRICE,CREATEDAT) values (61,'XAU',4079.62947173,to_timestamp('25/11/23 00:00:50.148259000','RR/MM/DD HH24:MI:SSXFF'));
Insert into BNKPROJECT.PRICEHISTORY (ID,SYMBOL,PRICE,CREATEDAT) values (62,'BTC',84073.18606845,to_timestamp('25/11/23 01:00:01.685662000','RR/MM/DD HH24:MI:SSXFF'));
Insert into BNKPROJECT.PRICEHISTORY (ID,SYMBOL,PRICE,CREATEDAT) values (69,'BTC',84610.127955,to_timestamp('25/11/23 05:00:00.980669000','RR/MM/DD HH24:MI:SSXFF'));
Insert into BNKPROJECT.PRICEHISTORY (ID,SYMBOL,PRICE,CREATEDAT) values (70,'BTC',84260.58652305,to_timestamp('25/11/23 06:00:02.562240000','RR/MM/DD HH24:MI:SSXFF'));
Insert into BNKPROJECT.PRICEHISTORY (ID,SYMBOL,PRICE,CREATEDAT) values (113,'BTC',86542.8348103,to_timestamp('25/11/23 22:00:00.932906000','RR/MM/DD HH24:MI:SSXFF'));
Insert into BNKPROJECT.PRICEHISTORY (ID,SYMBOL,PRICE,CREATEDAT) values (186,'BTC',87407.02305768,to_timestamp('25/11/24 12:00:04.219987000','RR/MM/DD HH24:MI:SSXFF'));
Insert into BNKPROJECT.PRICEHISTORY (ID,SYMBOL,PRICE,CREATEDAT) values (196,'BTC',86729.44023389,to_timestamp('25/11/24 14:00:03.138140000','RR/MM/DD HH24:MI:SSXFF'));
Insert into BNKPROJECT.PRICEHISTORY (ID,SYMBOL,PRICE,CREATEDAT) values (191,'BTC',87342.39632602,to_timestamp('25/11/24 13:00:02.811395000','RR/MM/DD HH24:MI:SSXFF'));
Insert into BNKPROJECT.PRICEHISTORY (ID,SYMBOL,PRICE,CREATEDAT) values (129,'BTC',86726.20302536,to_timestamp('25/11/24 03:00:01.423234000','RR/MM/DD HH24:MI:SSXFF'));
Insert into BNKPROJECT.PRICEHISTORY (ID,SYMBOL,PRICE,CREATEDAT) values (132,'BTC',86960.16160234,to_timestamp('25/11/24 04:00:01.062135000','RR/MM/DD HH24:MI:SSXFF'));
Insert into BNKPROJECT.PRICEHISTORY (ID,SYMBOL,PRICE,CREATEDAT) values (198,'BTC',86729.44023389,to_timestamp('25/11/24 14:00:04.105121000','RR/MM/DD HH24:MI:SSXFF'));
Insert into BNKPROJECT.PRICEHISTORY (ID,SYMBOL,PRICE,CREATEDAT) values (141,'BTC',87943.83509638,to_timestamp('25/11/24 07:00:01.103120000','RR/MM/DD HH24:MI:SSXFF'));
Insert into BNKPROJECT.PRICEHISTORY (ID,SYMBOL,PRICE,CREATEDAT) values (144,'BTC',86798.92076905,to_timestamp('25/11/24 09:00:01.256690000','RR/MM/DD HH24:MI:SSXFF'));
Insert into BNKPROJECT.PRICEHISTORY (ID,SYMBOL,PRICE,CREATEDAT) values (145,'BTC',86754.8585539,to_timestamp('25/11/24 10:00:01.112806000','RR/MM/DD HH24:MI:SSXFF'));
Insert into BNKPROJECT.PRICEHISTORY (ID,SYMBOL,PRICE,CREATEDAT) values (184,'BTC',87407.02305768,to_timestamp('25/11/24 12:00:02.764954000','RR/MM/DD HH24:MI:SSXFF'));
Insert into BNKPROJECT.PRICEHISTORY (ID,SYMBOL,PRICE,CREATEDAT) values (156,'BTC',86901.17550851,to_timestamp('25/11/24 11:00:00.370650000','RR/MM/DD HH24:MI:SSXFF'));
Insert into BNKPROJECT.PRICEHISTORY (ID,SYMBOL,PRICE,CREATEDAT) values (181,'BTC',87407.02305768,to_timestamp('25/11/24 12:00:00.915641000','RR/MM/DD HH24:MI:SSXFF'));
Insert into BNKPROJECT.PRICEHISTORY (ID,SYMBOL,PRICE,CREATEDAT) values (49,'BTC',84148.51369648,to_timestamp('25/11/22 21:00:01.291628000','RR/MM/DD HH24:MI:SSXFF'));
Insert into BNKPROJECT.PRICEHISTORY (ID,SYMBOL,PRICE,CREATEDAT) values (187,'BTC',87342.39632602,to_timestamp('25/11/24 12:59:59.624996000','RR/MM/DD HH24:MI:SSXFF'));
Insert into BNKPROJECT.PRICEHISTORY (ID,SYMBOL,PRICE,CREATEDAT) values (53,'BTC',83801.40114207,to_timestamp('25/11/22 22:00:51.756658000','RR/MM/DD HH24:MI:SSXFF'));
Insert into BNKPROJECT.PRICEHISTORY (ID,SYMBOL,PRICE,CREATEDAT) values (189,'BTC',87342.39632602,to_timestamp('25/11/24 13:00:00.964740000','RR/MM/DD HH24:MI:SSXFF'));
Insert into BNKPROJECT.PRICEHISTORY (ID,SYMBOL,PRICE,CREATEDAT) values (197,'BTC',86729.44023389,to_timestamp('25/11/24 14:00:03.556159000','RR/MM/DD HH24:MI:SSXFF'));
Insert into BNKPROJECT.PRICEHISTORY (ID,SYMBOL,PRICE,CREATEDAT) values (15,'BTC',84153.53947103,to_timestamp('25/11/22 05:00:01.356445000','RR/MM/DD HH24:MI:SSXFF'));
Insert into BNKPROJECT.PRICEHISTORY (ID,SYMBOL,PRICE,CREATEDAT) values (17,'BTC',85190.10783009,to_timestamp('25/11/22 07:00:01.115348000','RR/MM/DD HH24:MI:SSXFF'));
Insert into BNKPROJECT.PRICEHISTORY (ID,SYMBOL,PRICE,CREATEDAT) values (21,'BTC',84397.15737721,to_timestamp('25/11/22 08:00:01.833225000','RR/MM/DD HH24:MI:SSXFF'));
Insert into BNKPROJECT.PRICEHISTORY (ID,SYMBOL,PRICE,CREATEDAT) values (45,'BTC',83894.67876938,to_timestamp('25/11/22 19:00:01.546880000','RR/MM/DD HH24:MI:SSXFF'));
Insert into BNKPROJECT.PRICEHISTORY (ID,SYMBOL,PRICE,CREATEDAT) values (152,'OIL',57.84,to_timestamp('25/11/24 10:06:01.121994000','RR/MM/DD HH24:MI:SSXFF'));
Insert into BNKPROJECT.PRICEHISTORY (ID,SYMBOL,PRICE,CREATEDAT) values (25,'BTC',85012.93259787,to_timestamp('25/11/22 09:00:01.850077000','RR/MM/DD HH24:MI:SSXFF'));
Insert into BNKPROJECT.PRICEHISTORY (ID,SYMBOL,PRICE,CREATEDAT) values (39,'BTC',84628.58129524,to_timestamp('25/11/22 16:00:01.401923000','RR/MM/DD HH24:MI:SSXFF'));
Insert into BNKPROJECT.PRICEHISTORY (ID,SYMBOL,PRICE,CREATEDAT) values (54,'BTC',83893.00692437,to_timestamp('25/11/22 23:00:00.912207000','RR/MM/DD HH24:MI:SSXFF'));
Insert into BNKPROJECT.PRICEHISTORY (ID,SYMBOL,PRICE,CREATEDAT) values (83,'BTC',84681.15892018,to_timestamp('25/11/23 09:00:02.975578000','RR/MM/DD HH24:MI:SSXFF'));
Insert into BNKPROJECT.PRICEHISTORY (ID,SYMBOL,PRICE,CREATEDAT) values (182,'BTC',87407.02305768,to_timestamp('25/11/24 12:00:01.932906000','RR/MM/DD HH24:MI:SSXFF'));
Insert into BNKPROJECT.PRICEHISTORY (ID,SYMBOL,PRICE,CREATEDAT) values (84,'BTC',84851.3061655,to_timestamp('25/11/23 10:00:01.036071000','RR/MM/DD HH24:MI:SSXFF'));
Insert into BNKPROJECT.PRICEHISTORY (ID,SYMBOL,PRICE,CREATEDAT) values (64,'BTC',84688.15252757,to_timestamp('25/11/23 02:00:02.886177000','RR/MM/DD HH24:MI:SSXFF'));
Insert into BNKPROJECT.PRICEHISTORY (ID,SYMBOL,PRICE,CREATEDAT) values (86,'BTC',86012.78452882,to_timestamp('25/11/23 12:00:00.963563000','RR/MM/DD HH24:MI:SSXFF'));
Insert into BNKPROJECT.PRICEHISTORY (ID,SYMBOL,PRICE,CREATEDAT) values (87,'BTC',86190.08223368,to_timestamp('25/11/23 13:00:00.902259000','RR/MM/DD HH24:MI:SSXFF'));
Insert into BNKPROJECT.PRICEHISTORY (ID,SYMBOL,PRICE,CREATEDAT) values (103,'BTC',86060.7603569,to_timestamp('25/11/23 18:00:00.823607000','RR/MM/DD HH24:MI:SSXFF'));
Insert into BNKPROJECT.PRICEHISTORY (ID,SYMBOL,PRICE,CREATEDAT) values (104,'BTC',86060.7603569,to_timestamp('25/11/23 18:00:03.119360000','RR/MM/DD HH24:MI:SSXFF'));
Insert into BNKPROJECT.PRICEHISTORY (ID,SYMBOL,PRICE,CREATEDAT) values (107,'BTC',86088.19870429,to_timestamp('25/11/23 20:00:01.036491000','RR/MM/DD HH24:MI:SSXFF'));
Insert into BNKPROJECT.PRICEHISTORY (ID,SYMBOL,PRICE,CREATEDAT) values (183,'BTC',87407.02305768,to_timestamp('25/11/24 12:00:02.409646000','RR/MM/DD HH24:MI:SSXFF'));
Insert into BNKPROJECT.PRICEHISTORY (ID,SYMBOL,PRICE,CREATEDAT) values (194,'BTC',86729.44023389,to_timestamp('25/11/24 14:00:01.348478000','RR/MM/DD HH24:MI:SSXFF'));
Insert into BNKPROJECT.PRICEHISTORY (ID,SYMBOL,PRICE,CREATEDAT) values (118,'BTC',86566.35627896,to_timestamp('25/11/24 00:00:01.130967000','RR/MM/DD HH24:MI:SSXFF'));
Insert into BNKPROJECT.PRICEHISTORY (ID,SYMBOL,PRICE,CREATEDAT) values (123,'BTC',87066.90050335,to_timestamp('25/11/24 01:00:01.004661000','RR/MM/DD HH24:MI:SSXFF'));
Insert into BNKPROJECT.PRICEHISTORY (ID,SYMBOL,PRICE,CREATEDAT) values (126,'BTC',87079.19984203,to_timestamp('25/11/24 02:00:00.927425000','RR/MM/DD HH24:MI:SSXFF'));
Insert into BNKPROJECT.PRICEHISTORY (ID,SYMBOL,PRICE,CREATEDAT) values (138,'BTC',87410.64032785,to_timestamp('25/11/24 06:00:01.009985000','RR/MM/DD HH24:MI:SSXFF'));
Insert into BNKPROJECT.PRICEHISTORY (ID,SYMBOL,PRICE,CREATEDAT) values (142,'BTC',87864.15737867,to_timestamp('25/11/24 08:00:01.130304000','RR/MM/DD HH24:MI:SSXFF'));
Insert into BNKPROJECT.PRICEHISTORY (ID,SYMBOL,PRICE,CREATEDAT) values (7,'BTC',82156.08485794,to_timestamp('25/11/21 21:00:02.494387000','RR/MM/DD HH24:MI:SSXFF'));
Insert into BNKPROJECT.PRICEHISTORY (ID,SYMBOL,PRICE,CREATEDAT) values (10,'BTC',85036.3694235,to_timestamp('25/11/22 00:00:01.735035000','RR/MM/DD HH24:MI:SSXFF'));
REM INSERTING into BNKPROJECT.PRODUCT
SET DEFINE OFF;
Insert into BNKPROJECT.PRODUCT (PRODUCTNO,PRODUCTNAME,PRODUCTTYPE,CATEGORYID,BASERATE,MATURITYRATE,EARLYTERMINATERATE,MONTHLYAMOUNT,SAVINGTERM,DEPOSITAMOUNT,INTERESTMETHOD,PAYCYCLE,ENDDATE,ADMINID,CREATEDAT,UPDATEDAT,STATUS) values (1,'사장님 월급통장','01',3,0.1,0.1,0.05,null,null,null,'단리','만기일시',to_date('2099-12-31 00:00:00','YYYY-MM-DD HH24:MI:SS'),1,to_date('2025-11-17 03:13:07','YYYY-MM-DD HH24:MI:SS'),null,'Y');
Insert into BNKPROJECT.PRODUCT (PRODUCTNO,PRODUCTNAME,PRODUCTTYPE,CATEGORYID,BASERATE,MATURITYRATE,EARLYTERMINATERATE,MONTHLYAMOUNT,SAVINGTERM,DEPOSITAMOUNT,INTERESTMETHOD,PAYCYCLE,ENDDATE,ADMINID,CREATEDAT,UPDATEDAT,STATUS) values (2,'뱅크라인통장','01',3,0.1,0.1,0.05,null,null,null,'단리','만기일시',to_date('2099-12-31 00:00:00','YYYY-MM-DD HH24:MI:SS'),1,to_date('2025-11-17 03:15:05','YYYY-MM-DD HH24:MI:SS'),null,'Y');
Insert into BNKPROJECT.PRODUCT (PRODUCTNO,PRODUCTNAME,PRODUCTTYPE,CATEGORYID,BASERATE,MATURITYRATE,EARLYTERMINATERATE,MONTHLYAMOUNT,SAVINGTERM,DEPOSITAMOUNT,INTERESTMETHOD,PAYCYCLE,ENDDATE,ADMINID,CREATEDAT,UPDATEDAT,STATUS) values (3,'BNK증권플러스통장','01',3,0.1,0.1,0.05,null,null,null,'단리','만기일시',to_date('2099-12-31 00:00:00','YYYY-MM-DD HH24:MI:SS'),1,to_date('2025-11-17 03:15:28','YYYY-MM-DD HH24:MI:SS'),null,'Y');
Insert into BNKPROJECT.PRODUCT (PRODUCTNO,PRODUCTNAME,PRODUCTTYPE,CATEGORYID,BASERATE,MATURITYRATE,EARLYTERMINATERATE,MONTHLYAMOUNT,SAVINGTERM,DEPOSITAMOUNT,INTERESTMETHOD,PAYCYCLE,ENDDATE,ADMINID,CREATEDAT,UPDATEDAT,STATUS) values (4,'BNK행복지킴이통장','01',3,0.1,0.1,0.05,null,null,null,'단리','만기일시',to_date('2099-12-31 00:00:00','YYYY-MM-DD HH24:MI:SS'),1,to_date('2025-11-17 03:15:33','YYYY-MM-DD HH24:MI:SS'),null,'Y');
Insert into BNKPROJECT.PRODUCT (PRODUCTNO,PRODUCTNAME,PRODUCTTYPE,CATEGORYID,BASERATE,MATURITYRATE,EARLYTERMINATERATE,MONTHLYAMOUNT,SAVINGTERM,DEPOSITAMOUNT,INTERESTMETHOD,PAYCYCLE,ENDDATE,ADMINID,CREATEDAT,UPDATEDAT,STATUS) values (5,'BNK국민연금안심통장','01',3,0.1,0.1,0.05,null,null,null,'단리','만기일시',to_date('2099-12-31 00:00:00','YYYY-MM-DD HH24:MI:SS'),1,to_date('2025-11-17 03:15:40','YYYY-MM-DD HH24:MI:SS'),null,'Y');
Insert into BNKPROJECT.PRODUCT (PRODUCTNO,PRODUCTNAME,PRODUCTTYPE,CATEGORYID,BASERATE,MATURITYRATE,EARLYTERMINATERATE,MONTHLYAMOUNT,SAVINGTERM,DEPOSITAMOUNT,INTERESTMETHOD,PAYCYCLE,ENDDATE,ADMINID,CREATEDAT,UPDATEDAT,STATUS) values (6,'모임통장','01',3,0.1,0.1,0.05,null,null,null,'단리','만기일시',to_date('2099-12-31 00:00:00','YYYY-MM-DD HH24:MI:SS'),1,to_date('2025-11-17 03:15:46','YYYY-MM-DD HH24:MI:SS'),null,'Y');
Insert into BNKPROJECT.PRODUCT (PRODUCTNO,PRODUCTNAME,PRODUCTTYPE,CATEGORYID,BASERATE,MATURITYRATE,EARLYTERMINATERATE,MONTHLYAMOUNT,SAVINGTERM,DEPOSITAMOUNT,INTERESTMETHOD,PAYCYCLE,ENDDATE,ADMINID,CREATEDAT,UPDATEDAT,STATUS) values (101,'저탄소 실천 예금','01',5,2.05,2.45,1.8,null,null,1000000,'단리','만기일시',to_date('2026-12-31 00:00:00','YYYY-MM-DD HH24:MI:SS'),1,to_date('2025-11-17 03:15:53','YYYY-MM-DD HH24:MI:SS'),null,'Y');
Insert into BNKPROJECT.PRODUCT (PRODUCTNO,PRODUCTNAME,PRODUCTTYPE,CATEGORYID,BASERATE,MATURITYRATE,EARLYTERMINATERATE,MONTHLYAMOUNT,SAVINGTERM,DEPOSITAMOUNT,INTERESTMETHOD,PAYCYCLE,ENDDATE,ADMINID,CREATEDAT,UPDATEDAT,STATUS) values (102,'메리트정기예금','01',5,2.05,2.05,1.5,null,null,1000000,'단리','만기일시',to_date('2026-12-31 00:00:00','YYYY-MM-DD HH24:MI:SS'),1,to_date('2025-11-17 03:17:00','YYYY-MM-DD HH24:MI:SS'),null,'Y');
Insert into BNKPROJECT.PRODUCT (PRODUCTNO,PRODUCTNAME,PRODUCTTYPE,CATEGORYID,BASERATE,MATURITYRATE,EARLYTERMINATERATE,MONTHLYAMOUNT,SAVINGTERM,DEPOSITAMOUNT,INTERESTMETHOD,PAYCYCLE,ENDDATE,ADMINID,CREATEDAT,UPDATEDAT,STATUS) values (103,'더(The) 특판 정기예금','01',5,1.9,2.6,1.4,null,null,1000000,'단리','만기일시',to_date('2026-06-30 00:00:00','YYYY-MM-DD HH24:MI:SS'),1,to_date('2025-11-17 03:17:03','YYYY-MM-DD HH24:MI:SS'),null,'Y');
Insert into BNKPROJECT.PRODUCT (PRODUCTNO,PRODUCTNAME,PRODUCTTYPE,CATEGORYID,BASERATE,MATURITYRATE,EARLYTERMINATERATE,MONTHLYAMOUNT,SAVINGTERM,DEPOSITAMOUNT,INTERESTMETHOD,PAYCYCLE,ENDDATE,ADMINID,CREATEDAT,UPDATEDAT,STATUS) values (104,'LIVE정기예금','01',5,1.95,2.4,1.4,null,null,1000000,'단리','만기일시',to_date('2026-06-30 00:00:00','YYYY-MM-DD HH24:MI:SS'),1,to_date('2025-11-17 03:17:07','YYYY-MM-DD HH24:MI:SS'),null,'Y');
Insert into BNKPROJECT.PRODUCT (PRODUCTNO,PRODUCTNAME,PRODUCTTYPE,CATEGORYID,BASERATE,MATURITYRATE,EARLYTERMINATERATE,MONTHLYAMOUNT,SAVINGTERM,DEPOSITAMOUNT,INTERESTMETHOD,PAYCYCLE,ENDDATE,ADMINID,CREATEDAT,UPDATEDAT,STATUS) values (105,'BNK내맘대로예금','01',5,2,2.3,1.5,null,null,100000,'단리','만기일시',to_date('2026-12-31 00:00:00','YYYY-MM-DD HH24:MI:SS'),1,to_date('2025-11-17 03:17:10','YYYY-MM-DD HH24:MI:SS'),null,'Y');
Insert into BNKPROJECT.PRODUCT (PRODUCTNO,PRODUCTNAME,PRODUCTTYPE,CATEGORYID,BASERATE,MATURITYRATE,EARLYTERMINATERATE,MONTHLYAMOUNT,SAVINGTERM,DEPOSITAMOUNT,INTERESTMETHOD,PAYCYCLE,ENDDATE,ADMINID,CREATEDAT,UPDATEDAT,STATUS) values (201,'저탄소 실천 적금','02',6,2.05,2.45,1.8,100000,12,null,'단리','만기일시',to_date('2026-12-31 00:00:00','YYYY-MM-DD HH24:MI:SS'),1,to_date('2025-11-17 03:17:14','YYYY-MM-DD HH24:MI:SS'),null,'Y');
Insert into BNKPROJECT.PRODUCT (PRODUCTNO,PRODUCTNAME,PRODUCTTYPE,CATEGORYID,BASERATE,MATURITYRATE,EARLYTERMINATERATE,MONTHLYAMOUNT,SAVINGTERM,DEPOSITAMOUNT,INTERESTMETHOD,PAYCYCLE,ENDDATE,ADMINID,CREATEDAT,UPDATEDAT,STATUS) values (202,'BNK지역사랑자유적금','02',6,2.05,2,1.5,50000,12,null,'단리','만기일시',to_date('2026-12-31 00:00:00','YYYY-MM-DD HH24:MI:SS'),1,to_date('2025-11-17 03:17:17','YYYY-MM-DD HH24:MI:SS'),null,'Y');
Insert into BNKPROJECT.PRODUCT (PRODUCTNO,PRODUCTNAME,PRODUCTTYPE,CATEGORYID,BASERATE,MATURITYRATE,EARLYTERMINATERATE,MONTHLYAMOUNT,SAVINGTERM,DEPOSITAMOUNT,INTERESTMETHOD,PAYCYCLE,ENDDATE,ADMINID,CREATEDAT,UPDATEDAT,STATUS) values (203,'부산형 내일채움공제적금','02',6,1.9,2.6,1.4,100000,36,null,'단리','만기일시',to_date('2026-12-31 00:00:00','YYYY-MM-DD HH24:MI:SS'),1,to_date('2025-11-17 03:17:20','YYYY-MM-DD HH24:MI:SS'),null,'Y');
Insert into BNKPROJECT.PRODUCT (PRODUCTNO,PRODUCTNAME,PRODUCTTYPE,CATEGORYID,BASERATE,MATURITYRATE,EARLYTERMINATERATE,MONTHLYAMOUNT,SAVINGTERM,DEPOSITAMOUNT,INTERESTMETHOD,PAYCYCLE,ENDDATE,ADMINID,CREATEDAT,UPDATEDAT,STATUS) values (204,'가계우대정기적금','02',6,1.95,2.4,1.4,100000,12,null,'단리','만기일시',to_date('2026-12-31 00:00:00','YYYY-MM-DD HH24:MI:SS'),1,to_date('2025-11-17 03:17:24','YYYY-MM-DD HH24:MI:SS'),null,'Y');
Insert into BNKPROJECT.PRODUCT (PRODUCTNO,PRODUCTNAME,PRODUCTTYPE,CATEGORYID,BASERATE,MATURITYRATE,EARLYTERMINATERATE,MONTHLYAMOUNT,SAVINGTERM,DEPOSITAMOUNT,INTERESTMETHOD,PAYCYCLE,ENDDATE,ADMINID,CREATEDAT,UPDATEDAT,STATUS) values (205,'BNK내맘대로적금','02',6,2,2.3,1.5,50000,12,null,'단리','만기일시',to_date('2026-12-31 00:00:00','YYYY-MM-DD HH24:MI:SS'),1,to_date('2025-11-17 03:17:26','YYYY-MM-DD HH24:MI:SS'),null,'Y');
Insert into BNKPROJECT.PRODUCT (PRODUCTNO,PRODUCTNAME,PRODUCTTYPE,CATEGORYID,BASERATE,MATURITYRATE,EARLYTERMINATERATE,MONTHLYAMOUNT,SAVINGTERM,DEPOSITAMOUNT,INTERESTMETHOD,PAYCYCLE,ENDDATE,ADMINID,CREATEDAT,UPDATEDAT,STATUS) values (301,'주택청약종합저축','02',7,3.1,3.1,2.5,100000,24,null,'단리','만기일시',to_date('2026-12-31 00:00:00','YYYY-MM-DD HH24:MI:SS'),1,to_date('2025-11-17 03:17:30','YYYY-MM-DD HH24:MI:SS'),null,'Y');
Insert into BNKPROJECT.PRODUCT (PRODUCTNO,PRODUCTNAME,PRODUCTTYPE,CATEGORYID,BASERATE,MATURITYRATE,EARLYTERMINATERATE,MONTHLYAMOUNT,SAVINGTERM,DEPOSITAMOUNT,INTERESTMETHOD,PAYCYCLE,ENDDATE,ADMINID,CREATEDAT,UPDATEDAT,STATUS) values (302,'청년 주택드림 청약통장','02',7,2.05,2,1.5,50000,24,null,'단리','만기일시',to_date('2026-12-31 00:00:00','YYYY-MM-DD HH24:MI:SS'),1,to_date('2025-11-17 03:17:34','YYYY-MM-DD HH24:MI:SS'),null,'Y');
Insert into BNKPROJECT.PRODUCT (PRODUCTNO,PRODUCTNAME,PRODUCTTYPE,CATEGORYID,BASERATE,MATURITYRATE,EARLYTERMINATERATE,MONTHLYAMOUNT,SAVINGTERM,DEPOSITAMOUNT,INTERESTMETHOD,PAYCYCLE,ENDDATE,ADMINID,CREATEDAT,UPDATEDAT,STATUS) values (401,'Only One 주거래 우대적금','02',8,2.05,2.45,1.8,100000,12,null,'단리','만기일시',to_date('2026-12-31 00:00:00','YYYY-MM-DD HH24:MI:SS'),1,to_date('2025-11-17 03:17:37','YYYY-MM-DD HH24:MI:SS'),null,'Y');
Insert into BNKPROJECT.PRODUCT (PRODUCTNO,PRODUCTNAME,PRODUCTTYPE,CATEGORYID,BASERATE,MATURITYRATE,EARLYTERMINATERATE,MONTHLYAMOUNT,SAVINGTERM,DEPOSITAMOUNT,INTERESTMETHOD,PAYCYCLE,ENDDATE,ADMINID,CREATEDAT,UPDATEDAT,STATUS) values (402,'너만솔로 적금','02',8,2.05,2.45,1.8,100000,12,null,'단리','만기일시',to_date('2026-12-31 00:00:00','YYYY-MM-DD HH24:MI:SS'),1,to_date('2025-11-17 03:17:43','YYYY-MM-DD HH24:MI:SS'),null,'Y');
REM INSERTING into BNKPROJECT.PRODUCTDETAIL
SET DEFINE OFF;
Insert into BNKPROJECT.PRODUCTDETAIL (PRODUCTNO,ELIGIBILITY,MINAMOUNT,DEPOSITTYPE,PAYMENTMETHOD,REQUIREDDOCS,TAXBENEFIT,INTERESTPAYMENT,IMAGEURL,CREATEDAT,UPDATEDAT) values (1,'개인사업자 (단, 금융기관 및 별도 협약 시금고 제외)',null,'보통예금','자유입출금식','실명확인증표, 사업자등록증','일반과세','매월 말일 기준 이자 지급 (월 복리)','/images/product/business-account.png',to_date('2025-11-18 03:32:50','YYYY-MM-DD HH24:MI:SS'),null);
Insert into BNKPROJECT.PRODUCTDETAIL (PRODUCTNO,ELIGIBILITY,MINAMOUNT,DEPOSITTYPE,PAYMENTMETHOD,REQUIREDDOCS,TAXBENEFIT,INTERESTPAYMENT,IMAGEURL,CREATEDAT,UPDATEDAT) values (2,'제한없음 (단, 금융기관 및 별도 협약 시금고 제외)',null,'보통예금','자유입출금식','실명확인증표','일반과세','매월 말일 기준 이자 지급 (월 복리)','/images/product/bankline.png',to_date('2025-11-18 03:32:55','YYYY-MM-DD HH24:MI:SS'),null);
Insert into BNKPROJECT.PRODUCTDETAIL (PRODUCTNO,ELIGIBILITY,MINAMOUNT,DEPOSITTYPE,PAYMENTMETHOD,REQUIREDDOCS,TAXBENEFIT,INTERESTPAYMENT,IMAGEURL,CREATEDAT,UPDATEDAT) values (3,'개인 (만 19세 이상)',null,'보통예금','자유입출금식','실명확인증표','일반과세','매월 말일 기준 이자 지급 (월 복리)','/images/product/securities-plus.png',to_date('2025-11-18 03:33:00','YYYY-MM-DD HH24:MI:SS'),null);
Insert into BNKPROJECT.PRODUCTDETAIL (PRODUCTNO,ELIGIBILITY,MINAMOUNT,DEPOSITTYPE,PAYMENTMETHOD,REQUIREDDOCS,TAXBENEFIT,INTERESTPAYMENT,IMAGEURL,CREATEDAT,UPDATEDAT) values (4,'수급권자 (기초생활수급자, 장애인연금, 아동수당 수급자 등)',null,'보통예금','자유입출금식','실명확인증표, 수급증명서','일반과세','매월 말일 기준 이자 지급 (월 복리)','/images/product/protection-account.png',to_date('2025-11-18 03:33:04','YYYY-MM-DD HH24:MI:SS'),null);
Insert into BNKPROJECT.PRODUCTDETAIL (PRODUCTNO,ELIGIBILITY,MINAMOUNT,DEPOSITTYPE,PAYMENTMETHOD,REQUIREDDOCS,TAXBENEFIT,INTERESTPAYMENT,IMAGEURL,CREATEDAT,UPDATEDAT) values (5,'국민연금 수급자',null,'보통예금','자유입출금식','실명확인증표, 국민연금 수급증명서','일반과세','매월 말일 기준 이자 지급 (월 복리)','/images/product/pension-safe.png',to_date('2025-11-18 03:33:08','YYYY-MM-DD HH24:MI:SS'),null);
Insert into BNKPROJECT.PRODUCTDETAIL (PRODUCTNO,ELIGIBILITY,MINAMOUNT,DEPOSITTYPE,PAYMENTMETHOD,REQUIREDDOCS,TAXBENEFIT,INTERESTPAYMENT,IMAGEURL,CREATEDAT,UPDATEDAT) values (103,'제한없음 (단, 금융기관 및 별도 협약 시금고 제외)',1000000,'정기예금','거치식','실명확인증표','비과세종합저축 가능','만기일시지급식 (만기 또는 중도해지 요청시 이자를 지급)','/images/product/special-deposit.png',to_date('2025-11-18 03:33:26','YYYY-MM-DD HH24:MI:SS'),null);
Insert into BNKPROJECT.PRODUCTDETAIL (PRODUCTNO,ELIGIBILITY,MINAMOUNT,DEPOSITTYPE,PAYMENTMETHOD,REQUIREDDOCS,TAXBENEFIT,INTERESTPAYMENT,IMAGEURL,CREATEDAT,UPDATEDAT) values (104,'제한없음 (단, 금융기관 및 별도 협약 시금고 제외)',1000000,'정기예금','거치식','실명확인증표','비과세종합저축 가능','만기일시지급식 (만기 또는 중도해지 요청시 이자를 지급)','/images/product/live-deposit.png',to_date('2025-11-18 03:33:31','YYYY-MM-DD HH24:MI:SS'),null);
Insert into BNKPROJECT.PRODUCTDETAIL (PRODUCTNO,ELIGIBILITY,MINAMOUNT,DEPOSITTYPE,PAYMENTMETHOD,REQUIREDDOCS,TAXBENEFIT,INTERESTPAYMENT,IMAGEURL,CREATEDAT,UPDATEDAT) values (105,'제한없음 (단, 금융기관 및 별도 협약 시금고 제외)',100000,'정기예금','거치식','실명확인증표','비과세종합저축 가능','만기일시지급식 (만기 또는 중도해지 요청시 이자를 지급)','/images/product/my-way-deposit.png',to_date('2025-11-18 03:33:35','YYYY-MM-DD HH24:MI:SS'),null);
Insert into BNKPROJECT.PRODUCTDETAIL (PRODUCTNO,ELIGIBILITY,MINAMOUNT,DEPOSITTYPE,PAYMENTMETHOD,REQUIREDDOCS,TAXBENEFIT,INTERESTPAYMENT,IMAGEURL,CREATEDAT,UPDATEDAT) values (201,'제한없음 (단, 금융기관 및 별도 협약 시금고 제외)',100000,'정기적금','적립식 (월 납입)','실명확인증표','비과세종합저축 가능','만기일시지급식 (만기 또는 중도해지 요청시 이자를 지급)','/images/product/eco-savings.png',to_date('2025-11-18 03:33:39','YYYY-MM-DD HH24:MI:SS'),null);
Insert into BNKPROJECT.PRODUCTDETAIL (PRODUCTNO,ELIGIBILITY,MINAMOUNT,DEPOSITTYPE,PAYMENTMETHOD,REQUIREDDOCS,TAXBENEFIT,INTERESTPAYMENT,IMAGEURL,CREATEDAT,UPDATEDAT) values (202,'제한없음 (단, 금융기관 및 별도 협약 시금고 제외)',50000,'정기적금','자유적립식','실명확인증표','비과세종합저축 가능','만기일시지급식 (만기 또는 중도해지 요청시 이자를 지급)','/images/product/regional-love.png',to_date('2025-11-18 03:33:43','YYYY-MM-DD HH24:MI:SS'),null);
Insert into BNKPROJECT.PRODUCTDETAIL (PRODUCTNO,ELIGIBILITY,MINAMOUNT,DEPOSITTYPE,PAYMENTMETHOD,REQUIREDDOCS,TAXBENEFIT,INTERESTPAYMENT,IMAGEURL,CREATEDAT,UPDATEDAT) values (203,'부산시의 내일채움공제 사업의 지원대상자로 선정된 근로자',100000,'정기적금','적립식 (월 납입)','실명확인증표, 내일채움공제 가입확인서','비과세 (청년내일채움공제)','만기일시지급식 (만기 또는 중도해지 요청시 이자를 지급)','/images/product/tomorrow-savings.png',to_date('2025-11-18 03:33:47','YYYY-MM-DD HH24:MI:SS'),null);
Insert into BNKPROJECT.PRODUCTDETAIL (PRODUCTNO,ELIGIBILITY,MINAMOUNT,DEPOSITTYPE,PAYMENTMETHOD,REQUIREDDOCS,TAXBENEFIT,INTERESTPAYMENT,IMAGEURL,CREATEDAT,UPDATEDAT) values (204,'개인 (법인 제외)',100000,'정기적금','적립식 (월 납입)','실명확인증표','비과세종합저축 가능','만기일시지급식 (만기 또는 중도해지 요청시 이자를 지급)','/images/product/household-savings.png',to_date('2025-11-18 03:33:51','YYYY-MM-DD HH24:MI:SS'),null);
Insert into BNKPROJECT.PRODUCTDETAIL (PRODUCTNO,ELIGIBILITY,MINAMOUNT,DEPOSITTYPE,PAYMENTMETHOD,REQUIREDDOCS,TAXBENEFIT,INTERESTPAYMENT,IMAGEURL,CREATEDAT,UPDATEDAT) values (205,'제한없음 (단, 금융기관 및 별도 협약 시금고 제외)',50000,'정기적금','적립식 (월 납입)','실명확인증표','비과세종합저축 가능','만기일시지급식 (만기 또는 중도해지 요청시 이자를 지급)','/images/product/my-way-savings.png',to_date('2025-11-18 03:33:54','YYYY-MM-DD HH24:MI:SS'),null);
Insert into BNKPROJECT.PRODUCTDETAIL (PRODUCTNO,ELIGIBILITY,MINAMOUNT,DEPOSITTYPE,PAYMENTMETHOD,REQUIREDDOCS,TAXBENEFIT,INTERESTPAYMENT,IMAGEURL,CREATEDAT,UPDATEDAT) values (301,'무주택 세대주 또는 무주택 세대의 세대원 (1인 1계좌)',100000,'주택청약종합저축','적립식 (월 납입)','실명확인증표, 주민등록등본','소득공제 (연 최대 300만원, 무주택 세대주)','만기일시지급식 (만기 또는 중도해지 요청시 이자를 지급)','/images/product/housing-subscription.png',to_date('2025-11-18 03:33:58','YYYY-MM-DD HH24:MI:SS'),null);
Insert into BNKPROJECT.PRODUCTDETAIL (PRODUCTNO,ELIGIBILITY,MINAMOUNT,DEPOSITTYPE,PAYMENTMETHOD,REQUIREDDOCS,TAXBENEFIT,INTERESTPAYMENT,IMAGEURL,CREATEDAT,UPDATEDAT) values (6,'제한없음 (개인, 모임, 동호회 등)',null,'보통예금','자유입출금식','실명확인증표','일반과세','매월 말일 기준 이자 지급 (월 복리)','/images/product/group-account.png',to_date('2025-11-18 03:33:12','YYYY-MM-DD HH24:MI:SS'),null);
Insert into BNKPROJECT.PRODUCTDETAIL (PRODUCTNO,ELIGIBILITY,MINAMOUNT,DEPOSITTYPE,PAYMENTMETHOD,REQUIREDDOCS,TAXBENEFIT,INTERESTPAYMENT,IMAGEURL,CREATEDAT,UPDATEDAT) values (101,'제한없음 (단, 금융기관 및 별도 협약 시금고 제외)',3000000,'정기예금','거치식','실명확인증표','비과세종합저축 가능','만기일시지급식 (만기 또는 중도해지 요청시 이자를 지급)','/images/product/Self-confidence-rafiki.png',to_date('2025-11-18 03:33:16','YYYY-MM-DD HH24:MI:SS'),null);
Insert into BNKPROJECT.PRODUCTDETAIL (PRODUCTNO,ELIGIBILITY,MINAMOUNT,DEPOSITTYPE,PAYMENTMETHOD,REQUIREDDOCS,TAXBENEFIT,INTERESTPAYMENT,IMAGEURL,CREATEDAT,UPDATEDAT) values (102,'제한없음 (단, 금융기관 및 별도 협약 시금고 제외)',1000000,'정기예금','거치식','실명확인증표','비과세종합저축 가능','만기일시지급식 (만기 또는 중도해지 요청시 이자를 지급)','/images/product/merit-deposit.png',to_date('2025-11-18 03:33:22','YYYY-MM-DD HH24:MI:SS'),null);
Insert into BNKPROJECT.PRODUCTDETAIL (PRODUCTNO,ELIGIBILITY,MINAMOUNT,DEPOSITTYPE,PAYMENTMETHOD,REQUIREDDOCS,TAXBENEFIT,INTERESTPAYMENT,IMAGEURL,CREATEDAT,UPDATEDAT) values (302,'만 19세 이상 34세 이하 무주택 청년',50000,'주택청약저축','적립식 (월 납입)','실명확인증표, 주민등록등본','비과세 (이자소득세 면제, 가입 후 2년 이상 납입)','만기일시지급식 (만기 또는 중도해지 요청시 이자를 지급)','/images/product/youth-housing.png',to_date('2025-11-18 03:34:02','YYYY-MM-DD HH24:MI:SS'),null);
Insert into BNKPROJECT.PRODUCTDETAIL (PRODUCTNO,ELIGIBILITY,MINAMOUNT,DEPOSITTYPE,PAYMENTMETHOD,REQUIREDDOCS,TAXBENEFIT,INTERESTPAYMENT,IMAGEURL,CREATEDAT,UPDATEDAT) values (401,'제한없음 (단, 금융기관 및 별도 협약 시금고 제외)',100000,'정기적금','적립식 (월 납입)','실명확인증표','비과세종합저축 가능','만기일시지급식 (만기 또는 중도해지 요청시 이자를 지급)','/images/product/only-one-savings.png',to_date('2025-11-18 03:34:06','YYYY-MM-DD HH24:MI:SS'),null);
Insert into BNKPROJECT.PRODUCTDETAIL (PRODUCTNO,ELIGIBILITY,MINAMOUNT,DEPOSITTYPE,PAYMENTMETHOD,REQUIREDDOCS,TAXBENEFIT,INTERESTPAYMENT,IMAGEURL,CREATEDAT,UPDATEDAT) values (402,'만 19세 이상 미혼자 (법적으로 혼인 관계가 없는 자)',100000,'정기적금','적립식 (월 납입)','실명확인증표','비과세종합저축 가능','만기일시지급식 (만기 또는 중도해지 요청시 이자를 지급)','/images/product/single-savings.png',to_date('2025-11-18 03:34:14','YYYY-MM-DD HH24:MI:SS'),null);
REM INSERTING into BNKPROJECT.PRODUCTJOINTYPE
SET DEFINE OFF;
Insert into BNKPROJECT.PRODUCTJOINTYPE (PRODUCTNO,JOINTYPE) values (1,'BRANCH');
Insert into BNKPROJECT.PRODUCTJOINTYPE (PRODUCTNO,JOINTYPE) values (1,'INTERNET');
Insert into BNKPROJECT.PRODUCTJOINTYPE (PRODUCTNO,JOINTYPE) values (1,'MOBILE');
Insert into BNKPROJECT.PRODUCTJOINTYPE (PRODUCTNO,JOINTYPE) values (2,'BRANCH');
Insert into BNKPROJECT.PRODUCTJOINTYPE (PRODUCTNO,JOINTYPE) values (2,'INTERNET');
Insert into BNKPROJECT.PRODUCTJOINTYPE (PRODUCTNO,JOINTYPE) values (2,'MOBILE');
Insert into BNKPROJECT.PRODUCTJOINTYPE (PRODUCTNO,JOINTYPE) values (3,'INTERNET');
Insert into BNKPROJECT.PRODUCTJOINTYPE (PRODUCTNO,JOINTYPE) values (3,'MOBILE');
Insert into BNKPROJECT.PRODUCTJOINTYPE (PRODUCTNO,JOINTYPE) values (4,'BRANCH');
Insert into BNKPROJECT.PRODUCTJOINTYPE (PRODUCTNO,JOINTYPE) values (5,'BRANCH');
Insert into BNKPROJECT.PRODUCTJOINTYPE (PRODUCTNO,JOINTYPE) values (6,'INTERNET');
Insert into BNKPROJECT.PRODUCTJOINTYPE (PRODUCTNO,JOINTYPE) values (6,'MOBILE');
Insert into BNKPROJECT.PRODUCTJOINTYPE (PRODUCTNO,JOINTYPE) values (101,'BRANCH');
Insert into BNKPROJECT.PRODUCTJOINTYPE (PRODUCTNO,JOINTYPE) values (101,'INTERNET');
Insert into BNKPROJECT.PRODUCTJOINTYPE (PRODUCTNO,JOINTYPE) values (101,'MOBILE');
Insert into BNKPROJECT.PRODUCTJOINTYPE (PRODUCTNO,JOINTYPE) values (102,'BRANCH');
Insert into BNKPROJECT.PRODUCTJOINTYPE (PRODUCTNO,JOINTYPE) values (102,'INTERNET');
Insert into BNKPROJECT.PRODUCTJOINTYPE (PRODUCTNO,JOINTYPE) values (102,'MOBILE');
Insert into BNKPROJECT.PRODUCTJOINTYPE (PRODUCTNO,JOINTYPE) values (103,'BRANCH');
Insert into BNKPROJECT.PRODUCTJOINTYPE (PRODUCTNO,JOINTYPE) values (104,'BRANCH');
Insert into BNKPROJECT.PRODUCTJOINTYPE (PRODUCTNO,JOINTYPE) values (105,'BRANCH');
Insert into BNKPROJECT.PRODUCTJOINTYPE (PRODUCTNO,JOINTYPE) values (105,'INTERNET');
Insert into BNKPROJECT.PRODUCTJOINTYPE (PRODUCTNO,JOINTYPE) values (105,'MOBILE');
Insert into BNKPROJECT.PRODUCTJOINTYPE (PRODUCTNO,JOINTYPE) values (201,'BRANCH');
Insert into BNKPROJECT.PRODUCTJOINTYPE (PRODUCTNO,JOINTYPE) values (201,'INTERNET');
Insert into BNKPROJECT.PRODUCTJOINTYPE (PRODUCTNO,JOINTYPE) values (201,'MOBILE');
Insert into BNKPROJECT.PRODUCTJOINTYPE (PRODUCTNO,JOINTYPE) values (202,'BRANCH');
Insert into BNKPROJECT.PRODUCTJOINTYPE (PRODUCTNO,JOINTYPE) values (202,'INTERNET');
Insert into BNKPROJECT.PRODUCTJOINTYPE (PRODUCTNO,JOINTYPE) values (202,'MOBILE');
Insert into BNKPROJECT.PRODUCTJOINTYPE (PRODUCTNO,JOINTYPE) values (203,'BRANCH');
Insert into BNKPROJECT.PRODUCTJOINTYPE (PRODUCTNO,JOINTYPE) values (203,'INTERNET');
Insert into BNKPROJECT.PRODUCTJOINTYPE (PRODUCTNO,JOINTYPE) values (203,'MOBILE');
Insert into BNKPROJECT.PRODUCTJOINTYPE (PRODUCTNO,JOINTYPE) values (204,'BRANCH');
Insert into BNKPROJECT.PRODUCTJOINTYPE (PRODUCTNO,JOINTYPE) values (204,'INTERNET');
Insert into BNKPROJECT.PRODUCTJOINTYPE (PRODUCTNO,JOINTYPE) values (204,'MOBILE');
Insert into BNKPROJECT.PRODUCTJOINTYPE (PRODUCTNO,JOINTYPE) values (205,'BRANCH');
Insert into BNKPROJECT.PRODUCTJOINTYPE (PRODUCTNO,JOINTYPE) values (205,'INTERNET');
Insert into BNKPROJECT.PRODUCTJOINTYPE (PRODUCTNO,JOINTYPE) values (205,'MOBILE');
Insert into BNKPROJECT.PRODUCTJOINTYPE (PRODUCTNO,JOINTYPE) values (301,'BRANCH');
Insert into BNKPROJECT.PRODUCTJOINTYPE (PRODUCTNO,JOINTYPE) values (301,'INTERNET');
Insert into BNKPROJECT.PRODUCTJOINTYPE (PRODUCTNO,JOINTYPE) values (301,'MOBILE');
Insert into BNKPROJECT.PRODUCTJOINTYPE (PRODUCTNO,JOINTYPE) values (302,'BRANCH');
Insert into BNKPROJECT.PRODUCTJOINTYPE (PRODUCTNO,JOINTYPE) values (302,'INTERNET');
Insert into BNKPROJECT.PRODUCTJOINTYPE (PRODUCTNO,JOINTYPE) values (302,'MOBILE');
Insert into BNKPROJECT.PRODUCTJOINTYPE (PRODUCTNO,JOINTYPE) values (401,'BRANCH');
Insert into BNKPROJECT.PRODUCTJOINTYPE (PRODUCTNO,JOINTYPE) values (401,'INTERNET');
Insert into BNKPROJECT.PRODUCTJOINTYPE (PRODUCTNO,JOINTYPE) values (401,'MOBILE');
Insert into BNKPROJECT.PRODUCTJOINTYPE (PRODUCTNO,JOINTYPE) values (402,'BRANCH');
Insert into BNKPROJECT.PRODUCTJOINTYPE (PRODUCTNO,JOINTYPE) values (402,'INTERNET');
Insert into BNKPROJECT.PRODUCTJOINTYPE (PRODUCTNO,JOINTYPE) values (402,'MOBILE');
REM INSERTING into BNKPROJECT.PRODUCTTERMS
SET DEFINE OFF;
Insert into BNKPROJECT.PRODUCTTERMS (TERMID,PRODUCTNO,TERMTYPE,TERMTITLE,ISREQUIRED,DISPLAYORDER,CREATEDAT,UPDATEDAT,STATUS) values (11,1,'ESSENTIAL','예금자보호 안내 및 이해 확인','Y',11,to_date('2025-11-18 07:55:23','YYYY-MM-DD HH24:MI:SS'),null,'Y');
Insert into BNKPROJECT.PRODUCTTERMS (TERMID,PRODUCTNO,TERMTYPE,TERMTITLE,ISREQUIRED,DISPLAYORDER,CREATEDAT,UPDATEDAT,STATUS) values (12,2,'ESSENTIAL','상품별 설명서 확인','Y',1,to_date('2025-11-18 07:55:23','YYYY-MM-DD HH24:MI:SS'),null,'Y');
Insert into BNKPROJECT.PRODUCTTERMS (TERMID,PRODUCTNO,TERMTYPE,TERMTITLE,ISREQUIRED,DISPLAYORDER,CREATEDAT,UPDATEDAT,STATUS) values (13,2,'ESSENTIAL','중요사항 설명 확인','Y',2,to_date('2025-11-18 07:55:23','YYYY-MM-DD HH24:MI:SS'),null,'Y');
Insert into BNKPROJECT.PRODUCTTERMS (TERMID,PRODUCTNO,TERMTYPE,TERMTITLE,ISREQUIRED,DISPLAYORDER,CREATEDAT,UPDATEDAT,STATUS) values (14,2,'ESSENTIAL','금융소비자 권리 안내 확인','Y',3,to_date('2025-11-18 07:55:23','YYYY-MM-DD HH24:MI:SS'),null,'Y');
Insert into BNKPROJECT.PRODUCTTERMS (TERMID,PRODUCTNO,TERMTYPE,TERMTITLE,ISREQUIRED,DISPLAYORDER,CREATEDAT,UPDATEDAT,STATUS) values (15,2,'ESSENTIAL','금융상품 가입 주요 안내 확인','Y',4,to_date('2025-11-18 07:55:23','YYYY-MM-DD HH24:MI:SS'),null,'Y');
Insert into BNKPROJECT.PRODUCTTERMS (TERMID,PRODUCTNO,TERMTYPE,TERMTITLE,ISREQUIRED,DISPLAYORDER,CREATEDAT,UPDATEDAT,STATUS) values (16,2,'ESSENTIAL','예금거래 기본약관 동의','Y',5,to_date('2025-11-18 07:55:23','YYYY-MM-DD HH24:MI:SS'),null,'Y');
Insert into BNKPROJECT.PRODUCTTERMS (TERMID,PRODUCTNO,TERMTYPE,TERMTITLE,ISREQUIRED,DISPLAYORDER,CREATEDAT,UPDATEDAT,STATUS) values (17,2,'ESSENTIAL','개인(신용)정보 수집·이용 동의','Y',6,to_date('2025-11-18 07:55:23','YYYY-MM-DD HH24:MI:SS'),null,'Y');
Insert into BNKPROJECT.PRODUCTTERMS (TERMID,PRODUCTNO,TERMTYPE,TERMTITLE,ISREQUIRED,DISPLAYORDER,CREATEDAT,UPDATEDAT,STATUS) values (18,2,'ESSENTIAL','개인(신용)정보 제3자 제공 동의','Y',7,to_date('2025-11-18 07:55:23','YYYY-MM-DD HH24:MI:SS'),null,'Y');
Insert into BNKPROJECT.PRODUCTTERMS (TERMID,PRODUCTNO,TERMTYPE,TERMTITLE,ISREQUIRED,DISPLAYORDER,CREATEDAT,UPDATEDAT,STATUS) values (19,2,'OPTIONAL','마케팅 목적의 개인정보 수집·이용 동의','N',8,to_date('2025-11-18 07:55:23','YYYY-MM-DD HH24:MI:SS'),null,'Y');
Insert into BNKPROJECT.PRODUCTTERMS (TERMID,PRODUCTNO,TERMTYPE,TERMTITLE,ISREQUIRED,DISPLAYORDER,CREATEDAT,UPDATEDAT,STATUS) values (20,2,'ESSENTIAL','중도해지 이자율 이해 확인','Y',9,to_date('2025-11-18 07:55:23','YYYY-MM-DD HH24:MI:SS'),null,'Y');
Insert into BNKPROJECT.PRODUCTTERMS (TERMID,PRODUCTNO,TERMTYPE,TERMTITLE,ISREQUIRED,DISPLAYORDER,CREATEDAT,UPDATEDAT,STATUS) values (21,2,'ESSENTIAL','최종 이자율 및 계약서 이해 확인','Y',10,to_date('2025-11-18 07:55:23','YYYY-MM-DD HH24:MI:SS'),null,'Y');
Insert into BNKPROJECT.PRODUCTTERMS (TERMID,PRODUCTNO,TERMTYPE,TERMTITLE,ISREQUIRED,DISPLAYORDER,CREATEDAT,UPDATEDAT,STATUS) values (22,2,'ESSENTIAL','예금자보호 안내 및 이해 확인','Y',11,to_date('2025-11-18 07:55:23','YYYY-MM-DD HH24:MI:SS'),null,'Y');
Insert into BNKPROJECT.PRODUCTTERMS (TERMID,PRODUCTNO,TERMTYPE,TERMTITLE,ISREQUIRED,DISPLAYORDER,CREATEDAT,UPDATEDAT,STATUS) values (23,3,'ESSENTIAL','상품별 설명서 확인','Y',1,to_date('2025-11-18 07:55:23','YYYY-MM-DD HH24:MI:SS'),null,'Y');
Insert into BNKPROJECT.PRODUCTTERMS (TERMID,PRODUCTNO,TERMTYPE,TERMTITLE,ISREQUIRED,DISPLAYORDER,CREATEDAT,UPDATEDAT,STATUS) values (24,3,'ESSENTIAL','중요사항 설명 확인','Y',2,to_date('2025-11-18 07:55:23','YYYY-MM-DD HH24:MI:SS'),null,'Y');
Insert into BNKPROJECT.PRODUCTTERMS (TERMID,PRODUCTNO,TERMTYPE,TERMTITLE,ISREQUIRED,DISPLAYORDER,CREATEDAT,UPDATEDAT,STATUS) values (25,3,'ESSENTIAL','금융소비자 권리 안내 확인','Y',3,to_date('2025-11-18 07:55:23','YYYY-MM-DD HH24:MI:SS'),null,'Y');
Insert into BNKPROJECT.PRODUCTTERMS (TERMID,PRODUCTNO,TERMTYPE,TERMTITLE,ISREQUIRED,DISPLAYORDER,CREATEDAT,UPDATEDAT,STATUS) values (1,1,'ESSENTIAL','상품별 설명서 확인','Y',1,to_date('2025-11-18 07:55:23','YYYY-MM-DD HH24:MI:SS'),null,'Y');
Insert into BNKPROJECT.PRODUCTTERMS (TERMID,PRODUCTNO,TERMTYPE,TERMTITLE,ISREQUIRED,DISPLAYORDER,CREATEDAT,UPDATEDAT,STATUS) values (2,1,'ESSENTIAL','중요사항 설명 확인','Y',2,to_date('2025-11-18 07:55:23','YYYY-MM-DD HH24:MI:SS'),null,'Y');
Insert into BNKPROJECT.PRODUCTTERMS (TERMID,PRODUCTNO,TERMTYPE,TERMTITLE,ISREQUIRED,DISPLAYORDER,CREATEDAT,UPDATEDAT,STATUS) values (3,1,'ESSENTIAL','금융소비자 권리 안내 확인','Y',3,to_date('2025-11-18 07:55:23','YYYY-MM-DD HH24:MI:SS'),null,'Y');
Insert into BNKPROJECT.PRODUCTTERMS (TERMID,PRODUCTNO,TERMTYPE,TERMTITLE,ISREQUIRED,DISPLAYORDER,CREATEDAT,UPDATEDAT,STATUS) values (4,1,'ESSENTIAL','금융상품 가입 주요 안내 확인','Y',4,to_date('2025-11-18 07:55:23','YYYY-MM-DD HH24:MI:SS'),null,'Y');
Insert into BNKPROJECT.PRODUCTTERMS (TERMID,PRODUCTNO,TERMTYPE,TERMTITLE,ISREQUIRED,DISPLAYORDER,CREATEDAT,UPDATEDAT,STATUS) values (5,1,'ESSENTIAL','예금거래 기본약관 동의','Y',5,to_date('2025-11-18 07:55:23','YYYY-MM-DD HH24:MI:SS'),null,'Y');
Insert into BNKPROJECT.PRODUCTTERMS (TERMID,PRODUCTNO,TERMTYPE,TERMTITLE,ISREQUIRED,DISPLAYORDER,CREATEDAT,UPDATEDAT,STATUS) values (6,1,'ESSENTIAL','개인(신용)정보 수집·이용 동의','Y',6,to_date('2025-11-18 07:55:23','YYYY-MM-DD HH24:MI:SS'),null,'Y');
Insert into BNKPROJECT.PRODUCTTERMS (TERMID,PRODUCTNO,TERMTYPE,TERMTITLE,ISREQUIRED,DISPLAYORDER,CREATEDAT,UPDATEDAT,STATUS) values (7,1,'ESSENTIAL','개인(신용)정보 제3자 제공 동의','Y',7,to_date('2025-11-18 07:55:23','YYYY-MM-DD HH24:MI:SS'),null,'Y');
Insert into BNKPROJECT.PRODUCTTERMS (TERMID,PRODUCTNO,TERMTYPE,TERMTITLE,ISREQUIRED,DISPLAYORDER,CREATEDAT,UPDATEDAT,STATUS) values (8,1,'OPTIONAL','마케팅 목적의 개인정보 수집·이용 동의','N',8,to_date('2025-11-18 07:55:23','YYYY-MM-DD HH24:MI:SS'),null,'Y');
Insert into BNKPROJECT.PRODUCTTERMS (TERMID,PRODUCTNO,TERMTYPE,TERMTITLE,ISREQUIRED,DISPLAYORDER,CREATEDAT,UPDATEDAT,STATUS) values (9,1,'ESSENTIAL','중도해지 이자율 이해 확인','Y',9,to_date('2025-11-18 07:55:23','YYYY-MM-DD HH24:MI:SS'),null,'Y');
Insert into BNKPROJECT.PRODUCTTERMS (TERMID,PRODUCTNO,TERMTYPE,TERMTITLE,ISREQUIRED,DISPLAYORDER,CREATEDAT,UPDATEDAT,STATUS) values (10,1,'ESSENTIAL','최종 이자율 및 계약서 이해 확인','Y',10,to_date('2025-11-18 07:55:23','YYYY-MM-DD HH24:MI:SS'),null,'Y');
Insert into BNKPROJECT.PRODUCTTERMS (TERMID,PRODUCTNO,TERMTYPE,TERMTITLE,ISREQUIRED,DISPLAYORDER,CREATEDAT,UPDATEDAT,STATUS) values (30,3,'OPTIONAL','마케팅 목적의 개인정보 수집·이용 동의','N',8,to_date('2025-11-18 07:55:23','YYYY-MM-DD HH24:MI:SS'),null,'Y');
Insert into BNKPROJECT.PRODUCTTERMS (TERMID,PRODUCTNO,TERMTYPE,TERMTITLE,ISREQUIRED,DISPLAYORDER,CREATEDAT,UPDATEDAT,STATUS) values (31,3,'ESSENTIAL','중도해지 이자율 이해 확인','Y',9,to_date('2025-11-18 07:55:23','YYYY-MM-DD HH24:MI:SS'),null,'Y');
Insert into BNKPROJECT.PRODUCTTERMS (TERMID,PRODUCTNO,TERMTYPE,TERMTITLE,ISREQUIRED,DISPLAYORDER,CREATEDAT,UPDATEDAT,STATUS) values (32,3,'ESSENTIAL','최종 이자율 및 계약서 이해 확인','Y',10,to_date('2025-11-18 07:55:23','YYYY-MM-DD HH24:MI:SS'),null,'Y');
Insert into BNKPROJECT.PRODUCTTERMS (TERMID,PRODUCTNO,TERMTYPE,TERMTITLE,ISREQUIRED,DISPLAYORDER,CREATEDAT,UPDATEDAT,STATUS) values (33,3,'ESSENTIAL','예금자보호 안내 및 이해 확인','Y',11,to_date('2025-11-18 07:55:23','YYYY-MM-DD HH24:MI:SS'),null,'Y');
Insert into BNKPROJECT.PRODUCTTERMS (TERMID,PRODUCTNO,TERMTYPE,TERMTITLE,ISREQUIRED,DISPLAYORDER,CREATEDAT,UPDATEDAT,STATUS) values (34,4,'ESSENTIAL','상품별 설명서 확인','Y',1,to_date('2025-11-18 07:55:23','YYYY-MM-DD HH24:MI:SS'),null,'Y');
Insert into BNKPROJECT.PRODUCTTERMS (TERMID,PRODUCTNO,TERMTYPE,TERMTITLE,ISREQUIRED,DISPLAYORDER,CREATEDAT,UPDATEDAT,STATUS) values (35,4,'ESSENTIAL','중요사항 설명 확인','Y',2,to_date('2025-11-18 07:55:23','YYYY-MM-DD HH24:MI:SS'),null,'Y');
Insert into BNKPROJECT.PRODUCTTERMS (TERMID,PRODUCTNO,TERMTYPE,TERMTITLE,ISREQUIRED,DISPLAYORDER,CREATEDAT,UPDATEDAT,STATUS) values (40,4,'ESSENTIAL','개인(신용)정보 제3자 제공 동의','Y',7,to_date('2025-11-18 07:55:23','YYYY-MM-DD HH24:MI:SS'),null,'Y');
Insert into BNKPROJECT.PRODUCTTERMS (TERMID,PRODUCTNO,TERMTYPE,TERMTITLE,ISREQUIRED,DISPLAYORDER,CREATEDAT,UPDATEDAT,STATUS) values (41,4,'OPTIONAL','마케팅 목적의 개인정보 수집·이용 동의','N',8,to_date('2025-11-18 07:55:23','YYYY-MM-DD HH24:MI:SS'),null,'Y');
Insert into BNKPROJECT.PRODUCTTERMS (TERMID,PRODUCTNO,TERMTYPE,TERMTITLE,ISREQUIRED,DISPLAYORDER,CREATEDAT,UPDATEDAT,STATUS) values (42,4,'ESSENTIAL','중도해지 이자율 이해 확인','Y',9,to_date('2025-11-18 07:55:23','YYYY-MM-DD HH24:MI:SS'),null,'Y');
Insert into BNKPROJECT.PRODUCTTERMS (TERMID,PRODUCTNO,TERMTYPE,TERMTITLE,ISREQUIRED,DISPLAYORDER,CREATEDAT,UPDATEDAT,STATUS) values (43,4,'ESSENTIAL','최종 이자율 및 계약서 이해 확인','Y',10,to_date('2025-11-18 07:55:23','YYYY-MM-DD HH24:MI:SS'),null,'Y');
Insert into BNKPROJECT.PRODUCTTERMS (TERMID,PRODUCTNO,TERMTYPE,TERMTITLE,ISREQUIRED,DISPLAYORDER,CREATEDAT,UPDATEDAT,STATUS) values (44,4,'ESSENTIAL','예금자보호 안내 및 이해 확인','Y',11,to_date('2025-11-18 07:55:23','YYYY-MM-DD HH24:MI:SS'),null,'Y');
Insert into BNKPROJECT.PRODUCTTERMS (TERMID,PRODUCTNO,TERMTYPE,TERMTITLE,ISREQUIRED,DISPLAYORDER,CREATEDAT,UPDATEDAT,STATUS) values (55,5,'ESSENTIAL','예금자보호 안내 및 이해 확인','Y',11,to_date('2025-11-18 07:55:23','YYYY-MM-DD HH24:MI:SS'),null,'Y');
Insert into BNKPROJECT.PRODUCTTERMS (TERMID,PRODUCTNO,TERMTYPE,TERMTITLE,ISREQUIRED,DISPLAYORDER,CREATEDAT,UPDATEDAT,STATUS) values (61,6,'ESSENTIAL','개인(신용)정보 수집·이용 동의','Y',6,to_date('2025-11-18 07:55:23','YYYY-MM-DD HH24:MI:SS'),null,'Y');
Insert into BNKPROJECT.PRODUCTTERMS (TERMID,PRODUCTNO,TERMTYPE,TERMTITLE,ISREQUIRED,DISPLAYORDER,CREATEDAT,UPDATEDAT,STATUS) values (62,6,'ESSENTIAL','개인(신용)정보 제3자 제공 동의','Y',7,to_date('2025-11-18 07:55:23','YYYY-MM-DD HH24:MI:SS'),null,'Y');
Insert into BNKPROJECT.PRODUCTTERMS (TERMID,PRODUCTNO,TERMTYPE,TERMTITLE,ISREQUIRED,DISPLAYORDER,CREATEDAT,UPDATEDAT,STATUS) values (45,5,'ESSENTIAL','상품별 설명서 확인','Y',1,to_date('2025-11-18 07:55:23','YYYY-MM-DD HH24:MI:SS'),null,'Y');
Insert into BNKPROJECT.PRODUCTTERMS (TERMID,PRODUCTNO,TERMTYPE,TERMTITLE,ISREQUIRED,DISPLAYORDER,CREATEDAT,UPDATEDAT,STATUS) values (46,5,'ESSENTIAL','중요사항 설명 확인','Y',2,to_date('2025-11-18 07:55:23','YYYY-MM-DD HH24:MI:SS'),null,'Y');
Insert into BNKPROJECT.PRODUCTTERMS (TERMID,PRODUCTNO,TERMTYPE,TERMTITLE,ISREQUIRED,DISPLAYORDER,CREATEDAT,UPDATEDAT,STATUS) values (47,5,'ESSENTIAL','금융소비자 권리 안내 확인','Y',3,to_date('2025-11-18 07:55:23','YYYY-MM-DD HH24:MI:SS'),null,'Y');
Insert into BNKPROJECT.PRODUCTTERMS (TERMID,PRODUCTNO,TERMTYPE,TERMTITLE,ISREQUIRED,DISPLAYORDER,CREATEDAT,UPDATEDAT,STATUS) values (48,5,'ESSENTIAL','금융상품 가입 주요 안내 확인','Y',4,to_date('2025-11-18 07:55:23','YYYY-MM-DD HH24:MI:SS'),null,'Y');
Insert into BNKPROJECT.PRODUCTTERMS (TERMID,PRODUCTNO,TERMTYPE,TERMTITLE,ISREQUIRED,DISPLAYORDER,CREATEDAT,UPDATEDAT,STATUS) values (49,5,'ESSENTIAL','예금거래 기본약관 동의','Y',5,to_date('2025-11-18 07:55:23','YYYY-MM-DD HH24:MI:SS'),null,'Y');
Insert into BNKPROJECT.PRODUCTTERMS (TERMID,PRODUCTNO,TERMTYPE,TERMTITLE,ISREQUIRED,DISPLAYORDER,CREATEDAT,UPDATEDAT,STATUS) values (50,5,'ESSENTIAL','개인(신용)정보 수집·이용 동의','Y',6,to_date('2025-11-18 07:55:23','YYYY-MM-DD HH24:MI:SS'),null,'Y');
Insert into BNKPROJECT.PRODUCTTERMS (TERMID,PRODUCTNO,TERMTYPE,TERMTITLE,ISREQUIRED,DISPLAYORDER,CREATEDAT,UPDATEDAT,STATUS) values (51,5,'ESSENTIAL','개인(신용)정보 제3자 제공 동의','Y',7,to_date('2025-11-18 07:55:23','YYYY-MM-DD HH24:MI:SS'),null,'Y');
Insert into BNKPROJECT.PRODUCTTERMS (TERMID,PRODUCTNO,TERMTYPE,TERMTITLE,ISREQUIRED,DISPLAYORDER,CREATEDAT,UPDATEDAT,STATUS) values (52,5,'OPTIONAL','마케팅 목적의 개인정보 수집·이용 동의','N',8,to_date('2025-11-18 07:55:23','YYYY-MM-DD HH24:MI:SS'),null,'Y');
Insert into BNKPROJECT.PRODUCTTERMS (TERMID,PRODUCTNO,TERMTYPE,TERMTITLE,ISREQUIRED,DISPLAYORDER,CREATEDAT,UPDATEDAT,STATUS) values (53,5,'ESSENTIAL','중도해지 이자율 이해 확인','Y',9,to_date('2025-11-18 07:55:23','YYYY-MM-DD HH24:MI:SS'),null,'Y');
Insert into BNKPROJECT.PRODUCTTERMS (TERMID,PRODUCTNO,TERMTYPE,TERMTITLE,ISREQUIRED,DISPLAYORDER,CREATEDAT,UPDATEDAT,STATUS) values (54,5,'ESSENTIAL','최종 이자율 및 계약서 이해 확인','Y',10,to_date('2025-11-18 07:55:23','YYYY-MM-DD HH24:MI:SS'),null,'Y');
Insert into BNKPROJECT.PRODUCTTERMS (TERMID,PRODUCTNO,TERMTYPE,TERMTITLE,ISREQUIRED,DISPLAYORDER,CREATEDAT,UPDATEDAT,STATUS) values (56,6,'ESSENTIAL','상품별 설명서 확인','Y',1,to_date('2025-11-18 07:55:23','YYYY-MM-DD HH24:MI:SS'),null,'Y');
Insert into BNKPROJECT.PRODUCTTERMS (TERMID,PRODUCTNO,TERMTYPE,TERMTITLE,ISREQUIRED,DISPLAYORDER,CREATEDAT,UPDATEDAT,STATUS) values (57,6,'ESSENTIAL','중요사항 설명 확인','Y',2,to_date('2025-11-18 07:55:23','YYYY-MM-DD HH24:MI:SS'),null,'Y');
Insert into BNKPROJECT.PRODUCTTERMS (TERMID,PRODUCTNO,TERMTYPE,TERMTITLE,ISREQUIRED,DISPLAYORDER,CREATEDAT,UPDATEDAT,STATUS) values (58,6,'ESSENTIAL','금융소비자 권리 안내 확인','Y',3,to_date('2025-11-18 07:55:23','YYYY-MM-DD HH24:MI:SS'),null,'Y');
Insert into BNKPROJECT.PRODUCTTERMS (TERMID,PRODUCTNO,TERMTYPE,TERMTITLE,ISREQUIRED,DISPLAYORDER,CREATEDAT,UPDATEDAT,STATUS) values (59,6,'ESSENTIAL','금융상품 가입 주요 안내 확인','Y',4,to_date('2025-11-18 07:55:23','YYYY-MM-DD HH24:MI:SS'),null,'Y');
Insert into BNKPROJECT.PRODUCTTERMS (TERMID,PRODUCTNO,TERMTYPE,TERMTITLE,ISREQUIRED,DISPLAYORDER,CREATEDAT,UPDATEDAT,STATUS) values (60,6,'ESSENTIAL','예금거래 기본약관 동의','Y',5,to_date('2025-11-18 07:55:23','YYYY-MM-DD HH24:MI:SS'),null,'Y');
Insert into BNKPROJECT.PRODUCTTERMS (TERMID,PRODUCTNO,TERMTYPE,TERMTITLE,ISREQUIRED,DISPLAYORDER,CREATEDAT,UPDATEDAT,STATUS) values (36,4,'ESSENTIAL','금융소비자 권리 안내 확인','Y',3,to_date('2025-11-18 07:55:23','YYYY-MM-DD HH24:MI:SS'),null,'Y');
Insert into BNKPROJECT.PRODUCTTERMS (TERMID,PRODUCTNO,TERMTYPE,TERMTITLE,ISREQUIRED,DISPLAYORDER,CREATEDAT,UPDATEDAT,STATUS) values (37,4,'ESSENTIAL','금융상품 가입 주요 안내 확인','Y',4,to_date('2025-11-18 07:55:23','YYYY-MM-DD HH24:MI:SS'),null,'Y');
Insert into BNKPROJECT.PRODUCTTERMS (TERMID,PRODUCTNO,TERMTYPE,TERMTITLE,ISREQUIRED,DISPLAYORDER,CREATEDAT,UPDATEDAT,STATUS) values (38,4,'ESSENTIAL','예금거래 기본약관 동의','Y',5,to_date('2025-11-18 07:55:23','YYYY-MM-DD HH24:MI:SS'),null,'Y');
Insert into BNKPROJECT.PRODUCTTERMS (TERMID,PRODUCTNO,TERMTYPE,TERMTITLE,ISREQUIRED,DISPLAYORDER,CREATEDAT,UPDATEDAT,STATUS) values (39,4,'ESSENTIAL','개인(신용)정보 수집·이용 동의','Y',6,to_date('2025-11-18 07:55:23','YYYY-MM-DD HH24:MI:SS'),null,'Y');
Insert into BNKPROJECT.PRODUCTTERMS (TERMID,PRODUCTNO,TERMTYPE,TERMTITLE,ISREQUIRED,DISPLAYORDER,CREATEDAT,UPDATEDAT,STATUS) values (26,3,'ESSENTIAL','금융상품 가입 주요 안내 확인','Y',4,to_date('2025-11-18 07:55:23','YYYY-MM-DD HH24:MI:SS'),null,'Y');
Insert into BNKPROJECT.PRODUCTTERMS (TERMID,PRODUCTNO,TERMTYPE,TERMTITLE,ISREQUIRED,DISPLAYORDER,CREATEDAT,UPDATEDAT,STATUS) values (27,3,'ESSENTIAL','예금거래 기본약관 동의','Y',5,to_date('2025-11-18 07:55:23','YYYY-MM-DD HH24:MI:SS'),null,'Y');
Insert into BNKPROJECT.PRODUCTTERMS (TERMID,PRODUCTNO,TERMTYPE,TERMTITLE,ISREQUIRED,DISPLAYORDER,CREATEDAT,UPDATEDAT,STATUS) values (28,3,'ESSENTIAL','개인(신용)정보 수집·이용 동의','Y',6,to_date('2025-11-18 07:55:23','YYYY-MM-DD HH24:MI:SS'),null,'Y');
Insert into BNKPROJECT.PRODUCTTERMS (TERMID,PRODUCTNO,TERMTYPE,TERMTITLE,ISREQUIRED,DISPLAYORDER,CREATEDAT,UPDATEDAT,STATUS) values (29,3,'ESSENTIAL','개인(신용)정보 제3자 제공 동의','Y',7,to_date('2025-11-18 07:55:23','YYYY-MM-DD HH24:MI:SS'),null,'Y');
Insert into BNKPROJECT.PRODUCTTERMS (TERMID,PRODUCTNO,TERMTYPE,TERMTITLE,ISREQUIRED,DISPLAYORDER,CREATEDAT,UPDATEDAT,STATUS) values (72,101,'ESSENTIAL','개인(신용)정보 수집·이용 동의','Y',6,to_date('2025-11-18 07:55:23','YYYY-MM-DD HH24:MI:SS'),null,'Y');
Insert into BNKPROJECT.PRODUCTTERMS (TERMID,PRODUCTNO,TERMTYPE,TERMTITLE,ISREQUIRED,DISPLAYORDER,CREATEDAT,UPDATEDAT,STATUS) values (73,101,'ESSENTIAL','개인(신용)정보 제3자 제공 동의','Y',7,to_date('2025-11-18 07:55:23','YYYY-MM-DD HH24:MI:SS'),null,'Y');
Insert into BNKPROJECT.PRODUCTTERMS (TERMID,PRODUCTNO,TERMTYPE,TERMTITLE,ISREQUIRED,DISPLAYORDER,CREATEDAT,UPDATEDAT,STATUS) values (74,101,'OPTIONAL','마케팅 목적의 개인정보 수집·이용 동의','N',8,to_date('2025-11-18 07:55:23','YYYY-MM-DD HH24:MI:SS'),null,'Y');
Insert into BNKPROJECT.PRODUCTTERMS (TERMID,PRODUCTNO,TERMTYPE,TERMTITLE,ISREQUIRED,DISPLAYORDER,CREATEDAT,UPDATEDAT,STATUS) values (75,101,'ESSENTIAL','중도해지 이자율 이해 확인','Y',9,to_date('2025-11-18 07:55:23','YYYY-MM-DD HH24:MI:SS'),null,'Y');
Insert into BNKPROJECT.PRODUCTTERMS (TERMID,PRODUCTNO,TERMTYPE,TERMTITLE,ISREQUIRED,DISPLAYORDER,CREATEDAT,UPDATEDAT,STATUS) values (76,101,'ESSENTIAL','최종 이자율 및 계약서 이해 확인','Y',10,to_date('2025-11-18 07:55:23','YYYY-MM-DD HH24:MI:SS'),null,'Y');
Insert into BNKPROJECT.PRODUCTTERMS (TERMID,PRODUCTNO,TERMTYPE,TERMTITLE,ISREQUIRED,DISPLAYORDER,CREATEDAT,UPDATEDAT,STATUS) values (77,101,'ESSENTIAL','예금자보호 안내 및 이해 확인','Y',11,to_date('2025-11-18 07:55:23','YYYY-MM-DD HH24:MI:SS'),null,'Y');
Insert into BNKPROJECT.PRODUCTTERMS (TERMID,PRODUCTNO,TERMTYPE,TERMTITLE,ISREQUIRED,DISPLAYORDER,CREATEDAT,UPDATEDAT,STATUS) values (88,102,'ESSENTIAL','예금자보호 안내 및 이해 확인','Y',11,to_date('2025-11-18 07:55:23','YYYY-MM-DD HH24:MI:SS'),null,'Y');
Insert into BNKPROJECT.PRODUCTTERMS (TERMID,PRODUCTNO,TERMTYPE,TERMTITLE,ISREQUIRED,DISPLAYORDER,CREATEDAT,UPDATEDAT,STATUS) values (94,103,'ESSENTIAL','개인(신용)정보 수집·이용 동의','Y',6,to_date('2025-11-18 07:55:23','YYYY-MM-DD HH24:MI:SS'),null,'Y');
Insert into BNKPROJECT.PRODUCTTERMS (TERMID,PRODUCTNO,TERMTYPE,TERMTITLE,ISREQUIRED,DISPLAYORDER,CREATEDAT,UPDATEDAT,STATUS) values (95,103,'ESSENTIAL','개인(신용)정보 제3자 제공 동의','Y',7,to_date('2025-11-18 07:55:23','YYYY-MM-DD HH24:MI:SS'),null,'Y');
Insert into BNKPROJECT.PRODUCTTERMS (TERMID,PRODUCTNO,TERMTYPE,TERMTITLE,ISREQUIRED,DISPLAYORDER,CREATEDAT,UPDATEDAT,STATUS) values (78,102,'ESSENTIAL','상품별 설명서 확인','Y',1,to_date('2025-11-18 07:55:23','YYYY-MM-DD HH24:MI:SS'),null,'Y');
Insert into BNKPROJECT.PRODUCTTERMS (TERMID,PRODUCTNO,TERMTYPE,TERMTITLE,ISREQUIRED,DISPLAYORDER,CREATEDAT,UPDATEDAT,STATUS) values (80,102,'ESSENTIAL','금융소비자 권리 안내 확인','Y',3,to_date('2025-11-18 07:55:23','YYYY-MM-DD HH24:MI:SS'),null,'Y');
Insert into BNKPROJECT.PRODUCTTERMS (TERMID,PRODUCTNO,TERMTYPE,TERMTITLE,ISREQUIRED,DISPLAYORDER,CREATEDAT,UPDATEDAT,STATUS) values (81,102,'ESSENTIAL','금융상품 가입 주요 안내 확인','Y',4,to_date('2025-11-18 07:55:23','YYYY-MM-DD HH24:MI:SS'),null,'Y');
Insert into BNKPROJECT.PRODUCTTERMS (TERMID,PRODUCTNO,TERMTYPE,TERMTITLE,ISREQUIRED,DISPLAYORDER,CREATEDAT,UPDATEDAT,STATUS) values (82,102,'ESSENTIAL','예금거래 기본약관 동의','Y',5,to_date('2025-11-18 07:55:23','YYYY-MM-DD HH24:MI:SS'),null,'Y');
Insert into BNKPROJECT.PRODUCTTERMS (TERMID,PRODUCTNO,TERMTYPE,TERMTITLE,ISREQUIRED,DISPLAYORDER,CREATEDAT,UPDATEDAT,STATUS) values (89,103,'ESSENTIAL','상품별 설명서 확인','Y',1,to_date('2025-11-18 07:55:23','YYYY-MM-DD HH24:MI:SS'),null,'Y');
Insert into BNKPROJECT.PRODUCTTERMS (TERMID,PRODUCTNO,TERMTYPE,TERMTITLE,ISREQUIRED,DISPLAYORDER,CREATEDAT,UPDATEDAT,STATUS) values (83,102,'ESSENTIAL','개인(신용)정보 수집·이용 동의','Y',6,to_date('2025-11-18 07:55:23','YYYY-MM-DD HH24:MI:SS'),null,'Y');
Insert into BNKPROJECT.PRODUCTTERMS (TERMID,PRODUCTNO,TERMTYPE,TERMTITLE,ISREQUIRED,DISPLAYORDER,CREATEDAT,UPDATEDAT,STATUS) values (84,102,'ESSENTIAL','개인(신용)정보 제3자 제공 동의','Y',7,to_date('2025-11-18 07:55:23','YYYY-MM-DD HH24:MI:SS'),null,'Y');
Insert into BNKPROJECT.PRODUCTTERMS (TERMID,PRODUCTNO,TERMTYPE,TERMTITLE,ISREQUIRED,DISPLAYORDER,CREATEDAT,UPDATEDAT,STATUS) values (85,102,'OPTIONAL','마케팅 목적의 개인정보 수집·이용 동의','N',8,to_date('2025-11-18 07:55:23','YYYY-MM-DD HH24:MI:SS'),null,'Y');
Insert into BNKPROJECT.PRODUCTTERMS (TERMID,PRODUCTNO,TERMTYPE,TERMTITLE,ISREQUIRED,DISPLAYORDER,CREATEDAT,UPDATEDAT,STATUS) values (86,102,'ESSENTIAL','중도해지 이자율 이해 확인','Y',9,to_date('2025-11-18 07:55:23','YYYY-MM-DD HH24:MI:SS'),null,'Y');
Insert into BNKPROJECT.PRODUCTTERMS (TERMID,PRODUCTNO,TERMTYPE,TERMTITLE,ISREQUIRED,DISPLAYORDER,CREATEDAT,UPDATEDAT,STATUS) values (87,102,'ESSENTIAL','최종 이자율 및 계약서 이해 확인','Y',10,to_date('2025-11-18 07:55:23','YYYY-MM-DD HH24:MI:SS'),null,'Y');
Insert into BNKPROJECT.PRODUCTTERMS (TERMID,PRODUCTNO,TERMTYPE,TERMTITLE,ISREQUIRED,DISPLAYORDER,CREATEDAT,UPDATEDAT,STATUS) values (90,103,'ESSENTIAL','중요사항 설명 확인','Y',2,to_date('2025-11-18 07:55:23','YYYY-MM-DD HH24:MI:SS'),null,'Y');
Insert into BNKPROJECT.PRODUCTTERMS (TERMID,PRODUCTNO,TERMTYPE,TERMTITLE,ISREQUIRED,DISPLAYORDER,CREATEDAT,UPDATEDAT,STATUS) values (91,103,'ESSENTIAL','금융소비자 권리 안내 확인','Y',3,to_date('2025-11-18 07:55:23','YYYY-MM-DD HH24:MI:SS'),null,'Y');
Insert into BNKPROJECT.PRODUCTTERMS (TERMID,PRODUCTNO,TERMTYPE,TERMTITLE,ISREQUIRED,DISPLAYORDER,CREATEDAT,UPDATEDAT,STATUS) values (92,103,'ESSENTIAL','금융상품 가입 주요 안내 확인','Y',4,to_date('2025-11-18 07:55:23','YYYY-MM-DD HH24:MI:SS'),null,'Y');
Insert into BNKPROJECT.PRODUCTTERMS (TERMID,PRODUCTNO,TERMTYPE,TERMTITLE,ISREQUIRED,DISPLAYORDER,CREATEDAT,UPDATEDAT,STATUS) values (93,103,'ESSENTIAL','예금거래 기본약관 동의','Y',5,to_date('2025-11-18 07:55:23','YYYY-MM-DD HH24:MI:SS'),null,'Y');
Insert into BNKPROJECT.PRODUCTTERMS (TERMID,PRODUCTNO,TERMTYPE,TERMTITLE,ISREQUIRED,DISPLAYORDER,CREATEDAT,UPDATEDAT,STATUS) values (101,104,'ESSENTIAL','중요사항 설명 확인','Y',2,to_date('2025-11-18 07:55:23','YYYY-MM-DD HH24:MI:SS'),null,'Y');
Insert into BNKPROJECT.PRODUCTTERMS (TERMID,PRODUCTNO,TERMTYPE,TERMTITLE,ISREQUIRED,DISPLAYORDER,CREATEDAT,UPDATEDAT,STATUS) values (63,6,'OPTIONAL','마케팅 목적의 개인정보 수집·이용 동의','N',8,to_date('2025-11-18 07:55:23','YYYY-MM-DD HH24:MI:SS'),null,'Y');
Insert into BNKPROJECT.PRODUCTTERMS (TERMID,PRODUCTNO,TERMTYPE,TERMTITLE,ISREQUIRED,DISPLAYORDER,CREATEDAT,UPDATEDAT,STATUS) values (64,6,'ESSENTIAL','중도해지 이자율 이해 확인','Y',9,to_date('2025-11-18 07:55:23','YYYY-MM-DD HH24:MI:SS'),null,'Y');
Insert into BNKPROJECT.PRODUCTTERMS (TERMID,PRODUCTNO,TERMTYPE,TERMTITLE,ISREQUIRED,DISPLAYORDER,CREATEDAT,UPDATEDAT,STATUS) values (65,6,'ESSENTIAL','최종 이자율 및 계약서 이해 확인','Y',10,to_date('2025-11-18 07:55:23','YYYY-MM-DD HH24:MI:SS'),null,'Y');
Insert into BNKPROJECT.PRODUCTTERMS (TERMID,PRODUCTNO,TERMTYPE,TERMTITLE,ISREQUIRED,DISPLAYORDER,CREATEDAT,UPDATEDAT,STATUS) values (66,6,'ESSENTIAL','예금자보호 안내 및 이해 확인','Y',11,to_date('2025-11-18 07:55:23','YYYY-MM-DD HH24:MI:SS'),null,'Y');
Insert into BNKPROJECT.PRODUCTTERMS (TERMID,PRODUCTNO,TERMTYPE,TERMTITLE,ISREQUIRED,DISPLAYORDER,CREATEDAT,UPDATEDAT,STATUS) values (67,101,'ESSENTIAL','상품별 설명서 확인','Y',1,to_date('2025-11-18 07:55:23','YYYY-MM-DD HH24:MI:SS'),null,'Y');
Insert into BNKPROJECT.PRODUCTTERMS (TERMID,PRODUCTNO,TERMTYPE,TERMTITLE,ISREQUIRED,DISPLAYORDER,CREATEDAT,UPDATEDAT,STATUS) values (68,101,'ESSENTIAL','중요사항 설명 확인','Y',2,to_date('2025-11-18 07:55:23','YYYY-MM-DD HH24:MI:SS'),null,'Y');
Insert into BNKPROJECT.PRODUCTTERMS (TERMID,PRODUCTNO,TERMTYPE,TERMTITLE,ISREQUIRED,DISPLAYORDER,CREATEDAT,UPDATEDAT,STATUS) values (69,101,'ESSENTIAL','금융소비자 권리 안내 확인','Y',3,to_date('2025-11-18 07:55:23','YYYY-MM-DD HH24:MI:SS'),null,'Y');
Insert into BNKPROJECT.PRODUCTTERMS (TERMID,PRODUCTNO,TERMTYPE,TERMTITLE,ISREQUIRED,DISPLAYORDER,CREATEDAT,UPDATEDAT,STATUS) values (70,101,'ESSENTIAL','금융상품 가입 주요 안내 확인','Y',4,to_date('2025-11-18 07:55:23','YYYY-MM-DD HH24:MI:SS'),null,'Y');
Insert into BNKPROJECT.PRODUCTTERMS (TERMID,PRODUCTNO,TERMTYPE,TERMTITLE,ISREQUIRED,DISPLAYORDER,CREATEDAT,UPDATEDAT,STATUS) values (71,101,'ESSENTIAL','예금거래 기본약관 동의','Y',5,to_date('2025-11-18 07:55:23','YYYY-MM-DD HH24:MI:SS'),null,'Y');
Insert into BNKPROJECT.PRODUCTTERMS (TERMID,PRODUCTNO,TERMTYPE,TERMTITLE,ISREQUIRED,DISPLAYORDER,CREATEDAT,UPDATEDAT,STATUS) values (79,102,'ESSENTIAL','중요사항 설명 확인','Y',2,to_date('2025-11-18 07:55:23','YYYY-MM-DD HH24:MI:SS'),null,'Y');
Insert into BNKPROJECT.PRODUCTTERMS (TERMID,PRODUCTNO,TERMTYPE,TERMTITLE,ISREQUIRED,DISPLAYORDER,CREATEDAT,UPDATEDAT,STATUS) values (102,104,'ESSENTIAL','금융소비자 권리 안내 확인','Y',3,to_date('2025-11-18 07:55:23','YYYY-MM-DD HH24:MI:SS'),null,'Y');
Insert into BNKPROJECT.PRODUCTTERMS (TERMID,PRODUCTNO,TERMTYPE,TERMTITLE,ISREQUIRED,DISPLAYORDER,CREATEDAT,UPDATEDAT,STATUS) values (103,104,'ESSENTIAL','금융상품 가입 주요 안내 확인','Y',4,to_date('2025-11-18 07:55:23','YYYY-MM-DD HH24:MI:SS'),null,'Y');
Insert into BNKPROJECT.PRODUCTTERMS (TERMID,PRODUCTNO,TERMTYPE,TERMTITLE,ISREQUIRED,DISPLAYORDER,CREATEDAT,UPDATEDAT,STATUS) values (104,104,'ESSENTIAL','예금거래 기본약관 동의','Y',5,to_date('2025-11-18 07:55:23','YYYY-MM-DD HH24:MI:SS'),null,'Y');
Insert into BNKPROJECT.PRODUCTTERMS (TERMID,PRODUCTNO,TERMTYPE,TERMTITLE,ISREQUIRED,DISPLAYORDER,CREATEDAT,UPDATEDAT,STATUS) values (105,104,'ESSENTIAL','개인(신용)정보 수집·이용 동의','Y',6,to_date('2025-11-18 07:55:23','YYYY-MM-DD HH24:MI:SS'),null,'Y');
Insert into BNKPROJECT.PRODUCTTERMS (TERMID,PRODUCTNO,TERMTYPE,TERMTITLE,ISREQUIRED,DISPLAYORDER,CREATEDAT,UPDATEDAT,STATUS) values (106,104,'ESSENTIAL','개인(신용)정보 제3자 제공 동의','Y',7,to_date('2025-11-18 07:55:23','YYYY-MM-DD HH24:MI:SS'),null,'Y');
Insert into BNKPROJECT.PRODUCTTERMS (TERMID,PRODUCTNO,TERMTYPE,TERMTITLE,ISREQUIRED,DISPLAYORDER,CREATEDAT,UPDATEDAT,STATUS) values (112,105,'ESSENTIAL','중요사항 설명 확인','Y',2,to_date('2025-11-18 07:55:23','YYYY-MM-DD HH24:MI:SS'),null,'Y');
Insert into BNKPROJECT.PRODUCTTERMS (TERMID,PRODUCTNO,TERMTYPE,TERMTITLE,ISREQUIRED,DISPLAYORDER,CREATEDAT,UPDATEDAT,STATUS) values (113,105,'ESSENTIAL','금융소비자 권리 안내 확인','Y',3,to_date('2025-11-18 07:55:23','YYYY-MM-DD HH24:MI:SS'),null,'Y');
Insert into BNKPROJECT.PRODUCTTERMS (TERMID,PRODUCTNO,TERMTYPE,TERMTITLE,ISREQUIRED,DISPLAYORDER,CREATEDAT,UPDATEDAT,STATUS) values (114,105,'ESSENTIAL','금융상품 가입 주요 안내 확인','Y',4,to_date('2025-11-18 07:55:23','YYYY-MM-DD HH24:MI:SS'),null,'Y');
Insert into BNKPROJECT.PRODUCTTERMS (TERMID,PRODUCTNO,TERMTYPE,TERMTITLE,ISREQUIRED,DISPLAYORDER,CREATEDAT,UPDATEDAT,STATUS) values (115,105,'ESSENTIAL','예금거래 기본약관 동의','Y',5,to_date('2025-11-18 07:55:23','YYYY-MM-DD HH24:MI:SS'),null,'Y');
Insert into BNKPROJECT.PRODUCTTERMS (TERMID,PRODUCTNO,TERMTYPE,TERMTITLE,ISREQUIRED,DISPLAYORDER,CREATEDAT,UPDATEDAT,STATUS) values (116,105,'ESSENTIAL','개인(신용)정보 수집·이용 동의','Y',6,to_date('2025-11-18 07:55:23','YYYY-MM-DD HH24:MI:SS'),null,'Y');
Insert into BNKPROJECT.PRODUCTTERMS (TERMID,PRODUCTNO,TERMTYPE,TERMTITLE,ISREQUIRED,DISPLAYORDER,CREATEDAT,UPDATEDAT,STATUS) values (127,201,'ESSENTIAL','개인(신용)정보 수집·이용 동의','Y',6,to_date('2025-11-18 07:55:23','YYYY-MM-DD HH24:MI:SS'),null,'Y');
Insert into BNKPROJECT.PRODUCTTERMS (TERMID,PRODUCTNO,TERMTYPE,TERMTITLE,ISREQUIRED,DISPLAYORDER,CREATEDAT,UPDATEDAT,STATUS) values (133,202,'ESSENTIAL','상품별 설명서 확인','Y',1,to_date('2025-11-18 07:55:23','YYYY-MM-DD HH24:MI:SS'),null,'Y');
Insert into BNKPROJECT.PRODUCTTERMS (TERMID,PRODUCTNO,TERMTYPE,TERMTITLE,ISREQUIRED,DISPLAYORDER,CREATEDAT,UPDATEDAT,STATUS) values (134,202,'ESSENTIAL','중요사항 설명 확인','Y',2,to_date('2025-11-18 07:55:23','YYYY-MM-DD HH24:MI:SS'),null,'Y');
Insert into BNKPROJECT.PRODUCTTERMS (TERMID,PRODUCTNO,TERMTYPE,TERMTITLE,ISREQUIRED,DISPLAYORDER,CREATEDAT,UPDATEDAT,STATUS) values (135,202,'ESSENTIAL','금융소비자 권리 안내 확인','Y',3,to_date('2025-11-18 07:55:23','YYYY-MM-DD HH24:MI:SS'),null,'Y');
Insert into BNKPROJECT.PRODUCTTERMS (TERMID,PRODUCTNO,TERMTYPE,TERMTITLE,ISREQUIRED,DISPLAYORDER,CREATEDAT,UPDATEDAT,STATUS) values (117,105,'ESSENTIAL','개인(신용)정보 제3자 제공 동의','Y',7,to_date('2025-11-18 07:55:23','YYYY-MM-DD HH24:MI:SS'),null,'Y');
Insert into BNKPROJECT.PRODUCTTERMS (TERMID,PRODUCTNO,TERMTYPE,TERMTITLE,ISREQUIRED,DISPLAYORDER,CREATEDAT,UPDATEDAT,STATUS) values (118,105,'OPTIONAL','마케팅 목적의 개인정보 수집·이용 동의','N',8,to_date('2025-11-18 07:55:23','YYYY-MM-DD HH24:MI:SS'),null,'Y');
Insert into BNKPROJECT.PRODUCTTERMS (TERMID,PRODUCTNO,TERMTYPE,TERMTITLE,ISREQUIRED,DISPLAYORDER,CREATEDAT,UPDATEDAT,STATUS) values (119,105,'ESSENTIAL','중도해지 이자율 이해 확인','Y',9,to_date('2025-11-18 07:55:23','YYYY-MM-DD HH24:MI:SS'),null,'Y');
Insert into BNKPROJECT.PRODUCTTERMS (TERMID,PRODUCTNO,TERMTYPE,TERMTITLE,ISREQUIRED,DISPLAYORDER,CREATEDAT,UPDATEDAT,STATUS) values (120,105,'ESSENTIAL','최종 이자율 및 계약서 이해 확인','Y',10,to_date('2025-11-18 07:55:23','YYYY-MM-DD HH24:MI:SS'),null,'Y');
Insert into BNKPROJECT.PRODUCTTERMS (TERMID,PRODUCTNO,TERMTYPE,TERMTITLE,ISREQUIRED,DISPLAYORDER,CREATEDAT,UPDATEDAT,STATUS) values (121,105,'ESSENTIAL','예금자보호 안내 및 이해 확인','Y',11,to_date('2025-11-18 07:55:23','YYYY-MM-DD HH24:MI:SS'),null,'Y');
Insert into BNKPROJECT.PRODUCTTERMS (TERMID,PRODUCTNO,TERMTYPE,TERMTITLE,ISREQUIRED,DISPLAYORDER,CREATEDAT,UPDATEDAT,STATUS) values (122,201,'ESSENTIAL','상품별 설명서 확인','Y',1,to_date('2025-11-18 07:55:23','YYYY-MM-DD HH24:MI:SS'),null,'Y');
Insert into BNKPROJECT.PRODUCTTERMS (TERMID,PRODUCTNO,TERMTYPE,TERMTITLE,ISREQUIRED,DISPLAYORDER,CREATEDAT,UPDATEDAT,STATUS) values (123,201,'ESSENTIAL','중요사항 설명 확인','Y',2,to_date('2025-11-18 07:55:23','YYYY-MM-DD HH24:MI:SS'),null,'Y');
Insert into BNKPROJECT.PRODUCTTERMS (TERMID,PRODUCTNO,TERMTYPE,TERMTITLE,ISREQUIRED,DISPLAYORDER,CREATEDAT,UPDATEDAT,STATUS) values (124,201,'ESSENTIAL','금융소비자 권리 안내 확인','Y',3,to_date('2025-11-18 07:55:23','YYYY-MM-DD HH24:MI:SS'),null,'Y');
Insert into BNKPROJECT.PRODUCTTERMS (TERMID,PRODUCTNO,TERMTYPE,TERMTITLE,ISREQUIRED,DISPLAYORDER,CREATEDAT,UPDATEDAT,STATUS) values (125,201,'ESSENTIAL','금융상품 가입 주요 안내 확인','Y',4,to_date('2025-11-18 07:55:23','YYYY-MM-DD HH24:MI:SS'),null,'Y');
Insert into BNKPROJECT.PRODUCTTERMS (TERMID,PRODUCTNO,TERMTYPE,TERMTITLE,ISREQUIRED,DISPLAYORDER,CREATEDAT,UPDATEDAT,STATUS) values (126,201,'ESSENTIAL','예금거래 기본약관 동의','Y',5,to_date('2025-11-18 07:55:23','YYYY-MM-DD HH24:MI:SS'),null,'Y');
Insert into BNKPROJECT.PRODUCTTERMS (TERMID,PRODUCTNO,TERMTYPE,TERMTITLE,ISREQUIRED,DISPLAYORDER,CREATEDAT,UPDATEDAT,STATUS) values (128,201,'ESSENTIAL','개인(신용)정보 제3자 제공 동의','Y',7,to_date('2025-11-18 07:55:23','YYYY-MM-DD HH24:MI:SS'),null,'Y');
Insert into BNKPROJECT.PRODUCTTERMS (TERMID,PRODUCTNO,TERMTYPE,TERMTITLE,ISREQUIRED,DISPLAYORDER,CREATEDAT,UPDATEDAT,STATUS) values (129,201,'OPTIONAL','마케팅 목적의 개인정보 수집·이용 동의','N',8,to_date('2025-11-18 07:55:23','YYYY-MM-DD HH24:MI:SS'),null,'Y');
Insert into BNKPROJECT.PRODUCTTERMS (TERMID,PRODUCTNO,TERMTYPE,TERMTITLE,ISREQUIRED,DISPLAYORDER,CREATEDAT,UPDATEDAT,STATUS) values (130,201,'ESSENTIAL','중도해지 이자율 이해 확인','Y',9,to_date('2025-11-18 07:55:23','YYYY-MM-DD HH24:MI:SS'),null,'Y');
Insert into BNKPROJECT.PRODUCTTERMS (TERMID,PRODUCTNO,TERMTYPE,TERMTITLE,ISREQUIRED,DISPLAYORDER,CREATEDAT,UPDATEDAT,STATUS) values (131,201,'ESSENTIAL','최종 이자율 및 계약서 이해 확인','Y',10,to_date('2025-11-18 07:55:23','YYYY-MM-DD HH24:MI:SS'),null,'Y');
Insert into BNKPROJECT.PRODUCTTERMS (TERMID,PRODUCTNO,TERMTYPE,TERMTITLE,ISREQUIRED,DISPLAYORDER,CREATEDAT,UPDATEDAT,STATUS) values (132,201,'ESSENTIAL','예금자보호 안내 및 이해 확인','Y',11,to_date('2025-11-18 07:55:23','YYYY-MM-DD HH24:MI:SS'),null,'Y');
Insert into BNKPROJECT.PRODUCTTERMS (TERMID,PRODUCTNO,TERMTYPE,TERMTITLE,ISREQUIRED,DISPLAYORDER,CREATEDAT,UPDATEDAT,STATUS) values (107,104,'OPTIONAL','마케팅 목적의 개인정보 수집·이용 동의','N',8,to_date('2025-11-18 07:55:23','YYYY-MM-DD HH24:MI:SS'),null,'Y');
Insert into BNKPROJECT.PRODUCTTERMS (TERMID,PRODUCTNO,TERMTYPE,TERMTITLE,ISREQUIRED,DISPLAYORDER,CREATEDAT,UPDATEDAT,STATUS) values (108,104,'ESSENTIAL','중도해지 이자율 이해 확인','Y',9,to_date('2025-11-18 07:55:23','YYYY-MM-DD HH24:MI:SS'),null,'Y');
Insert into BNKPROJECT.PRODUCTTERMS (TERMID,PRODUCTNO,TERMTYPE,TERMTITLE,ISREQUIRED,DISPLAYORDER,CREATEDAT,UPDATEDAT,STATUS) values (109,104,'ESSENTIAL','최종 이자율 및 계약서 이해 확인','Y',10,to_date('2025-11-18 07:55:23','YYYY-MM-DD HH24:MI:SS'),null,'Y');
Insert into BNKPROJECT.PRODUCTTERMS (TERMID,PRODUCTNO,TERMTYPE,TERMTITLE,ISREQUIRED,DISPLAYORDER,CREATEDAT,UPDATEDAT,STATUS) values (110,104,'ESSENTIAL','예금자보호 안내 및 이해 확인','Y',11,to_date('2025-11-18 07:55:23','YYYY-MM-DD HH24:MI:SS'),null,'Y');
Insert into BNKPROJECT.PRODUCTTERMS (TERMID,PRODUCTNO,TERMTYPE,TERMTITLE,ISREQUIRED,DISPLAYORDER,CREATEDAT,UPDATEDAT,STATUS) values (111,105,'ESSENTIAL','상품별 설명서 확인','Y',1,to_date('2025-11-18 07:55:23','YYYY-MM-DD HH24:MI:SS'),null,'Y');
Insert into BNKPROJECT.PRODUCTTERMS (TERMID,PRODUCTNO,TERMTYPE,TERMTITLE,ISREQUIRED,DISPLAYORDER,CREATEDAT,UPDATEDAT,STATUS) values (96,103,'OPTIONAL','마케팅 목적의 개인정보 수집·이용 동의','N',8,to_date('2025-11-18 07:55:23','YYYY-MM-DD HH24:MI:SS'),null,'Y');
Insert into BNKPROJECT.PRODUCTTERMS (TERMID,PRODUCTNO,TERMTYPE,TERMTITLE,ISREQUIRED,DISPLAYORDER,CREATEDAT,UPDATEDAT,STATUS) values (97,103,'ESSENTIAL','중도해지 이자율 이해 확인','Y',9,to_date('2025-11-18 07:55:23','YYYY-MM-DD HH24:MI:SS'),null,'Y');
Insert into BNKPROJECT.PRODUCTTERMS (TERMID,PRODUCTNO,TERMTYPE,TERMTITLE,ISREQUIRED,DISPLAYORDER,CREATEDAT,UPDATEDAT,STATUS) values (98,103,'ESSENTIAL','최종 이자율 및 계약서 이해 확인','Y',10,to_date('2025-11-18 07:55:23','YYYY-MM-DD HH24:MI:SS'),null,'Y');
Insert into BNKPROJECT.PRODUCTTERMS (TERMID,PRODUCTNO,TERMTYPE,TERMTITLE,ISREQUIRED,DISPLAYORDER,CREATEDAT,UPDATEDAT,STATUS) values (99,103,'ESSENTIAL','예금자보호 안내 및 이해 확인','Y',11,to_date('2025-11-18 07:55:23','YYYY-MM-DD HH24:MI:SS'),null,'Y');
Insert into BNKPROJECT.PRODUCTTERMS (TERMID,PRODUCTNO,TERMTYPE,TERMTITLE,ISREQUIRED,DISPLAYORDER,CREATEDAT,UPDATEDAT,STATUS) values (100,104,'ESSENTIAL','상품별 설명서 확인','Y',1,to_date('2025-11-18 07:55:23','YYYY-MM-DD HH24:MI:SS'),null,'Y');
Insert into BNKPROJECT.PRODUCTTERMS (TERMID,PRODUCTNO,TERMTYPE,TERMTITLE,ISREQUIRED,DISPLAYORDER,CREATEDAT,UPDATEDAT,STATUS) values (145,203,'ESSENTIAL','중요사항 설명 확인','Y',2,to_date('2025-11-18 07:55:23','YYYY-MM-DD HH24:MI:SS'),null,'Y');
Insert into BNKPROJECT.PRODUCTTERMS (TERMID,PRODUCTNO,TERMTYPE,TERMTITLE,ISREQUIRED,DISPLAYORDER,CREATEDAT,UPDATEDAT,STATUS) values (146,203,'ESSENTIAL','금융소비자 권리 안내 확인','Y',3,to_date('2025-11-18 07:55:23','YYYY-MM-DD HH24:MI:SS'),null,'Y');
Insert into BNKPROJECT.PRODUCTTERMS (TERMID,PRODUCTNO,TERMTYPE,TERMTITLE,ISREQUIRED,DISPLAYORDER,CREATEDAT,UPDATEDAT,STATUS) values (147,203,'ESSENTIAL','금융상품 가입 주요 안내 확인','Y',4,to_date('2025-11-18 07:55:23','YYYY-MM-DD HH24:MI:SS'),null,'Y');
Insert into BNKPROJECT.PRODUCTTERMS (TERMID,PRODUCTNO,TERMTYPE,TERMTITLE,ISREQUIRED,DISPLAYORDER,CREATEDAT,UPDATEDAT,STATUS) values (148,203,'ESSENTIAL','예금거래 기본약관 동의','Y',5,to_date('2025-11-18 07:55:23','YYYY-MM-DD HH24:MI:SS'),null,'Y');
Insert into BNKPROJECT.PRODUCTTERMS (TERMID,PRODUCTNO,TERMTYPE,TERMTITLE,ISREQUIRED,DISPLAYORDER,CREATEDAT,UPDATEDAT,STATUS) values (156,204,'ESSENTIAL','중요사항 설명 확인','Y',2,to_date('2025-11-18 07:55:23','YYYY-MM-DD HH24:MI:SS'),null,'Y');
Insert into BNKPROJECT.PRODUCTTERMS (TERMID,PRODUCTNO,TERMTYPE,TERMTITLE,ISREQUIRED,DISPLAYORDER,CREATEDAT,UPDATEDAT,STATUS) values (149,203,'ESSENTIAL','개인(신용)정보 수집·이용 동의','Y',6,to_date('2025-11-18 07:55:23','YYYY-MM-DD HH24:MI:SS'),null,'Y');
Insert into BNKPROJECT.PRODUCTTERMS (TERMID,PRODUCTNO,TERMTYPE,TERMTITLE,ISREQUIRED,DISPLAYORDER,CREATEDAT,UPDATEDAT,STATUS) values (160,204,'ESSENTIAL','개인(신용)정보 수집·이용 동의','Y',6,to_date('2025-11-18 07:55:23','YYYY-MM-DD HH24:MI:SS'),null,'Y');
Insert into BNKPROJECT.PRODUCTTERMS (TERMID,PRODUCTNO,TERMTYPE,TERMTITLE,ISREQUIRED,DISPLAYORDER,CREATEDAT,UPDATEDAT,STATUS) values (167,205,'ESSENTIAL','중요사항 설명 확인','Y',2,to_date('2025-11-18 07:55:23','YYYY-MM-DD HH24:MI:SS'),null,'Y');
Insert into BNKPROJECT.PRODUCTTERMS (TERMID,PRODUCTNO,TERMTYPE,TERMTITLE,ISREQUIRED,DISPLAYORDER,CREATEDAT,UPDATEDAT,STATUS) values (168,205,'ESSENTIAL','금융소비자 권리 안내 확인','Y',3,to_date('2025-11-18 07:55:23','YYYY-MM-DD HH24:MI:SS'),null,'Y');
Insert into BNKPROJECT.PRODUCTTERMS (TERMID,PRODUCTNO,TERMTYPE,TERMTITLE,ISREQUIRED,DISPLAYORDER,CREATEDAT,UPDATEDAT,STATUS) values (169,205,'ESSENTIAL','금융상품 가입 주요 안내 확인','Y',4,to_date('2025-11-18 07:55:23','YYYY-MM-DD HH24:MI:SS'),null,'Y');
Insert into BNKPROJECT.PRODUCTTERMS (TERMID,PRODUCTNO,TERMTYPE,TERMTITLE,ISREQUIRED,DISPLAYORDER,CREATEDAT,UPDATEDAT,STATUS) values (150,203,'ESSENTIAL','개인(신용)정보 제3자 제공 동의','Y',7,to_date('2025-11-18 07:55:23','YYYY-MM-DD HH24:MI:SS'),null,'Y');
Insert into BNKPROJECT.PRODUCTTERMS (TERMID,PRODUCTNO,TERMTYPE,TERMTITLE,ISREQUIRED,DISPLAYORDER,CREATEDAT,UPDATEDAT,STATUS) values (151,203,'OPTIONAL','마케팅 목적의 개인정보 수집·이용 동의','N',8,to_date('2025-11-18 07:55:23','YYYY-MM-DD HH24:MI:SS'),null,'Y');
Insert into BNKPROJECT.PRODUCTTERMS (TERMID,PRODUCTNO,TERMTYPE,TERMTITLE,ISREQUIRED,DISPLAYORDER,CREATEDAT,UPDATEDAT,STATUS) values (152,203,'ESSENTIAL','중도해지 이자율 이해 확인','Y',9,to_date('2025-11-18 07:55:23','YYYY-MM-DD HH24:MI:SS'),null,'Y');
Insert into BNKPROJECT.PRODUCTTERMS (TERMID,PRODUCTNO,TERMTYPE,TERMTITLE,ISREQUIRED,DISPLAYORDER,CREATEDAT,UPDATEDAT,STATUS) values (153,203,'ESSENTIAL','최종 이자율 및 계약서 이해 확인','Y',10,to_date('2025-11-18 07:55:23','YYYY-MM-DD HH24:MI:SS'),null,'Y');
Insert into BNKPROJECT.PRODUCTTERMS (TERMID,PRODUCTNO,TERMTYPE,TERMTITLE,ISREQUIRED,DISPLAYORDER,CREATEDAT,UPDATEDAT,STATUS) values (154,203,'ESSENTIAL','예금자보호 안내 및 이해 확인','Y',11,to_date('2025-11-18 07:55:23','YYYY-MM-DD HH24:MI:SS'),null,'Y');
Insert into BNKPROJECT.PRODUCTTERMS (TERMID,PRODUCTNO,TERMTYPE,TERMTITLE,ISREQUIRED,DISPLAYORDER,CREATEDAT,UPDATEDAT,STATUS) values (155,204,'ESSENTIAL','상품별 설명서 확인','Y',1,to_date('2025-11-18 07:55:23','YYYY-MM-DD HH24:MI:SS'),null,'Y');
Insert into BNKPROJECT.PRODUCTTERMS (TERMID,PRODUCTNO,TERMTYPE,TERMTITLE,ISREQUIRED,DISPLAYORDER,CREATEDAT,UPDATEDAT,STATUS) values (157,204,'ESSENTIAL','금융소비자 권리 안내 확인','Y',3,to_date('2025-11-18 07:55:23','YYYY-MM-DD HH24:MI:SS'),null,'Y');
Insert into BNKPROJECT.PRODUCTTERMS (TERMID,PRODUCTNO,TERMTYPE,TERMTITLE,ISREQUIRED,DISPLAYORDER,CREATEDAT,UPDATEDAT,STATUS) values (158,204,'ESSENTIAL','금융상품 가입 주요 안내 확인','Y',4,to_date('2025-11-18 07:55:23','YYYY-MM-DD HH24:MI:SS'),null,'Y');
Insert into BNKPROJECT.PRODUCTTERMS (TERMID,PRODUCTNO,TERMTYPE,TERMTITLE,ISREQUIRED,DISPLAYORDER,CREATEDAT,UPDATEDAT,STATUS) values (159,204,'ESSENTIAL','예금거래 기본약관 동의','Y',5,to_date('2025-11-18 07:55:23','YYYY-MM-DD HH24:MI:SS'),null,'Y');
Insert into BNKPROJECT.PRODUCTTERMS (TERMID,PRODUCTNO,TERMTYPE,TERMTITLE,ISREQUIRED,DISPLAYORDER,CREATEDAT,UPDATEDAT,STATUS) values (161,204,'ESSENTIAL','개인(신용)정보 제3자 제공 동의','Y',7,to_date('2025-11-18 07:55:23','YYYY-MM-DD HH24:MI:SS'),null,'Y');
Insert into BNKPROJECT.PRODUCTTERMS (TERMID,PRODUCTNO,TERMTYPE,TERMTITLE,ISREQUIRED,DISPLAYORDER,CREATEDAT,UPDATEDAT,STATUS) values (162,204,'OPTIONAL','마케팅 목적의 개인정보 수집·이용 동의','N',8,to_date('2025-11-18 07:55:23','YYYY-MM-DD HH24:MI:SS'),null,'Y');
Insert into BNKPROJECT.PRODUCTTERMS (TERMID,PRODUCTNO,TERMTYPE,TERMTITLE,ISREQUIRED,DISPLAYORDER,CREATEDAT,UPDATEDAT,STATUS) values (163,204,'ESSENTIAL','중도해지 이자율 이해 확인','Y',9,to_date('2025-11-18 07:55:23','YYYY-MM-DD HH24:MI:SS'),null,'Y');
Insert into BNKPROJECT.PRODUCTTERMS (TERMID,PRODUCTNO,TERMTYPE,TERMTITLE,ISREQUIRED,DISPLAYORDER,CREATEDAT,UPDATEDAT,STATUS) values (164,204,'ESSENTIAL','최종 이자율 및 계약서 이해 확인','Y',10,to_date('2025-11-18 07:55:23','YYYY-MM-DD HH24:MI:SS'),null,'Y');
Insert into BNKPROJECT.PRODUCTTERMS (TERMID,PRODUCTNO,TERMTYPE,TERMTITLE,ISREQUIRED,DISPLAYORDER,CREATEDAT,UPDATEDAT,STATUS) values (165,204,'ESSENTIAL','예금자보호 안내 및 이해 확인','Y',11,to_date('2025-11-18 07:55:23','YYYY-MM-DD HH24:MI:SS'),null,'Y');
Insert into BNKPROJECT.PRODUCTTERMS (TERMID,PRODUCTNO,TERMTYPE,TERMTITLE,ISREQUIRED,DISPLAYORDER,CREATEDAT,UPDATEDAT,STATUS) values (166,205,'ESSENTIAL','상품별 설명서 확인','Y',1,to_date('2025-11-18 07:55:23','YYYY-MM-DD HH24:MI:SS'),null,'Y');
Insert into BNKPROJECT.PRODUCTTERMS (TERMID,PRODUCTNO,TERMTYPE,TERMTITLE,ISREQUIRED,DISPLAYORDER,CREATEDAT,UPDATEDAT,STATUS) values (136,202,'ESSENTIAL','금융상품 가입 주요 안내 확인','Y',4,to_date('2025-11-18 07:55:23','YYYY-MM-DD HH24:MI:SS'),null,'Y');
Insert into BNKPROJECT.PRODUCTTERMS (TERMID,PRODUCTNO,TERMTYPE,TERMTITLE,ISREQUIRED,DISPLAYORDER,CREATEDAT,UPDATEDAT,STATUS) values (137,202,'ESSENTIAL','예금거래 기본약관 동의','Y',5,to_date('2025-11-18 07:55:23','YYYY-MM-DD HH24:MI:SS'),null,'Y');
Insert into BNKPROJECT.PRODUCTTERMS (TERMID,PRODUCTNO,TERMTYPE,TERMTITLE,ISREQUIRED,DISPLAYORDER,CREATEDAT,UPDATEDAT,STATUS) values (138,202,'ESSENTIAL','개인(신용)정보 수집·이용 동의','Y',6,to_date('2025-11-18 07:55:23','YYYY-MM-DD HH24:MI:SS'),null,'Y');
Insert into BNKPROJECT.PRODUCTTERMS (TERMID,PRODUCTNO,TERMTYPE,TERMTITLE,ISREQUIRED,DISPLAYORDER,CREATEDAT,UPDATEDAT,STATUS) values (139,202,'ESSENTIAL','개인(신용)정보 제3자 제공 동의','Y',7,to_date('2025-11-18 07:55:23','YYYY-MM-DD HH24:MI:SS'),null,'Y');
Insert into BNKPROJECT.PRODUCTTERMS (TERMID,PRODUCTNO,TERMTYPE,TERMTITLE,ISREQUIRED,DISPLAYORDER,CREATEDAT,UPDATEDAT,STATUS) values (140,202,'OPTIONAL','마케팅 목적의 개인정보 수집·이용 동의','N',8,to_date('2025-11-18 07:55:23','YYYY-MM-DD HH24:MI:SS'),null,'Y');
Insert into BNKPROJECT.PRODUCTTERMS (TERMID,PRODUCTNO,TERMTYPE,TERMTITLE,ISREQUIRED,DISPLAYORDER,CREATEDAT,UPDATEDAT,STATUS) values (141,202,'ESSENTIAL','중도해지 이자율 이해 확인','Y',9,to_date('2025-11-18 07:55:23','YYYY-MM-DD HH24:MI:SS'),null,'Y');
Insert into BNKPROJECT.PRODUCTTERMS (TERMID,PRODUCTNO,TERMTYPE,TERMTITLE,ISREQUIRED,DISPLAYORDER,CREATEDAT,UPDATEDAT,STATUS) values (142,202,'ESSENTIAL','최종 이자율 및 계약서 이해 확인','Y',10,to_date('2025-11-18 07:55:23','YYYY-MM-DD HH24:MI:SS'),null,'Y');
Insert into BNKPROJECT.PRODUCTTERMS (TERMID,PRODUCTNO,TERMTYPE,TERMTITLE,ISREQUIRED,DISPLAYORDER,CREATEDAT,UPDATEDAT,STATUS) values (143,202,'ESSENTIAL','예금자보호 안내 및 이해 확인','Y',11,to_date('2025-11-18 07:55:23','YYYY-MM-DD HH24:MI:SS'),null,'Y');
Insert into BNKPROJECT.PRODUCTTERMS (TERMID,PRODUCTNO,TERMTYPE,TERMTITLE,ISREQUIRED,DISPLAYORDER,CREATEDAT,UPDATEDAT,STATUS) values (144,203,'ESSENTIAL','상품별 설명서 확인','Y',1,to_date('2025-11-18 07:55:23','YYYY-MM-DD HH24:MI:SS'),null,'Y');
Insert into BNKPROJECT.PRODUCTTERMS (TERMID,PRODUCTNO,TERMTYPE,TERMTITLE,ISREQUIRED,DISPLAYORDER,CREATEDAT,UPDATEDAT,STATUS) values (170,205,'ESSENTIAL','예금거래 기본약관 동의','Y',5,to_date('2025-11-18 07:55:23','YYYY-MM-DD HH24:MI:SS'),null,'Y');
Insert into BNKPROJECT.PRODUCTTERMS (TERMID,PRODUCTNO,TERMTYPE,TERMTITLE,ISREQUIRED,DISPLAYORDER,CREATEDAT,UPDATEDAT,STATUS) values (176,205,'ESSENTIAL','예금자보호 안내 및 이해 확인','Y',11,to_date('2025-11-18 07:55:23','YYYY-MM-DD HH24:MI:SS'),null,'Y');
Insert into BNKPROJECT.PRODUCTTERMS (TERMID,PRODUCTNO,TERMTYPE,TERMTITLE,ISREQUIRED,DISPLAYORDER,CREATEDAT,UPDATEDAT,STATUS) values (177,301,'ESSENTIAL','상품별 설명서 확인','Y',1,to_date('2025-11-18 07:55:23','YYYY-MM-DD HH24:MI:SS'),null,'Y');
Insert into BNKPROJECT.PRODUCTTERMS (TERMID,PRODUCTNO,TERMTYPE,TERMTITLE,ISREQUIRED,DISPLAYORDER,CREATEDAT,UPDATEDAT,STATUS) values (178,301,'ESSENTIAL','중요사항 설명 확인','Y',2,to_date('2025-11-18 07:55:23','YYYY-MM-DD HH24:MI:SS'),null,'Y');
Insert into BNKPROJECT.PRODUCTTERMS (TERMID,PRODUCTNO,TERMTYPE,TERMTITLE,ISREQUIRED,DISPLAYORDER,CREATEDAT,UPDATEDAT,STATUS) values (179,301,'ESSENTIAL','금융소비자 권리 안내 확인','Y',3,to_date('2025-11-18 07:55:23','YYYY-MM-DD HH24:MI:SS'),null,'Y');
Insert into BNKPROJECT.PRODUCTTERMS (TERMID,PRODUCTNO,TERMTYPE,TERMTITLE,ISREQUIRED,DISPLAYORDER,CREATEDAT,UPDATEDAT,STATUS) values (184,301,'OPTIONAL','마케팅 목적의 개인정보 수집·이용 동의','N',8,to_date('2025-11-18 07:55:23','YYYY-MM-DD HH24:MI:SS'),null,'Y');
Insert into BNKPROJECT.PRODUCTTERMS (TERMID,PRODUCTNO,TERMTYPE,TERMTITLE,ISREQUIRED,DISPLAYORDER,CREATEDAT,UPDATEDAT,STATUS) values (185,301,'ESSENTIAL','중도해지 이자율 이해 확인','Y',9,to_date('2025-11-18 07:55:23','YYYY-MM-DD HH24:MI:SS'),null,'Y');
Insert into BNKPROJECT.PRODUCTTERMS (TERMID,PRODUCTNO,TERMTYPE,TERMTITLE,ISREQUIRED,DISPLAYORDER,CREATEDAT,UPDATEDAT,STATUS) values (186,301,'ESSENTIAL','최종 이자율 및 계약서 이해 확인','Y',10,to_date('2025-11-18 07:55:23','YYYY-MM-DD HH24:MI:SS'),null,'Y');
Insert into BNKPROJECT.PRODUCTTERMS (TERMID,PRODUCTNO,TERMTYPE,TERMTITLE,ISREQUIRED,DISPLAYORDER,CREATEDAT,UPDATEDAT,STATUS) values (190,302,'ESSENTIAL','금융소비자 권리 안내 확인','Y',3,to_date('2025-11-18 07:55:23','YYYY-MM-DD HH24:MI:SS'),null,'Y');
Insert into BNKPROJECT.PRODUCTTERMS (TERMID,PRODUCTNO,TERMTYPE,TERMTITLE,ISREQUIRED,DISPLAYORDER,CREATEDAT,UPDATEDAT,STATUS) values (187,301,'ESSENTIAL','예금자보호 안내 및 이해 확인','Y',11,to_date('2025-11-18 07:55:23','YYYY-MM-DD HH24:MI:SS'),null,'Y');
Insert into BNKPROJECT.PRODUCTTERMS (TERMID,PRODUCTNO,TERMTYPE,TERMTITLE,ISREQUIRED,DISPLAYORDER,CREATEDAT,UPDATEDAT,STATUS) values (191,302,'ESSENTIAL','금융상품 가입 주요 안내 확인','Y',4,to_date('2025-11-18 07:55:23','YYYY-MM-DD HH24:MI:SS'),null,'Y');
Insert into BNKPROJECT.PRODUCTTERMS (TERMID,PRODUCTNO,TERMTYPE,TERMTITLE,ISREQUIRED,DISPLAYORDER,CREATEDAT,UPDATEDAT,STATUS) values (198,302,'ESSENTIAL','예금자보호 안내 및 이해 확인','Y',11,to_date('2025-11-18 07:55:23','YYYY-MM-DD HH24:MI:SS'),null,'Y');
Insert into BNKPROJECT.PRODUCTTERMS (TERMID,PRODUCTNO,TERMTYPE,TERMTITLE,ISREQUIRED,DISPLAYORDER,CREATEDAT,UPDATEDAT,STATUS) values (202,401,'ESSENTIAL','금융상품 가입 주요 안내 확인','Y',4,to_date('2025-11-18 07:55:23','YYYY-MM-DD HH24:MI:SS'),null,'Y');
Insert into BNKPROJECT.PRODUCTTERMS (TERMID,PRODUCTNO,TERMTYPE,TERMTITLE,ISREQUIRED,DISPLAYORDER,CREATEDAT,UPDATEDAT,STATUS) values (188,302,'ESSENTIAL','상품별 설명서 확인','Y',1,to_date('2025-11-18 07:55:23','YYYY-MM-DD HH24:MI:SS'),null,'Y');
Insert into BNKPROJECT.PRODUCTTERMS (TERMID,PRODUCTNO,TERMTYPE,TERMTITLE,ISREQUIRED,DISPLAYORDER,CREATEDAT,UPDATEDAT,STATUS) values (189,302,'ESSENTIAL','중요사항 설명 확인','Y',2,to_date('2025-11-18 07:55:23','YYYY-MM-DD HH24:MI:SS'),null,'Y');
Insert into BNKPROJECT.PRODUCTTERMS (TERMID,PRODUCTNO,TERMTYPE,TERMTITLE,ISREQUIRED,DISPLAYORDER,CREATEDAT,UPDATEDAT,STATUS) values (192,302,'ESSENTIAL','예금거래 기본약관 동의','Y',5,to_date('2025-11-18 07:55:23','YYYY-MM-DD HH24:MI:SS'),null,'Y');
Insert into BNKPROJECT.PRODUCTTERMS (TERMID,PRODUCTNO,TERMTYPE,TERMTITLE,ISREQUIRED,DISPLAYORDER,CREATEDAT,UPDATEDAT,STATUS) values (193,302,'ESSENTIAL','개인(신용)정보 수집·이용 동의','Y',6,to_date('2025-11-18 07:55:23','YYYY-MM-DD HH24:MI:SS'),null,'Y');
Insert into BNKPROJECT.PRODUCTTERMS (TERMID,PRODUCTNO,TERMTYPE,TERMTITLE,ISREQUIRED,DISPLAYORDER,CREATEDAT,UPDATEDAT,STATUS) values (194,302,'ESSENTIAL','개인(신용)정보 제3자 제공 동의','Y',7,to_date('2025-11-18 07:55:23','YYYY-MM-DD HH24:MI:SS'),null,'Y');
Insert into BNKPROJECT.PRODUCTTERMS (TERMID,PRODUCTNO,TERMTYPE,TERMTITLE,ISREQUIRED,DISPLAYORDER,CREATEDAT,UPDATEDAT,STATUS) values (195,302,'OPTIONAL','마케팅 목적의 개인정보 수집·이용 동의','N',8,to_date('2025-11-18 07:55:23','YYYY-MM-DD HH24:MI:SS'),null,'Y');
Insert into BNKPROJECT.PRODUCTTERMS (TERMID,PRODUCTNO,TERMTYPE,TERMTITLE,ISREQUIRED,DISPLAYORDER,CREATEDAT,UPDATEDAT,STATUS) values (196,302,'ESSENTIAL','중도해지 이자율 이해 확인','Y',9,to_date('2025-11-18 07:55:23','YYYY-MM-DD HH24:MI:SS'),null,'Y');
Insert into BNKPROJECT.PRODUCTTERMS (TERMID,PRODUCTNO,TERMTYPE,TERMTITLE,ISREQUIRED,DISPLAYORDER,CREATEDAT,UPDATEDAT,STATUS) values (197,302,'ESSENTIAL','최종 이자율 및 계약서 이해 확인','Y',10,to_date('2025-11-18 07:55:23','YYYY-MM-DD HH24:MI:SS'),null,'Y');
Insert into BNKPROJECT.PRODUCTTERMS (TERMID,PRODUCTNO,TERMTYPE,TERMTITLE,ISREQUIRED,DISPLAYORDER,CREATEDAT,UPDATEDAT,STATUS) values (199,401,'ESSENTIAL','상품별 설명서 확인','Y',1,to_date('2025-11-18 07:55:23','YYYY-MM-DD HH24:MI:SS'),null,'Y');
Insert into BNKPROJECT.PRODUCTTERMS (TERMID,PRODUCTNO,TERMTYPE,TERMTITLE,ISREQUIRED,DISPLAYORDER,CREATEDAT,UPDATEDAT,STATUS) values (200,401,'ESSENTIAL','중요사항 설명 확인','Y',2,to_date('2025-11-18 07:55:23','YYYY-MM-DD HH24:MI:SS'),null,'Y');
Insert into BNKPROJECT.PRODUCTTERMS (TERMID,PRODUCTNO,TERMTYPE,TERMTITLE,ISREQUIRED,DISPLAYORDER,CREATEDAT,UPDATEDAT,STATUS) values (201,401,'ESSENTIAL','금융소비자 권리 안내 확인','Y',3,to_date('2025-11-18 07:55:23','YYYY-MM-DD HH24:MI:SS'),null,'Y');
Insert into BNKPROJECT.PRODUCTTERMS (TERMID,PRODUCTNO,TERMTYPE,TERMTITLE,ISREQUIRED,DISPLAYORDER,CREATEDAT,UPDATEDAT,STATUS) values (203,401,'ESSENTIAL','예금거래 기본약관 동의','Y',5,to_date('2025-11-18 07:55:23','YYYY-MM-DD HH24:MI:SS'),null,'Y');
Insert into BNKPROJECT.PRODUCTTERMS (TERMID,PRODUCTNO,TERMTYPE,TERMTITLE,ISREQUIRED,DISPLAYORDER,CREATEDAT,UPDATEDAT,STATUS) values (204,401,'ESSENTIAL','개인(신용)정보 수집·이용 동의','Y',6,to_date('2025-11-18 07:55:23','YYYY-MM-DD HH24:MI:SS'),null,'Y');
Insert into BNKPROJECT.PRODUCTTERMS (TERMID,PRODUCTNO,TERMTYPE,TERMTITLE,ISREQUIRED,DISPLAYORDER,CREATEDAT,UPDATEDAT,STATUS) values (205,401,'ESSENTIAL','개인(신용)정보 제3자 제공 동의','Y',7,to_date('2025-11-18 07:55:23','YYYY-MM-DD HH24:MI:SS'),null,'Y');
Insert into BNKPROJECT.PRODUCTTERMS (TERMID,PRODUCTNO,TERMTYPE,TERMTITLE,ISREQUIRED,DISPLAYORDER,CREATEDAT,UPDATEDAT,STATUS) values (180,301,'ESSENTIAL','금융상품 가입 주요 안내 확인','Y',4,to_date('2025-11-18 07:55:23','YYYY-MM-DD HH24:MI:SS'),null,'Y');
Insert into BNKPROJECT.PRODUCTTERMS (TERMID,PRODUCTNO,TERMTYPE,TERMTITLE,ISREQUIRED,DISPLAYORDER,CREATEDAT,UPDATEDAT,STATUS) values (181,301,'ESSENTIAL','예금거래 기본약관 동의','Y',5,to_date('2025-11-18 07:55:23','YYYY-MM-DD HH24:MI:SS'),null,'Y');
Insert into BNKPROJECT.PRODUCTTERMS (TERMID,PRODUCTNO,TERMTYPE,TERMTITLE,ISREQUIRED,DISPLAYORDER,CREATEDAT,UPDATEDAT,STATUS) values (182,301,'ESSENTIAL','개인(신용)정보 수집·이용 동의','Y',6,to_date('2025-11-18 07:55:23','YYYY-MM-DD HH24:MI:SS'),null,'Y');
Insert into BNKPROJECT.PRODUCTTERMS (TERMID,PRODUCTNO,TERMTYPE,TERMTITLE,ISREQUIRED,DISPLAYORDER,CREATEDAT,UPDATEDAT,STATUS) values (183,301,'ESSENTIAL','개인(신용)정보 제3자 제공 동의','Y',7,to_date('2025-11-18 07:55:23','YYYY-MM-DD HH24:MI:SS'),null,'Y');
Insert into BNKPROJECT.PRODUCTTERMS (TERMID,PRODUCTNO,TERMTYPE,TERMTITLE,ISREQUIRED,DISPLAYORDER,CREATEDAT,UPDATEDAT,STATUS) values (171,205,'ESSENTIAL','개인(신용)정보 수집·이용 동의','Y',6,to_date('2025-11-18 07:55:23','YYYY-MM-DD HH24:MI:SS'),null,'Y');
Insert into BNKPROJECT.PRODUCTTERMS (TERMID,PRODUCTNO,TERMTYPE,TERMTITLE,ISREQUIRED,DISPLAYORDER,CREATEDAT,UPDATEDAT,STATUS) values (172,205,'ESSENTIAL','개인(신용)정보 제3자 제공 동의','Y',7,to_date('2025-11-18 07:55:23','YYYY-MM-DD HH24:MI:SS'),null,'Y');
Insert into BNKPROJECT.PRODUCTTERMS (TERMID,PRODUCTNO,TERMTYPE,TERMTITLE,ISREQUIRED,DISPLAYORDER,CREATEDAT,UPDATEDAT,STATUS) values (173,205,'OPTIONAL','마케팅 목적의 개인정보 수집·이용 동의','N',8,to_date('2025-11-18 07:55:23','YYYY-MM-DD HH24:MI:SS'),null,'Y');
Insert into BNKPROJECT.PRODUCTTERMS (TERMID,PRODUCTNO,TERMTYPE,TERMTITLE,ISREQUIRED,DISPLAYORDER,CREATEDAT,UPDATEDAT,STATUS) values (174,205,'ESSENTIAL','중도해지 이자율 이해 확인','Y',9,to_date('2025-11-18 07:55:23','YYYY-MM-DD HH24:MI:SS'),null,'Y');
Insert into BNKPROJECT.PRODUCTTERMS (TERMID,PRODUCTNO,TERMTYPE,TERMTITLE,ISREQUIRED,DISPLAYORDER,CREATEDAT,UPDATEDAT,STATUS) values (175,205,'ESSENTIAL','최종 이자율 및 계약서 이해 확인','Y',10,to_date('2025-11-18 07:55:23','YYYY-MM-DD HH24:MI:SS'),null,'Y');
Insert into BNKPROJECT.PRODUCTTERMS (TERMID,PRODUCTNO,TERMTYPE,TERMTITLE,ISREQUIRED,DISPLAYORDER,CREATEDAT,UPDATEDAT,STATUS) values (215,402,'ESSENTIAL','개인(신용)정보 수집·이용 동의','Y',6,to_date('2025-11-18 07:55:23','YYYY-MM-DD HH24:MI:SS'),null,'Y');
Insert into BNKPROJECT.PRODUCTTERMS (TERMID,PRODUCTNO,TERMTYPE,TERMTITLE,ISREQUIRED,DISPLAYORDER,CREATEDAT,UPDATEDAT,STATUS) values (216,402,'ESSENTIAL','개인(신용)정보 제3자 제공 동의','Y',7,to_date('2025-11-18 07:55:23','YYYY-MM-DD HH24:MI:SS'),null,'Y');
Insert into BNKPROJECT.PRODUCTTERMS (TERMID,PRODUCTNO,TERMTYPE,TERMTITLE,ISREQUIRED,DISPLAYORDER,CREATEDAT,UPDATEDAT,STATUS) values (217,402,'OPTIONAL','마케팅 목적의 개인정보 수집·이용 동의','N',8,to_date('2025-11-18 07:55:23','YYYY-MM-DD HH24:MI:SS'),null,'Y');
Insert into BNKPROJECT.PRODUCTTERMS (TERMID,PRODUCTNO,TERMTYPE,TERMTITLE,ISREQUIRED,DISPLAYORDER,CREATEDAT,UPDATEDAT,STATUS) values (218,402,'ESSENTIAL','중도해지 이자율 이해 확인','Y',9,to_date('2025-11-18 07:55:23','YYYY-MM-DD HH24:MI:SS'),null,'Y');
Insert into BNKPROJECT.PRODUCTTERMS (TERMID,PRODUCTNO,TERMTYPE,TERMTITLE,ISREQUIRED,DISPLAYORDER,CREATEDAT,UPDATEDAT,STATUS) values (219,402,'ESSENTIAL','최종 이자율 및 계약서 이해 확인','Y',10,to_date('2025-11-18 07:55:23','YYYY-MM-DD HH24:MI:SS'),null,'Y');
Insert into BNKPROJECT.PRODUCTTERMS (TERMID,PRODUCTNO,TERMTYPE,TERMTITLE,ISREQUIRED,DISPLAYORDER,CREATEDAT,UPDATEDAT,STATUS) values (220,402,'ESSENTIAL','예금자보호 안내 및 이해 확인','Y',11,to_date('2025-11-18 07:55:23','YYYY-MM-DD HH24:MI:SS'),null,'Y');
Insert into BNKPROJECT.PRODUCTTERMS (TERMID,PRODUCTNO,TERMTYPE,TERMTITLE,ISREQUIRED,DISPLAYORDER,CREATEDAT,UPDATEDAT,STATUS) values (206,401,'OPTIONAL','마케팅 목적의 개인정보 수집·이용 동의','N',8,to_date('2025-11-18 07:55:23','YYYY-MM-DD HH24:MI:SS'),null,'Y');
Insert into BNKPROJECT.PRODUCTTERMS (TERMID,PRODUCTNO,TERMTYPE,TERMTITLE,ISREQUIRED,DISPLAYORDER,CREATEDAT,UPDATEDAT,STATUS) values (207,401,'ESSENTIAL','중도해지 이자율 이해 확인','Y',9,to_date('2025-11-18 07:55:23','YYYY-MM-DD HH24:MI:SS'),null,'Y');
Insert into BNKPROJECT.PRODUCTTERMS (TERMID,PRODUCTNO,TERMTYPE,TERMTITLE,ISREQUIRED,DISPLAYORDER,CREATEDAT,UPDATEDAT,STATUS) values (208,401,'ESSENTIAL','최종 이자율 및 계약서 이해 확인','Y',10,to_date('2025-11-18 07:55:23','YYYY-MM-DD HH24:MI:SS'),null,'Y');
Insert into BNKPROJECT.PRODUCTTERMS (TERMID,PRODUCTNO,TERMTYPE,TERMTITLE,ISREQUIRED,DISPLAYORDER,CREATEDAT,UPDATEDAT,STATUS) values (209,401,'ESSENTIAL','예금자보호 안내 및 이해 확인','Y',11,to_date('2025-11-18 07:55:23','YYYY-MM-DD HH24:MI:SS'),null,'Y');
Insert into BNKPROJECT.PRODUCTTERMS (TERMID,PRODUCTNO,TERMTYPE,TERMTITLE,ISREQUIRED,DISPLAYORDER,CREATEDAT,UPDATEDAT,STATUS) values (210,402,'ESSENTIAL','상품별 설명서 확인','Y',1,to_date('2025-11-18 07:55:23','YYYY-MM-DD HH24:MI:SS'),null,'Y');
Insert into BNKPROJECT.PRODUCTTERMS (TERMID,PRODUCTNO,TERMTYPE,TERMTITLE,ISREQUIRED,DISPLAYORDER,CREATEDAT,UPDATEDAT,STATUS) values (211,402,'ESSENTIAL','중요사항 설명 확인','Y',2,to_date('2025-11-18 07:55:23','YYYY-MM-DD HH24:MI:SS'),null,'Y');
Insert into BNKPROJECT.PRODUCTTERMS (TERMID,PRODUCTNO,TERMTYPE,TERMTITLE,ISREQUIRED,DISPLAYORDER,CREATEDAT,UPDATEDAT,STATUS) values (212,402,'ESSENTIAL','금융소비자 권리 안내 확인','Y',3,to_date('2025-11-18 07:55:23','YYYY-MM-DD HH24:MI:SS'),null,'Y');
Insert into BNKPROJECT.PRODUCTTERMS (TERMID,PRODUCTNO,TERMTYPE,TERMTITLE,ISREQUIRED,DISPLAYORDER,CREATEDAT,UPDATEDAT,STATUS) values (213,402,'ESSENTIAL','금융상품 가입 주요 안내 확인','Y',4,to_date('2025-11-18 07:55:23','YYYY-MM-DD HH24:MI:SS'),null,'Y');
Insert into BNKPROJECT.PRODUCTTERMS (TERMID,PRODUCTNO,TERMTYPE,TERMTITLE,ISREQUIRED,DISPLAYORDER,CREATEDAT,UPDATEDAT,STATUS) values (214,402,'ESSENTIAL','예금거래 기본약관 동의','Y',5,to_date('2025-11-18 07:55:23','YYYY-MM-DD HH24:MI:SS'),null,'Y');
REM INSERTING into BNKPROJECT.QUIZ
SET DEFINE OFF;
Insert into BNKPROJECT.QUIZ (QUIZID,CATEGORY,CORRECTANSWER,CREATEDDATE,DIFFICULTY,EXPLANATION,QUESTION,UPDATEDDATE,UPDATED_DATE) values (1,'FINANCE',4,to_timestamp('25/11/23 18:41:31.146121000','RR/MM/DD HH24:MI:SSXFF'),1,'예금자보호법에 의해 금융기관이 파산하더라도 1인당 원금과 이자를 합쳐 최고 5,000만원까지 보호받을 수 있습니다.','예금자 보호법에 따라 1인당 최대 보호되는 금액은 얼마인가요?',to_timestamp('25/11/24 09:32:22.766252000','RR/MM/DD HH24:MI:SSXFF'),null);
Insert into BNKPROJECT.QUIZ (QUIZID,CATEGORY,CORRECTANSWER,CREATEDDATE,DIFFICULTY,EXPLANATION,QUESTION,UPDATEDDATE,UPDATED_DATE) values (2,'SAVINGS',2,to_timestamp('25/11/23 18:41:34.569939000','RR/MM/DD HH24:MI:SSXFF'),2,'복리는 원금뿐만 아니라 이자에도 이자가 붙어 시간이 지날수록 자산이 기하급수적으로 증가하는 효과를 말합니다.','다음 중 복리 효과를 가장 잘 설명한 것은?',to_timestamp('25/11/23 18:41:34.569939000','RR/MM/DD HH24:MI:SSXFF'),null);
Insert into BNKPROJECT.QUIZ (QUIZID,CATEGORY,CORRECTANSWER,CREATEDDATE,DIFFICULTY,EXPLANATION,QUESTION,UPDATEDDATE,UPDATED_DATE) values (3,'CREDIT',3,to_timestamp('25/11/23 18:41:36.347742000','RR/MM/DD HH24:MI:SSXFF'),2,'대출 상환은 오히려 신용등급을 높이는 긍정적인 요인입니다. 연체, 과다 사용, 무분별한 대출 신청은 신용등급을 낮춥니다.','개인 신용등급이 낮아지는 주된 원인이 아닌 것은?',to_timestamp('25/11/23 18:41:36.347742000','RR/MM/DD HH24:MI:SSXFF'),null);
Insert into BNKPROJECT.QUIZ (QUIZID,CATEGORY,CORRECTANSWER,CREATEDDATE,DIFFICULTY,EXPLANATION,QUESTION,UPDATEDDATE,UPDATED_DATE) values (4,'INVESTMENT',2,to_timestamp('25/11/23 18:41:38.725301000','RR/MM/DD HH24:MI:SSXFF'),3,'P/E 비율은 주가를 주당순이익(EPS)으로 나눈 값으로, 주가가 1년간 벌어들인 이익의 몇 배로 거래되는지를 나타냅니다.','P/E 비율(주가수익비율)이 의미하는 것은?',to_timestamp('25/11/23 18:41:38.725301000','RR/MM/DD HH24:MI:SSXFF'),null);
Insert into BNKPROJECT.QUIZ (QUIZID,CATEGORY,CORRECTANSWER,CREATEDDATE,DIFFICULTY,EXPLANATION,QUESTION,UPDATEDDATE,UPDATED_DATE) values (5,'LOAN',1,to_timestamp('25/11/23 18:41:40.273269000','RR/MM/DD HH24:MI:SSXFF'),3,'LTV(Loan To Value)는 담보인정비율로, 주택 가격 대비 대출 가능 금액의 비율을 의미합니다. 70%면 3억 주택에 최대 2.1억까지 대출 가능합니다.','주택담보대출의 LTV 비율이 70%라는 의미는?',to_timestamp('25/11/23 18:41:40.273269000','RR/MM/DD HH24:MI:SSXFF'),null);
Insert into BNKPROJECT.QUIZ (QUIZID,CATEGORY,CORRECTANSWER,CREATEDDATE,DIFFICULTY,EXPLANATION,QUESTION,UPDATEDDATE,UPDATED_DATE) values (21,'SAVINGS',4,to_timestamp('25/11/23 20:08:04.000000000','RR/MM/DD HH24:MI:SSXFF'),2,'예금자보호법에 따라 1인당 최대 5,000만원까지 보호됩니다. 원금과 이자를 합쳐서 보호됩니다.','예금자보호법에 따라 1인당 최대 보호되는 금액은 얼마인가요?',to_timestamp('25/11/24 09:35:46.616237000','RR/MM/DD HH24:MI:SSXFF'),null);
Insert into BNKPROJECT.QUIZ (QUIZID,CATEGORY,CORRECTANSWER,CREATEDDATE,DIFFICULTY,EXPLANATION,QUESTION,UPDATEDDATE,UPDATED_DATE) values (22,'SAVINGS',3,to_timestamp('25/11/23 20:08:04.000000000','RR/MM/DD HH24:MI:SSXFF'),1,'정기예금은 목돈을 한 번에 맡기고, 정기적금은 매월 일정 금액을 불입하는 방식입니다.','정기예금과 정기적금의 가장 큰 차이점은 무엇인가요?',to_timestamp('25/11/24 09:33:51.277381000','RR/MM/DD HH24:MI:SSXFF'),null);
Insert into BNKPROJECT.QUIZ (QUIZID,CATEGORY,CORRECTANSWER,CREATEDDATE,DIFFICULTY,EXPLANATION,QUESTION,UPDATEDDATE,UPDATED_DATE) values (23,'SAVINGS',3,to_timestamp('25/11/23 20:08:04.000000000','RR/MM/DD HH24:MI:SSXFF'),2,'복리효과는 이자에 다시 이자가 붙어 원금이 기하급수적으로 증가하는 현상을 말합니다.','복리 계산에서 이자에 붙는 이자를 의미하는 용어는?',to_timestamp('25/11/24 09:34:13.558640000','RR/MM/DD HH24:MI:SSXFF'),null);
Insert into BNKPROJECT.QUIZ (QUIZID,CATEGORY,CORRECTANSWER,CREATEDDATE,DIFFICULTY,EXPLANATION,QUESTION,UPDATEDDATE,UPDATED_DATE) values (24,'SAVINGS',2,to_timestamp('25/11/23 20:08:04.000000000','RR/MM/DD HH24:MI:SSXFF'),2,'CMA는 입출금이 자유로우면서도 일반 예금보다 높은 금리를 제공하는 것이 장점입니다.','CMA(Cash Management Account)의 가장 큰 장점은?',to_timestamp('25/11/24 09:34:33.205278000','RR/MM/DD HH24:MI:SSXFF'),null);
Insert into BNKPROJECT.QUIZ (QUIZID,CATEGORY,CORRECTANSWER,CREATEDDATE,DIFFICULTY,EXPLANATION,QUESTION,UPDATEDDATE,UPDATED_DATE) values (25,'SAVINGS',2,to_timestamp('25/11/23 20:08:04.000000000','RR/MM/DD HH24:MI:SSXFF'),3,'ISA는 일정 금액까지 발생한 이자 및 배당소득에 대해 비과세 혜택을 제공합니다.','ISA(Individual Savings Account)의 주요 혜택은?',to_timestamp('25/11/24 09:34:54.192839000','RR/MM/DD HH24:MI:SSXFF'),null);
Insert into BNKPROJECT.QUIZ (QUIZID,CATEGORY,CORRECTANSWER,CREATEDDATE,DIFFICULTY,EXPLANATION,QUESTION,UPDATEDDATE,UPDATED_DATE) values (26,'SAVINGS',2,to_timestamp('25/11/23 20:08:04.000000000','RR/MM/DD HH24:MI:SSXFF'),1,'중도해지 시 약정했던 금리보다 낮은 중도해지 금리가 적용됩니다.','만기 전 중도해지 시 불이익은 무엇인가요?',to_timestamp('25/11/24 09:35:18.550927000','RR/MM/DD HH24:MI:SSXFF'),null);
Insert into BNKPROJECT.QUIZ (QUIZID,CATEGORY,CORRECTANSWER,CREATEDDATE,DIFFICULTY,EXPLANATION,QUESTION,UPDATEDDATE,UPDATED_DATE) values (27,'SAVINGS',1,to_timestamp('25/11/23 20:08:05.000000000','RR/MM/DD HH24:MI:SSXFF'),2,'주택청약종합저축은 월 최소 2만원부터 최대 50만원까지 납입 가능합니다.','주택청약종합저축의 최소 납입 금액은?',to_timestamp('25/11/23 20:08:05.000000000','RR/MM/DD HH24:MI:SSXFF'),null);
Insert into BNKPROJECT.QUIZ (QUIZID,CATEGORY,CORRECTANSWER,CREATEDDATE,DIFFICULTY,EXPLANATION,QUESTION,UPDATEDDATE,UPDATED_DATE) values (28,'SAVINGS',1,to_timestamp('25/11/23 20:08:05.000000000','RR/MM/DD HH24:MI:SSXFF'),2,'적금의 만기일은 첫 납입일을 기준으로 약정한 기간이 경과한 날입니다.','적금의 만기일 계산은 어떻게 하나요?',to_timestamp('25/11/23 20:08:05.000000000','RR/MM/DD HH24:MI:SSXFF'),null);
Insert into BNKPROJECT.QUIZ (QUIZID,CATEGORY,CORRECTANSWER,CREATEDDATE,DIFFICULTY,EXPLANATION,QUESTION,UPDATEDDATE,UPDATED_DATE) values (29,'SAVINGS',3,to_timestamp('25/11/23 20:08:05.000000000','RR/MM/DD HH24:MI:SSXFF'),1,'자유적금은 매월 납입 금액을 자유롭게 조절 가능하고, 정액적금은 매월 동일 금액을 납입합니다.','자유적금과 정액적금의 차이는?',to_timestamp('25/11/24 09:36:36.933968000','RR/MM/DD HH24:MI:SSXFF'),null);
Insert into BNKPROJECT.QUIZ (QUIZID,CATEGORY,CORRECTANSWER,CREATEDDATE,DIFFICULTY,EXPLANATION,QUESTION,UPDATEDDATE,UPDATED_DATE) values (30,'FINANCE',2,to_timestamp('25/11/23 20:08:05.000000000','RR/MM/DD HH24:MI:SSXFF'),3,'연간 금융소득(이자+배당)이 2,000만원을 초과하면 종합소득세 과세 대상이 됩니다.','금융소득종합과세 대상이 되는 기준 금액은?',to_timestamp('25/11/24 09:37:06.333407000','RR/MM/DD HH24:MI:SSXFF'),null);
Insert into BNKPROJECT.QUIZ (QUIZID,CATEGORY,CORRECTANSWER,CREATEDDATE,DIFFICULTY,EXPLANATION,QUESTION,UPDATEDDATE,UPDATED_DATE) values (31,'CREDIT',2,to_timestamp('25/11/23 20:08:05.000000000','RR/MM/DD HH24:MI:SSXFF'),1,'신용점수는 1,000점 만점으로, 900점대가 최고 등급입니다.','신용점수가 가장 높은 등급은?',to_timestamp('25/11/24 09:37:56.744645000','RR/MM/DD HH24:MI:SSXFF'),null);
Insert into BNKPROJECT.QUIZ (QUIZID,CATEGORY,CORRECTANSWER,CREATEDDATE,DIFFICULTY,EXPLANATION,QUESTION,UPDATEDDATE,UPDATED_DATE) values (32,'LOAN',2,to_timestamp('25/11/23 20:08:05.000000000','RR/MM/DD HH24:MI:SSXFF'),3,'DSR은 연소득 대비 모든 대출의 연간 원리금 상환액 비율을 의미합니다.','DSR(총부채원리금상환비율)은 무엇을 의미하나요?',to_timestamp('25/11/24 09:39:38.778810000','RR/MM/DD HH24:MI:SSXFF'),null);
Insert into BNKPROJECT.QUIZ (QUIZID,CATEGORY,CORRECTANSWER,CREATEDDATE,DIFFICULTY,EXPLANATION,QUESTION,UPDATEDDATE,UPDATED_DATE) values (33,'LOAN',2,to_timestamp('25/11/23 20:08:05.000000000','RR/MM/DD HH24:MI:SSXFF'),2,'마이너스 통장은 당좌대출의 다른 이름으로, 한도 내에서 자유롭게 사용 가능합니다.','마이너스 통장의 정식 명칭은?',to_timestamp('25/11/24 09:40:03.042011000','RR/MM/DD HH24:MI:SSXFF'),null);
Insert into BNKPROJECT.QUIZ (QUIZID,CATEGORY,CORRECTANSWER,CREATEDDATE,DIFFICULTY,EXPLANATION,QUESTION,UPDATEDDATE,UPDATED_DATE) values (34,'LOAN',1,to_timestamp('25/11/23 20:08:05.000000000','RR/MM/DD HH24:MI:SSXFF'),2,'원리금균등상환은 매월 상환액이 동일하여 초기 부담이 적지만, 총 이자는 더 많습니다.','원리금균등상환과 원금균등상환 중 초기 상환액이 더 적은 것은?',to_timestamp('25/11/24 09:40:28.867965000','RR/MM/DD HH24:MI:SSXFF'),null);
Insert into BNKPROJECT.QUIZ (QUIZID,CATEGORY,CORRECTANSWER,CREATEDDATE,DIFFICULTY,EXPLANATION,QUESTION,UPDATEDDATE,UPDATED_DATE) values (35,'LOAN',1,to_timestamp('25/11/23 20:08:05.000000000','RR/MM/DD HH24:MI:SSXFF'),1,'담보대출은 부동산 등 담보물이 필요하고, 신용대출은 신용도만으로 대출이 가능합니다.','담보대출과 신용대출의 가장 큰 차이는?',to_timestamp('25/11/23 20:08:05.000000000','RR/MM/DD HH24:MI:SSXFF'),null);
Insert into BNKPROJECT.QUIZ (QUIZID,CATEGORY,CORRECTANSWER,CREATEDDATE,DIFFICULTY,EXPLANATION,QUESTION,UPDATEDDATE,UPDATED_DATE) values (36,'LOAN',3,to_timestamp('25/11/23 20:08:05.000000000','RR/MM/DD HH24:MI:SSXFF'),3,'중도상환수수료는 대출 상품마다 다르며, 일부 상품은 일정 기간 경과 후 면제됩니다.','중도상환수수료가 면제되는 경우는?',to_timestamp('25/11/23 20:08:05.000000000','RR/MM/DD HH24:MI:SSXFF'),null);
Insert into BNKPROJECT.QUIZ (QUIZID,CATEGORY,CORRECTANSWER,CREATEDDATE,DIFFICULTY,EXPLANATION,QUESTION,UPDATEDDATE,UPDATED_DATE) values (37,'LOAN',1,to_timestamp('25/11/23 20:08:05.000000000','RR/MM/DD HH24:MI:SSXFF'),2,'LTV 70%는 주택 가격의 70%까지 대출 가능하므로, 3억 × 0.7 = 2억 1천만원입니다.','LTV(주택담보대출비율)가 70%일 때 3억원 주택 최대 대출액은?',to_timestamp('25/11/23 20:08:05.000000000','RR/MM/DD HH24:MI:SSXFF'),null);
Insert into BNKPROJECT.QUIZ (QUIZID,CATEGORY,CORRECTANSWER,CREATEDDATE,DIFFICULTY,EXPLANATION,QUESTION,UPDATEDDATE,UPDATED_DATE) values (38,'CREDIT',2,to_timestamp('25/11/23 20:08:05.000000000','RR/MM/DD HH24:MI:SSXFF'),2,'60일 이상 연체 시 장기연체로 분류되어 신용점수에 큰 타격을 입습니다.','신용카드 연체 시 신용점수에 가장 큰 영향을 주는 기간은?',to_timestamp('25/11/23 20:08:05.000000000','RR/MM/DD HH24:MI:SSXFF'),null);
Insert into BNKPROJECT.QUIZ (QUIZID,CATEGORY,CORRECTANSWER,CREATEDDATE,DIFFICULTY,EXPLANATION,QUESTION,UPDATEDDATE,UPDATED_DATE) values (39,'LOAN',2,to_timestamp('25/11/23 20:08:06.000000000','RR/MM/DD HH24:MI:SSXFF'),1,'변동금리는 시장 금리에 따라 대출 금리가 변동하는 방식입니다.','금리가 변동하는 대출을 의미하는 용어는?',to_timestamp('25/11/24 09:44:20.244137000','RR/MM/DD HH24:MI:SSXFF'),null);
Insert into BNKPROJECT.QUIZ (QUIZID,CATEGORY,CORRECTANSWER,CREATEDDATE,DIFFICULTY,EXPLANATION,QUESTION,UPDATEDDATE,UPDATED_DATE) values (40,'CREDIT',2,to_timestamp('25/11/23 20:08:06.000000000','RR/MM/DD HH24:MI:SSXFF'),1,'본인조회는 신용점수에 영향을 주지 않으며, 무료로 조회 가능합니다.','개인신용정보 조회 시 본인이 직접 조회하는 것을 무엇이라 하나요?',to_timestamp('25/11/24 09:41:15.098015000','RR/MM/DD HH24:MI:SSXFF'),null);
Insert into BNKPROJECT.QUIZ (QUIZID,CATEGORY,CORRECTANSWER,CREATEDDATE,DIFFICULTY,EXPLANATION,QUESTION,UPDATEDDATE,UPDATED_DATE) values (41,'INVESTMENT',3,to_timestamp('25/11/23 20:08:06.000000000','RR/MM/DD HH24:MI:SSXFF'),2,'액면가는 주식의 명목상 가격으로, 현재는 대부분 액면가 100원 또는 500원입니다.','주식의 액면가가 의미하는 것은?',to_timestamp('25/11/24 09:31:27.515383000','RR/MM/DD HH24:MI:SSXFF'),null);
Insert into BNKPROJECT.QUIZ (QUIZID,CATEGORY,CORRECTANSWER,CREATEDDATE,DIFFICULTY,EXPLANATION,QUESTION,UPDATEDDATE,UPDATED_DATE) values (42,'INVESTMENT',2,to_timestamp('25/11/23 20:08:06.000000000','RR/MM/DD HH24:MI:SSXFF'),3,'PER이 낮으면 주가가 기업 이익 대비 저평가되어 있다고 볼 수 있습니다.','PER(주가수익비율)이 낮다는 것은 무엇을 의미하나요?',to_timestamp('25/11/24 09:42:15.097924000','RR/MM/DD HH24:MI:SSXFF'),null);
Insert into BNKPROJECT.QUIZ (QUIZID,CATEGORY,CORRECTANSWER,CREATEDDATE,DIFFICULTY,EXPLANATION,QUESTION,UPDATEDDATE,UPDATED_DATE) values (43,'INVESTMENT',2,to_timestamp('25/11/23 20:08:06.000000000','RR/MM/DD HH24:MI:SSXFF'),2,'ETF는 Exchange Traded Fund의 약자로 상장지수펀드를 의미합니다.','ETF는 무엇의 약자인가요?',to_timestamp('25/11/24 09:42:37.128170000','RR/MM/DD HH24:MI:SSXFF'),null);
Insert into BNKPROJECT.QUIZ (QUIZID,CATEGORY,CORRECTANSWER,CREATEDDATE,DIFFICULTY,EXPLANATION,QUESTION,UPDATEDDATE,UPDATED_DATE) values (44,'INVESTMENT',2,to_timestamp('25/11/23 20:08:06.000000000','RR/MM/DD HH24:MI:SSXFF'),1,'분산투자는 여러 자산에 투자하여 특정 자산의 손실 위험을 줄이는 것이 목적입니다.','분산투자의 주요 목적은?',to_timestamp('25/11/24 09:42:57.593439000','RR/MM/DD HH24:MI:SSXFF'),null);
Insert into BNKPROJECT.QUIZ (QUIZID,CATEGORY,CORRECTANSWER,CREATEDDATE,DIFFICULTY,EXPLANATION,QUESTION,UPDATEDDATE,UPDATED_DATE) values (45,'INVESTMENT',2,to_timestamp('25/11/23 20:08:06.000000000','RR/MM/DD HH24:MI:SSXFF'),3,'만기수익률이 표면금리보다 높으면 채권이 할인되어 거래되고 있다는 의미입니다.','채권의 만기수익률이 표면금리보다 높다는 것은?',to_timestamp('25/11/24 09:43:20.781995000','RR/MM/DD HH24:MI:SSXFF'),null);
Insert into BNKPROJECT.QUIZ (QUIZID,CATEGORY,CORRECTANSWER,CREATEDDATE,DIFFICULTY,EXPLANATION,QUESTION,UPDATEDDATE,UPDATED_DATE) values (46,'INVESTMENT',1,to_timestamp('25/11/23 20:08:06.000000000','RR/MM/DD HH24:MI:SSXFF'),2,'배당수익률 = (주당 배당금 ÷ 주가) × 100으로 계산합니다.','배당수익률 계산 방법은?',to_timestamp('25/11/24 09:43:56.268157000','RR/MM/DD HH24:MI:SSXFF'),null);
Insert into BNKPROJECT.QUIZ (QUIZID,CATEGORY,CORRECTANSWER,CREATEDDATE,DIFFICULTY,EXPLANATION,QUESTION,UPDATEDDATE,UPDATED_DATE) values (47,'INVESTMENT',1,to_timestamp('25/11/23 20:08:06.000000000','RR/MM/DD HH24:MI:SSXFF'),2,'코스피는 대형주 중심, 코스닥은 중소·벤처기업 중심으로 상장 요건이 다릅니다.','코스피(KOSPI)와 코스닥(KOSDAQ)의 차이점은?',to_timestamp('25/11/24 12:29:25.054044000','RR/MM/DD HH24:MI:SSXFF'),null);
Insert into BNKPROJECT.QUIZ (QUIZID,CATEGORY,CORRECTANSWER,CREATEDDATE,DIFFICULTY,EXPLANATION,QUESTION,UPDATEDDATE,UPDATED_DATE) values (48,'INVESTMENT',1,to_timestamp('25/11/23 20:08:06.000000000','RR/MM/DD HH24:MI:SSXFF'),2,'증권거래세는 주식 매도 시에만 거래 금액의 0.23%가 부과됩니다. (2024년 기준)','주식 거래 시 발생하는 세금 중 매도 시에만 부과되는 것은?',to_timestamp('25/11/24 12:29:49.441540000','RR/MM/DD HH24:MI:SSXFF'),null);
Insert into BNKPROJECT.QUIZ (QUIZID,CATEGORY,CORRECTANSWER,CREATEDDATE,DIFFICULTY,EXPLANATION,QUESTION,UPDATEDDATE,UPDATED_DATE) values (49,'INVESTMENT',2,to_timestamp('25/11/23 20:08:07.000000000','RR/MM/DD HH24:MI:SSXFF'),2,'펀드의 기준가격은 하루에 한 번, 장 마감 후 순자산가치를 기준으로 산정됩니다.','펀드의 기준가격의 변동 주기는?',to_timestamp('25/11/24 09:45:49.553123000','RR/MM/DD HH24:MI:SSXFF'),null);
Insert into BNKPROJECT.QUIZ (QUIZID,CATEGORY,CORRECTANSWER,CREATEDDATE,DIFFICULTY,EXPLANATION,QUESTION,UPDATEDDATE,UPDATED_DATE) values (50,'INVESTMENT',2,to_timestamp('25/11/23 20:08:07.000000000','RR/MM/DD HH24:MI:SSXFF'),1,'워렌 버핏은 저평가된 우량주에 장기 투자하는 가치투자로 유명합니다.','가치투자의 대가로 알려진 투자자는?',to_timestamp('25/11/24 09:44:45.516116000','RR/MM/DD HH24:MI:SSXFF'),null);
REM INSERTING into BNKPROJECT.SECURELOG
SET DEFINE OFF;
REM INSERTING into BNKPROJECT.SECURITYSETTINGS
SET DEFINE OFF;
Insert into BNKPROJECT.SECURITYSETTINGS (SETTINGKEY,SETTINGVALUE,SETTINGTYPE,SETTINGDESC,UPDATEDDATE,UPDATEDBY,USEYN) values ('PASSWORD_MIN_LENGTH','8','NUMBER','관리자 비밀번호 최소 길이',to_date('2025-11-20 01:34:46','YYYY-MM-DD HH24:MI:SS'),'SYSTEM','Y');
Insert into BNKPROJECT.SECURITYSETTINGS (SETTINGKEY,SETTINGVALUE,SETTINGTYPE,SETTINGDESC,UPDATEDDATE,UPDATEDBY,USEYN) values ('LOGIN_FAIL_LIMIT','5','NUMBER','로그인 실패 횟수 제한 (계정 잠금)',to_date('2025-11-20 01:34:47','YYYY-MM-DD HH24:MI:SS'),'SYSTEM','Y');
Insert into BNKPROJECT.SECURITYSETTINGS (SETTINGKEY,SETTINGVALUE,SETTINGTYPE,SETTINGDESC,UPDATEDDATE,UPDATEDBY,USEYN) values ('SESSION_TIMEOUT','30','NUMBER','세션 타임아웃 (분)',to_date('2025-11-20 01:34:49','YYYY-MM-DD HH24:MI:SS'),'SYSTEM','Y');
Insert into BNKPROJECT.SECURITYSETTINGS (SETTINGKEY,SETTINGVALUE,SETTINGTYPE,SETTINGDESC,UPDATEDDATE,UPDATEDBY,USEYN) values ('SSL_CERT_EXPIRY','2026-05-15','DATE','SSL 인증서 만료일',to_date('2025-11-20 01:34:50','YYYY-MM-DD HH24:MI:SS'),'SYSTEM','Y');
REM INSERTING into BNKPROJECT.SITESETTINGS
SET DEFINE OFF;
Insert into BNKPROJECT.SITESETTINGS (SETTINGKEY,SETTINGVALUE,SETTINGDESC,UPDATEDDATE,UPDATEDBY) values ('CSPHONEDOMESTIC1','1588-6200','고객센터 전화번호1',to_date('2025-11-19 01:26:12','YYYY-MM-DD HH24:MI:SS'),'SYSTEM');
Insert into BNKPROJECT.SITESETTINGS (SETTINGKEY,SETTINGVALUE,SETTINGDESC,UPDATEDDATE,UPDATEDBY) values ('CSPHONEDOMESTIC2','1544-6200','고객센터 전화번호2',to_date('2025-11-19 01:38:03','YYYY-MM-DD HH24:MI:SS'),'a1234');
Insert into BNKPROJECT.SITESETTINGS (SETTINGKEY,SETTINGVALUE,SETTINGDESC,UPDATEDDATE,UPDATEDBY) values ('CSPHONEOVERSEAS','+82-2-1588-6200','해외 전화번호',to_date('2025-11-19 01:26:15','YYYY-MM-DD HH24:MI:SS'),'SYSTEM');
Insert into BNKPROJECT.SITESETTINGS (SETTINGKEY,SETTINGVALUE,SETTINGDESC,UPDATEDDATE,UPDATEDBY) values ('COPYRIGHTTEXT','COPYTRIGHT © 2014 BUSANBANK. ALL RIGHTS RESERVED.','저작권 문구',to_date('2025-11-19 01:26:17','YYYY-MM-DD HH24:MI:SS'),'SYSTEM');
Insert into BNKPROJECT.SITESETTINGS (SETTINGKEY,SETTINGVALUE,SETTINGDESC,UPDATEDDATE,UPDATEDBY) values ('APPNAME','Busanbank','애플리케이션 이름',to_date('2025-11-19 01:26:18','YYYY-MM-DD HH24:MI:SS'),'SYSTEM');
Insert into BNKPROJECT.SITESETTINGS (SETTINGKEY,SETTINGVALUE,SETTINGDESC,UPDATEDDATE,UPDATEDBY) values ('APPVERSION','0.0.6-SNAPSHOT','애플리케이션 버전',to_date('2025-11-24 01:20:20','YYYY-MM-DD HH24:MI:SS'),'a1234');
Insert into BNKPROJECT.SITESETTINGS (SETTINGKEY,SETTINGVALUE,SETTINGDESC,UPDATEDDATE,UPDATEDBY) values ('SITENAME','BNK 부산은행','사이트명',to_date('2025-11-19 01:26:20','YYYY-MM-DD HH24:MI:SS'),'SYSTEM');
Insert into BNKPROJECT.SITESETTINGS (SETTINGKEY,SETTINGVALUE,SETTINGDESC,UPDATEDDATE,UPDATEDBY) values ('COMPANYADDRESS','부산광역시 중구 중앙대로 81','회사 주소',to_date('2025-11-19 01:26:21','YYYY-MM-DD HH24:MI:SS'),'SYSTEM');
Insert into BNKPROJECT.SITESETTINGS (SETTINGKEY,SETTINGVALUE,SETTINGDESC,UPDATEDDATE,UPDATEDBY) values ('COMPANYPHONE','051-600-0400','회사 대표 전화번호',to_date('2025-11-19 01:26:23','YYYY-MM-DD HH24:MI:SS'),'SYSTEM');
REM INSERTING into BNKPROJECT.TERM
SET DEFINE OFF;
Insert into BNKPROJECT.TERM (TERMNO,GROUPCODE,TERMTYPE,TERMVERSION,TERMTITLE,APPLYDATE,CREATEDAT,UPDATEDAT,STATUS) values (1,'TERM_TYPE','01','1.0','회원 약관',to_date('2025-11-18 00:00:00','YYYY-MM-DD HH24:MI:SS'),to_date('2025-11-18 03:06:04','YYYY-MM-DD HH24:MI:SS'),null,'Y');
Insert into BNKPROJECT.TERM (TERMNO,GROUPCODE,TERMTYPE,TERMVERSION,TERMTITLE,APPLYDATE,CREATEDAT,UPDATEDAT,STATUS) values (2,'TERM_TYPE','02','1.0','개인정보처리취급방침',to_date('2025-11-18 00:00:00','YYYY-MM-DD HH24:MI:SS'),to_date('2025-11-18 03:07:03','YYYY-MM-DD HH24:MI:SS'),null,'Y');
REM INSERTING into BNKPROJECT.USERLEVEL
SET DEFINE OFF;
Insert into BNKPROJECT.USERLEVEL (LEVELID,CREATEDDATE,CURRENTLEVEL,INTERESTBONUS,TIER,TOTALPOINTS,UPDATEDDATE,USERID) values (1,to_timestamp('25/11/13 07:59:39.254042000','RR/MM/DD HH24:MI:SSXFF'),1,0,'Rookie',0,to_timestamp('25/11/13 07:59:39.254042000','RR/MM/DD HH24:MI:SSXFF'),1);
Insert into BNKPROJECT.USERLEVEL (LEVELID,CREATEDDATE,CURRENTLEVEL,INTERESTBONUS,TIER,TOTALPOINTS,UPDATEDDATE,USERID) values (21,to_timestamp('25/11/24 12:09:54.870215000','RR/MM/DD HH24:MI:SSXFF'),1,0,'Rookie',20,to_timestamp('25/11/24 12:31:14.490447000','RR/MM/DD HH24:MI:SSXFF'),231837261);
Insert into BNKPROJECT.USERLEVEL (LEVELID,CREATEDDATE,CURRENTLEVEL,INTERESTBONUS,TIER,TOTALPOINTS,UPDATEDDATE,USERID) values (22,to_timestamp('25/11/24 12:10:20.700122000','RR/MM/DD HH24:MI:SSXFF'),1,0,'Rookie',10,to_timestamp('25/11/24 12:12:42.109955000','RR/MM/DD HH24:MI:SSXFF'),231837269);
REM INSERTING into BNKPROJECT.USERPRODUCT
SET DEFINE OFF;
Insert into BNKPROJECT.USERPRODUCT (USERID,PRODUCTNO,STARTDATE,STATUS,CREATEDAT,UPDATEDAT,ENDDATE,APPLYRATE,CONTRACTTERM,PRINCIPALAMOUNT,EXPECTEDENDDATE,CONTRACTEARLYRATE,ACCOUNTPASSWORD,BRANCHID,EMPID,NOTIFICATION_SMS,NOTIFICATION_EMAIL,NOTIFICATION_HP,NOTIFICATION_EMAIL_ADDR) values ('1',101,to_date('2024-11-01 00:00:00','YYYY-MM-DD HH24:MI:SS'),'A',to_date('2025-11-17 05:26:57','YYYY-MM-DD HH24:MI:SS'),null,null,2.45,12,3000000,to_date('2025-11-01 00:00:00','YYYY-MM-DD HH24:MI:SS'),1.8,'$2a$10$59xq/vJmysJykZxzDHUlsOvqGY3g2d4K7WLYKTFPk7PtTCh17PIkS',null,null,'N','N',null,null);
Insert into BNKPROJECT.USERPRODUCT (USERID,PRODUCTNO,STARTDATE,STATUS,CREATEDAT,UPDATEDAT,ENDDATE,APPLYRATE,CONTRACTTERM,PRINCIPALAMOUNT,EXPECTEDENDDATE,CONTRACTEARLYRATE,ACCOUNTPASSWORD,BRANCHID,EMPID,NOTIFICATION_SMS,NOTIFICATION_EMAIL,NOTIFICATION_HP,NOTIFICATION_EMAIL_ADDR) values ('1',201,to_date('2024-11-01 00:00:00','YYYY-MM-DD HH24:MI:SS'),'A',to_date('2025-11-17 05:31:58','YYYY-MM-DD HH24:MI:SS'),null,null,2.45,12,500000,to_date('2025-11-01 00:00:00','YYYY-MM-DD HH24:MI:SS'),1.8,'$2a$10$59xq/vJmysJykZxzDHUlsOvqGY3g2d4K7WLYKTFPk7PtTCh17PIkS',null,null,'N','N',null,null);
Insert into BNKPROJECT.USERPRODUCT (USERID,PRODUCTNO,STARTDATE,STATUS,CREATEDAT,UPDATEDAT,ENDDATE,APPLYRATE,CONTRACTTERM,PRINCIPALAMOUNT,EXPECTEDENDDATE,CONTRACTEARLYRATE,ACCOUNTPASSWORD,BRANCHID,EMPID,NOTIFICATION_SMS,NOTIFICATION_EMAIL,NOTIFICATION_HP,NOTIFICATION_EMAIL_ADDR) values ('2',301,to_date('2024-06-15 00:00:00','YYYY-MM-DD HH24:MI:SS'),'A',to_date('2025-11-17 05:35:43','YYYY-MM-DD HH24:MI:SS'),null,null,3.1,24,300000,to_date('2026-06-15 00:00:00','YYYY-MM-DD HH24:MI:SS'),2.5,'$2a$10$191tqqplaZwH9cCVsNEwPufpEBwNCOhQE90LyJb6alv9l0UBVVOk6',null,null,'N','N',null,null);
Insert into BNKPROJECT.USERPRODUCT (USERID,PRODUCTNO,STARTDATE,STATUS,CREATEDAT,UPDATEDAT,ENDDATE,APPLYRATE,CONTRACTTERM,PRINCIPALAMOUNT,EXPECTEDENDDATE,CONTRACTEARLYRATE,ACCOUNTPASSWORD,BRANCHID,EMPID,NOTIFICATION_SMS,NOTIFICATION_EMAIL,NOTIFICATION_HP,NOTIFICATION_EMAIL_ADDR) values ('2',3,to_date('2024-01-10 00:00:00','YYYY-MM-DD HH24:MI:SS'),'A',to_date('2025-11-17 05:35:47','YYYY-MM-DD HH24:MI:SS'),null,null,0.1,12,1000000,to_date('2025-01-10 00:00:00','YYYY-MM-DD HH24:MI:SS'),0.05,'$2a$10$191tqqplaZwH9cCVsNEwPufpEBwNCOhQE90LyJb6alv9l0UBVVOk6',null,null,'N','N',null,null);
Insert into BNKPROJECT.USERPRODUCT (USERID,PRODUCTNO,STARTDATE,STATUS,CREATEDAT,UPDATEDAT,ENDDATE,APPLYRATE,CONTRACTTERM,PRINCIPALAMOUNT,EXPECTEDENDDATE,CONTRACTEARLYRATE,ACCOUNTPASSWORD,BRANCHID,EMPID,NOTIFICATION_SMS,NOTIFICATION_EMAIL,NOTIFICATION_HP,NOTIFICATION_EMAIL_ADDR) values ('3',103,to_date('2024-10-01 00:00:00','YYYY-MM-DD HH24:MI:SS'),'A',to_date('2025-11-17 05:35:51','YYYY-MM-DD HH24:MI:SS'),null,null,2.6,12,5000000,to_date('2025-10-01 00:00:00','YYYY-MM-DD HH24:MI:SS'),1.4,'$2a$10$3HOkMg0yO5H1G1H2eAPTkOzryJPUupOZll4xCtldRZIscZ22MJeTO',null,null,'N','N',null,null);
Insert into BNKPROJECT.USERPRODUCT (USERID,PRODUCTNO,STARTDATE,STATUS,CREATEDAT,UPDATEDAT,ENDDATE,APPLYRATE,CONTRACTTERM,PRINCIPALAMOUNT,EXPECTEDENDDATE,CONTRACTEARLYRATE,ACCOUNTPASSWORD,BRANCHID,EMPID,NOTIFICATION_SMS,NOTIFICATION_EMAIL,NOTIFICATION_HP,NOTIFICATION_EMAIL_ADDR) values ('3',204,to_date('2024-09-01 00:00:00','YYYY-MM-DD HH24:MI:SS'),'A',to_date('2025-11-17 05:35:56','YYYY-MM-DD HH24:MI:SS'),null,null,2.4,12,1000000,to_date('2025-09-01 00:00:00','YYYY-MM-DD HH24:MI:SS'),1.4,'$2a$10$3HOkMg0yO5H1G1H2eAPTkOzryJPUupOZll4xCtldRZIscZ22MJeTO',null,null,'N','N',null,null);
Insert into BNKPROJECT.USERPRODUCT (USERID,PRODUCTNO,STARTDATE,STATUS,CREATEDAT,UPDATEDAT,ENDDATE,APPLYRATE,CONTRACTTERM,PRINCIPALAMOUNT,EXPECTEDENDDATE,CONTRACTEARLYRATE,ACCOUNTPASSWORD,BRANCHID,EMPID,NOTIFICATION_SMS,NOTIFICATION_EMAIL,NOTIFICATION_HP,NOTIFICATION_EMAIL_ADDR) values ('4',302,to_date('2024-03-01 00:00:00','YYYY-MM-DD HH24:MI:SS'),'A',to_date('2025-11-17 05:36:01','YYYY-MM-DD HH24:MI:SS'),null,null,2,24,200000,to_date('2026-03-01 00:00:00','YYYY-MM-DD HH24:MI:SS'),1.5,'$2a$10$kHSNg2XUZj5.hw2G7rPU5uISjVqNId0obngkRBS.oIr4AavxxLy2G',null,null,'N','N',null,null);
Insert into BNKPROJECT.USERPRODUCT (USERID,PRODUCTNO,STARTDATE,STATUS,CREATEDAT,UPDATEDAT,ENDDATE,APPLYRATE,CONTRACTTERM,PRINCIPALAMOUNT,EXPECTEDENDDATE,CONTRACTEARLYRATE,ACCOUNTPASSWORD,BRANCHID,EMPID,NOTIFICATION_SMS,NOTIFICATION_EMAIL,NOTIFICATION_HP,NOTIFICATION_EMAIL_ADDR) values ('4',401,to_date('2024-08-01 00:00:00','YYYY-MM-DD HH24:MI:SS'),'A',to_date('2025-11-17 05:36:05','YYYY-MM-DD HH24:MI:SS'),null,null,2.45,12,800000,to_date('2025-08-01 00:00:00','YYYY-MM-DD HH24:MI:SS'),1.8,'$2a$10$kHSNg2XUZj5.hw2G7rPU5uISjVqNId0obngkRBS.oIr4AavxxLy2G',null,null,'N','N',null,null);
Insert into BNKPROJECT.USERPRODUCT (USERID,PRODUCTNO,STARTDATE,STATUS,CREATEDAT,UPDATEDAT,ENDDATE,APPLYRATE,CONTRACTTERM,PRINCIPALAMOUNT,EXPECTEDENDDATE,CONTRACTEARLYRATE,ACCOUNTPASSWORD,BRANCHID,EMPID,NOTIFICATION_SMS,NOTIFICATION_EMAIL,NOTIFICATION_HP,NOTIFICATION_EMAIL_ADDR) values ('5',102,to_date('2024-07-15 00:00:00','YYYY-MM-DD HH24:MI:SS'),'A',to_date('2025-11-17 05:36:08','YYYY-MM-DD HH24:MI:SS'),null,null,2.05,12,10000000,to_date('2025-07-15 00:00:00','YYYY-MM-DD HH24:MI:SS'),1.5,'$2a$10$xdX8oqvDdez.X1Jt8d6W5.yIJgeJMxbBUv5vCBjQquGSgrL6L3kg2',null,null,'N','N',null,null);
Insert into BNKPROJECT.USERPRODUCT (USERID,PRODUCTNO,STARTDATE,STATUS,CREATEDAT,UPDATEDAT,ENDDATE,APPLYRATE,CONTRACTTERM,PRINCIPALAMOUNT,EXPECTEDENDDATE,CONTRACTEARLYRATE,ACCOUNTPASSWORD,BRANCHID,EMPID,NOTIFICATION_SMS,NOTIFICATION_EMAIL,NOTIFICATION_HP,NOTIFICATION_EMAIL_ADDR) values ('5',205,to_date('2024-05-01 00:00:00','YYYY-MM-DD HH24:MI:SS'),'A',to_date('2025-11-17 05:36:12','YYYY-MM-DD HH24:MI:SS'),null,null,2.3,12,1000000,to_date('2025-05-01 00:00:00','YYYY-MM-DD HH24:MI:SS'),1.5,'$2a$10$xdX8oqvDdez.X1Jt8d6W5.yIJgeJMxbBUv5vCBjQquGSgrL6L3kg2',null,null,'N','N',null,null);
Insert into BNKPROJECT.USERPRODUCT (USERID,PRODUCTNO,STARTDATE,STATUS,CREATEDAT,UPDATEDAT,ENDDATE,APPLYRATE,CONTRACTTERM,PRINCIPALAMOUNT,EXPECTEDENDDATE,CONTRACTEARLYRATE,ACCOUNTPASSWORD,BRANCHID,EMPID,NOTIFICATION_SMS,NOTIFICATION_EMAIL,NOTIFICATION_HP,NOTIFICATION_EMAIL_ADDR) values ('1',105,to_date('2023-01-01 00:00:00','YYYY-MM-DD HH24:MI:SS'),'N',to_date('2025-11-17 05:37:13','YYYY-MM-DD HH24:MI:SS'),to_date('2025-11-17 05:37:13','YYYY-MM-DD HH24:MI:SS'),to_date('2024-01-01 00:00:00','YYYY-MM-DD HH24:MI:SS'),2.3,12,5000000,to_date('2024-01-01 00:00:00','YYYY-MM-DD HH24:MI:SS'),1.5,'$2a$10$59xq/vJmysJykZxzDHUlsOvqGY3g2d4K7WLYKTFPk7PtTCh17PIkS',null,null,'N','N',null,null);
Insert into BNKPROJECT.USERPRODUCT (USERID,PRODUCTNO,STARTDATE,STATUS,CREATEDAT,UPDATEDAT,ENDDATE,APPLYRATE,CONTRACTTERM,PRINCIPALAMOUNT,EXPECTEDENDDATE,CONTRACTEARLYRATE,ACCOUNTPASSWORD,BRANCHID,EMPID,NOTIFICATION_SMS,NOTIFICATION_EMAIL,NOTIFICATION_HP,NOTIFICATION_EMAIL_ADDR) values ('2',104,to_date('2024-01-01 00:00:00','YYYY-MM-DD HH24:MI:SS'),'A',to_date('2025-11-17 05:37:17','YYYY-MM-DD HH24:MI:SS'),null,null,2.4,12,3000000,to_date('2025-01-01 00:00:00','YYYY-MM-DD HH24:MI:SS'),1.4,'$2a$10$191tqqplaZwH9cCVsNEwPufpEBwNCOhQE90LyJb6alv9l0UBVVOk6',null,null,'N','N',null,null);
Insert into BNKPROJECT.USERPRODUCT (USERID,PRODUCTNO,STARTDATE,STATUS,CREATEDAT,UPDATEDAT,ENDDATE,APPLYRATE,CONTRACTTERM,PRINCIPALAMOUNT,EXPECTEDENDDATE,CONTRACTEARLYRATE,ACCOUNTPASSWORD,BRANCHID,EMPID,NOTIFICATION_SMS,NOTIFICATION_EMAIL,NOTIFICATION_HP,NOTIFICATION_EMAIL_ADDR) values ('3',101,to_date('2024-09-01 00:00:00','YYYY-MM-DD HH24:MI:SS'),'A',to_date('2025-11-17 05:35:56','YYYY-MM-DD HH24:MI:SS'),null,null,2.4,12,1000000,to_date('2025-09-01 00:00:00','YYYY-MM-DD HH24:MI:SS'),1.4,'$2a$10$3HOkMg0yO5H1G1H2eAPTkOzryJPUupOZll4xCtldRZIscZ22MJeTO',null,null,'N','N',null,null);
Insert into BNKPROJECT.USERPRODUCT (USERID,PRODUCTNO,STARTDATE,STATUS,CREATEDAT,UPDATEDAT,ENDDATE,APPLYRATE,CONTRACTTERM,PRINCIPALAMOUNT,EXPECTEDENDDATE,CONTRACTEARLYRATE,ACCOUNTPASSWORD,BRANCHID,EMPID,NOTIFICATION_SMS,NOTIFICATION_EMAIL,NOTIFICATION_HP,NOTIFICATION_EMAIL_ADDR) values ('3',301,to_date('2024-09-01 00:00:00','YYYY-MM-DD HH24:MI:SS'),'A',to_date('2025-11-17 05:35:56','YYYY-MM-DD HH24:MI:SS'),null,null,2.4,12,1000000,to_date('2025-09-01 00:00:00','YYYY-MM-DD HH24:MI:SS'),1.4,'$2a$10$3HOkMg0yO5H1G1H2eAPTkOzryJPUupOZll4xCtldRZIscZ22MJeTO',null,null,'N','N',null,null);
REM INSERTING into BNKPROJECT.USERQUIZPROGRESS
SET DEFINE OFF;
Insert into BNKPROJECT.USERQUIZPROGRESS (PROGRESSID,EARNEDPOINTS,ISCORRECT,SUBMITTEDAT,USERID,QUIZID) values (4,0,0,to_timestamp('25/11/24 12:31:03.510068000','RR/MM/DD HH24:MI:SSXFF'),231837261,25);
Insert into BNKPROJECT.USERQUIZPROGRESS (PROGRESSID,EARNEDPOINTS,ISCORRECT,SUBMITTEDAT,USERID,QUIZID) values (5,10,1,to_timestamp('25/11/24 12:31:08.749875000','RR/MM/DD HH24:MI:SSXFF'),231837261,1);
Insert into BNKPROJECT.USERQUIZPROGRESS (PROGRESSID,EARNEDPOINTS,ISCORRECT,SUBMITTEDAT,USERID,QUIZID) values (6,10,1,to_timestamp('25/11/24 12:31:14.437736000','RR/MM/DD HH24:MI:SSXFF'),231837261,48);
Insert into BNKPROJECT.USERQUIZPROGRESS (PROGRESSID,EARNEDPOINTS,ISCORRECT,SUBMITTEDAT,USERID,QUIZID) values (1,0,0,to_timestamp('25/11/24 12:11:53.841549000','RR/MM/DD HH24:MI:SSXFF'),231837269,49);
Insert into BNKPROJECT.USERQUIZPROGRESS (PROGRESSID,EARNEDPOINTS,ISCORRECT,SUBMITTEDAT,USERID,QUIZID) values (2,0,0,to_timestamp('25/11/24 12:12:10.400882000','RR/MM/DD HH24:MI:SSXFF'),231837269,47);
Insert into BNKPROJECT.USERQUIZPROGRESS (PROGRESSID,EARNEDPOINTS,ISCORRECT,SUBMITTEDAT,USERID,QUIZID) values (3,10,1,to_timestamp('25/11/24 12:12:42.057945000','RR/MM/DD HH24:MI:SSXFF'),231837269,26);
REM INSERTING into BNKPROJECT.USERS
SET DEFINE OFF;
Insert into BNKPROJECT.USERS (USERNO,USERNAME,USERID,USERPW,EMAIL,HP,ZIP,ADDR1,ADDR2,ROLE,REGDATE,CREATEDAT,UPDATEDAT,STATUS,ACCOUNTPASSWORD,RRN,USERPRIORITY,LOGINFAILCOUNT,ACCOUNTLOCKED,LASTFAILEDLOGIN,LOCKEDDATE) values (271044864,'UwvOoDQVegRIz7SkTl7JLQ==','os3754','$2a$10$LZxkKmJlgrKLpK3Jbns2FObOm7cCXRTiaDlOiAvb8MKU2ISQJI47e','tS8ouP3Nk4X7kbSJOd5lPATK6DzJMsBPAuWKNWSUBVA=','q0IRYs8qE+4Os6RG9MQYhg==','13479','경기 성남시 분당구 서판교로 32','1동','USER',to_date('2025-11-13 05:56:01','YYYY-MM-DD HH24:MI:SS'),to_date('2025-11-13 05:56:01','YYYY-MM-DD HH24:MI:SS'),to_date('2025-11-13 05:56:01','YYYY-MM-DD HH24:MI:SS'),'A','$2a$10$uDymn5l4s33o6E6UVM6hwuwDOmTI4NBqZZ7fFgDOAbmDyNn4Hl7xu','NXriGcR0tQX/xCnnLuvO8TYwMeSQalW66Df4hc5Fpvg=','BASIC',0,'N',null,null);
Insert into BNKPROJECT.USERS (USERNO,USERNAME,USERID,USERPW,EMAIL,HP,ZIP,ADDR1,ADDR2,ROLE,REGDATE,CREATEDAT,UPDATEDAT,STATUS,ACCOUNTPASSWORD,RRN,USERPRIORITY,LOGINFAILCOUNT,ACCOUNTLOCKED,LASTFAILEDLOGIN,LOCKEDDATE) values (231837262,'UwvOoDQVegRIz7SkTl7JLQ==','test','$2a$10$Zj8d9yVz69WbhTQjwODoLOx0A67/vTdVloVSqE/YrfnrJes0HjNH6','sl75vnQUN5P7D+fRdzMjB2n/of6EsPAtKmxIaHAgf40=','Z+y+ZT2YAcZjN+3LcbusIA==','46729','부산 강서구 가달1로 7','2동','USER',to_date('2025-11-13 05:56:01','YYYY-MM-DD HH24:MI:SS'),to_date('2025-11-13 05:56:01','YYYY-MM-DD HH24:MI:SS'),to_date('2025-11-13 05:56:01','YYYY-MM-DD HH24:MI:SS'),'A','$2a$10$Z0knTgEYq0Ny6bI5o7PAzeKy9ku/HiLaCDxRuYXL4N66CY15Ay4gW','u5dxXMj4GlxXVLdaskFgvQ==','BASIC',0,'N',null,null);
Insert into BNKPROJECT.USERS (USERNO,USERNAME,USERID,USERPW,EMAIL,HP,ZIP,ADDR1,ADDR2,ROLE,REGDATE,CREATEDAT,UPDATEDAT,STATUS,ACCOUNTPASSWORD,RRN,USERPRIORITY,LOGINFAILCOUNT,ACCOUNTLOCKED,LASTFAILEDLOGIN,LOCKEDDATE) values (231837269,'H/Cbmr6Qev9AlnUsOF4isA==','1','$2a$10$LZxkKmJlgrKLpK3Jbns2FObOm7cCXRTiaDlOiAvb8MKU2ISQJI47e','mBw5U+bPuN3quLnk4N6OgOLPFB33WoSK83W5AmWxFyc=','pcs/CSqEC0AlgDqYjvcaDg==','46729','부산 강서구 가달1로 7','2동','USER',to_date('2025-11-13 05:56:01','YYYY-MM-DD HH24:MI:SS'),to_date('2025-11-13 05:56:01','YYYY-MM-DD HH24:MI:SS'),to_date('2025-11-13 05:56:01','YYYY-MM-DD HH24:MI:SS'),'A','$2a$10$59xq/vJmysJykZxzDHUlsOvqGY3g2d4K7WLYKTFPk7PtTCh17PIkS','u5dxXMj4GlxXVLdaskFgvQ==','BASIC',0,'N',null,null);
Insert into BNKPROJECT.USERS (USERNO,USERNAME,USERID,USERPW,EMAIL,HP,ZIP,ADDR1,ADDR2,ROLE,REGDATE,CREATEDAT,UPDATEDAT,STATUS,ACCOUNTPASSWORD,RRN,USERPRIORITY,LOGINFAILCOUNT,ACCOUNTLOCKED,LASTFAILEDLOGIN,LOCKEDDATE) values (231837261,'HmRiVPJO5NXQc0PnW2TpHA==','2','$2a$10$LZxkKmJlgrKLpK3Jbns2FObOm7cCXRTiaDlOiAvb8MKU2ISQJI47e','AGhJ3+koEMsDI+ME+VMvqcg9/zwI52fsAKniwyeZMBo=','aH2Va+abNDCS0yHT2k6ZLw==','46729','부산 강서구 가달1로 7','2동','USER',to_date('2025-11-13 05:56:01','YYYY-MM-DD HH24:MI:SS'),to_date('2025-11-13 05:56:01','YYYY-MM-DD HH24:MI:SS'),to_date('2025-11-13 05:56:01','YYYY-MM-DD HH24:MI:SS'),'A','$2a$10$191tqqplaZwH9cCVsNEwPufpEBwNCOhQE90LyJb6alv9l0UBVVOk6','u5dxXMj4GlxXVLdaskFgvQ==','BASIC',0,'N',null,null);
Insert into BNKPROJECT.USERS (USERNO,USERNAME,USERID,USERPW,EMAIL,HP,ZIP,ADDR1,ADDR2,ROLE,REGDATE,CREATEDAT,UPDATEDAT,STATUS,ACCOUNTPASSWORD,RRN,USERPRIORITY,LOGINFAILCOUNT,ACCOUNTLOCKED,LASTFAILEDLOGIN,LOCKEDDATE) values (231837266,'7BmmCYHgj1MLLmEd6VtO+g==','3','$2a$10$LZxkKmJlgrKLpK3Jbns2FObOm7cCXRTiaDlOiAvb8MKU2ISQJI47e','tS8ouP3Nk4X7kbSJOd5lPATK6DzJMsBPAuWKNWSUBVA=','q0IRYs8qE+4Os6RG9MQYhg==','46729','부산 강서구 가달1로 7','2동','USER',to_date('2025-11-13 05:56:01','YYYY-MM-DD HH24:MI:SS'),to_date('2025-11-13 05:56:01','YYYY-MM-DD HH24:MI:SS'),to_date('2025-11-13 05:56:01','YYYY-MM-DD HH24:MI:SS'),'A','$2a$10$3HOkMg0yO5H1G1H2eAPTkOzryJPUupOZll4xCtldRZIscZ22MJeTO','u5dxXMj4GlxXVLdaskFgvQ==','BASIC',0,'N',null,null);
Insert into BNKPROJECT.USERS (USERNO,USERNAME,USERID,USERPW,EMAIL,HP,ZIP,ADDR1,ADDR2,ROLE,REGDATE,CREATEDAT,UPDATEDAT,STATUS,ACCOUNTPASSWORD,RRN,USERPRIORITY,LOGINFAILCOUNT,ACCOUNTLOCKED,LASTFAILEDLOGIN,LOCKEDDATE) values (231837267,'KUDJJ+wxIPVqswEkSYLdzw==','4','$2a$10$LZxkKmJlgrKLpK3Jbns2FObOm7cCXRTiaDlOiAvb8MKU2ISQJI47e','sl75vnQUN5P7D+fRdzMjB2n/of6EsPAtKmxIaHAgf40=','Z+y+ZT2YAcZjN+3LcbusIA==','46729','부산 강서구 가달1로 7','2동','USER',to_date('2025-11-13 05:56:01','YYYY-MM-DD HH24:MI:SS'),to_date('2025-11-13 05:56:01','YYYY-MM-DD HH24:MI:SS'),to_date('2025-11-13 05:56:01','YYYY-MM-DD HH24:MI:SS'),'A','$2a$10$kHSNg2XUZj5.hw2G7rPU5uISjVqNId0obngkRBS.oIr4AavxxLy2G','u5dxXMj4GlxXVLdaskFgvQ==','BASIC',0,'N',null,null);
Insert into BNKPROJECT.USERS (USERNO,USERNAME,USERID,USERPW,EMAIL,HP,ZIP,ADDR1,ADDR2,ROLE,REGDATE,CREATEDAT,UPDATEDAT,STATUS,ACCOUNTPASSWORD,RRN,USERPRIORITY,LOGINFAILCOUNT,ACCOUNTLOCKED,LASTFAILEDLOGIN,LOCKEDDATE) values (231837268,'CmLKIViPDB0Lg7lNT8E0DQ==','5','$2a$10$LZxkKmJlgrKLpK3Jbns2FObOm7cCXRTiaDlOiAvb8MKU2ISQJI47e','sl75vnQUN5P7D+fRdzMjB2n/of6EsPAtKmxIaHAgf40=','Z+y+ZT2YAcZjN+3LcbusIA==','46729','부산 강서구 가달1로 7','2동','USER',to_date('2025-11-13 05:56:01','YYYY-MM-DD HH24:MI:SS'),to_date('2025-11-13 05:56:01','YYYY-MM-DD HH24:MI:SS'),to_date('2025-11-13 05:56:01','YYYY-MM-DD HH24:MI:SS'),'A','$2a$10$xdX8oqvDdez.X1Jt8d6W5.yIJgeJMxbBUv5vCBjQquGSgrL6L3kg2','u5dxXMj4GlxXVLdaskFgvQ==','BASIC',0,'N',null,null);
Insert into BNKPROJECT.USERS (USERNO,USERNAME,USERID,USERPW,EMAIL,HP,ZIP,ADDR1,ADDR2,ROLE,REGDATE,CREATEDAT,UPDATEDAT,STATUS,ACCOUNTPASSWORD,RRN,USERPRIORITY,LOGINFAILCOUNT,ACCOUNTLOCKED,LASTFAILEDLOGIN,LOCKEDDATE) values (231837270,'AFHBjXMVUDwahHkYsnN5Ow==','6','$2a$10$LZxkKmJlgrKLpK3Jbns2FObOm7cCXRTiaDlOiAvb8MKU2ISQJI47e','sl75vnQUN5P7D+fRdzMjB2n/of6EsPAtKmxIaHAgf40=','Z+y+ZT2YAcZjN+3LcbusIA==','46729','부산 강서구 가달1로 7','2동','USER',to_date('2025-11-13 05:56:01','YYYY-MM-DD HH24:MI:SS'),to_date('2025-11-13 05:56:01','YYYY-MM-DD HH24:MI:SS'),to_date('2025-11-13 05:56:01','YYYY-MM-DD HH24:MI:SS'),'A','$2a$10$l.Ny00yj.e0InTwrQpTzvetteE1fvmPNa8vGab1CeWlSf2XBaZz.O','u5dxXMj4GlxXVLdaskFgvQ==','BASIC',0,'N',null,null);
Insert into BNKPROJECT.USERS (USERNO,USERNAME,USERID,USERPW,EMAIL,HP,ZIP,ADDR1,ADDR2,ROLE,REGDATE,CREATEDAT,UPDATEDAT,STATUS,ACCOUNTPASSWORD,RRN,USERPRIORITY,LOGINFAILCOUNT,ACCOUNTLOCKED,LASTFAILEDLOGIN,LOCKEDDATE) values (893213271,'3aTqzYjyuSWnVtBWpH22jw==','7','$2a$10$LZxkKmJlgrKLpK3Jbns2FObOm7cCXRTiaDlOiAvb8MKU2ISQJI47e','sl75vnQUN5P7D+fRdzMjB2n/of6EsPAtKmxIaHAgf40=','Z+y+ZT2YAcZjN+3LcbusIA==','46729','부산 강서구 가달1로 7','2동','USER',to_date('2025-11-13 05:56:01','YYYY-MM-DD HH24:MI:SS'),to_date('2025-11-13 05:56:01','YYYY-MM-DD HH24:MI:SS'),to_date('2025-11-13 05:56:01','YYYY-MM-DD HH24:MI:SS'),'A','$2a$10$zNgEgp9iI0EZhLTVTUa6fuu2jwVLydWf2UnANnt57LVmt4e1a.2mu','u5dxXMj4GlxXVLdaskFgvQ==','BASIC',0,'N',null,null);
Insert into BNKPROJECT.USERS (USERNO,USERNAME,USERID,USERPW,EMAIL,HP,ZIP,ADDR1,ADDR2,ROLE,REGDATE,CREATEDAT,UPDATEDAT,STATUS,ACCOUNTPASSWORD,RRN,USERPRIORITY,LOGINFAILCOUNT,ACCOUNTLOCKED,LASTFAILEDLOGIN,LOCKEDDATE) values (545373121,'s7vRFuAPNf5pJIePvlQmRA==','8','$2a$10$LZxkKmJlgrKLpK3Jbns2FObOm7cCXRTiaDlOiAvb8MKU2ISQJI47e','sl75vnQUN5P7D+fRdzMjB2n/of6EsPAtKmxIaHAgf40=','Z+y+ZT2YAcZjN+3LcbusIA==','46729','부산 강서구 가달1로 7','2동','USER',to_date('2025-11-13 05:56:01','YYYY-MM-DD HH24:MI:SS'),to_date('2025-11-13 05:56:01','YYYY-MM-DD HH24:MI:SS'),to_date('2025-11-13 05:56:01','YYYY-MM-DD HH24:MI:SS'),'A','$2a$10$fj/6cdg7XFE9SbqxSOVZ9OApfINWPZ35vHwxbweknnGSOAefZzfvm','u5dxXMj4GlxXVLdaskFgvQ==','BASIC',0,'N',null,null);
Insert into BNKPROJECT.USERS (USERNO,USERNAME,USERID,USERPW,EMAIL,HP,ZIP,ADDR1,ADDR2,ROLE,REGDATE,CREATEDAT,UPDATEDAT,STATUS,ACCOUNTPASSWORD,RRN,USERPRIORITY,LOGINFAILCOUNT,ACCOUNTLOCKED,LASTFAILEDLOGIN,LOCKEDDATE) values (683937273,'qGjCjd1zUSgXNKa7lvt8Qw==','9','$2a$10$LZxkKmJlgrKLpK3Jbns2FObOm7cCXRTiaDlOiAvb8MKU2ISQJI47e','sl75vnQUN5P7D+fRdzMjB2n/of6EsPAtKmxIaHAgf40=','Z+y+ZT2YAcZjN+3LcbusIA==','46729','부산 강서구 가달1로 7','2동','USER',to_date('2025-11-13 05:56:01','YYYY-MM-DD HH24:MI:SS'),to_date('2025-11-13 05:56:01','YYYY-MM-DD HH24:MI:SS'),to_date('2025-11-13 05:56:01','YYYY-MM-DD HH24:MI:SS'),'A','$2a$10$dxKyTmNHfQVL6xUzxG4YneQrbxpPeMgOsDSiDNrj19w8WaP54T80a','u5dxXMj4GlxXVLdaskFgvQ==','BASIC',0,'N',null,null);
Insert into BNKPROJECT.USERS (USERNO,USERNAME,USERID,USERPW,EMAIL,HP,ZIP,ADDR1,ADDR2,ROLE,REGDATE,CREATEDAT,UPDATEDAT,STATUS,ACCOUNTPASSWORD,RRN,USERPRIORITY,LOGINFAILCOUNT,ACCOUNTLOCKED,LASTFAILEDLOGIN,LOCKEDDATE) values (754944274,'8CVwr6yoqjKx6SY9tb45dg==','10','$2a$10$LZxkKmJlgrKLpK3Jbns2FObOm7cCXRTiaDlOiAvb8MKU2ISQJI47e','sl75vnQUN5P7D+fRdzMjB2n/of6EsPAtKmxIaHAgf40=','Z+y+ZT2YAcZjN+3LcbusIA==','46729','부산 강서구 가달1로 7','2동','USER',to_date('2025-11-13 05:56:01','YYYY-MM-DD HH24:MI:SS'),to_date('2025-11-13 05:56:01','YYYY-MM-DD HH24:MI:SS'),to_date('2025-11-13 05:56:01','YYYY-MM-DD HH24:MI:SS'),'A','$2a$10$CQsQ1D4FBK6989pXGmb0y.1.96KE9FyGJj4kt8z20KVvJ0BcZxmYO','u5dxXMj4GlxXVLdaskFgvQ==','BASIC',0,'N',null,null);
Insert into BNKPROJECT.USERS (USERNO,USERNAME,USERID,USERPW,EMAIL,HP,ZIP,ADDR1,ADDR2,ROLE,REGDATE,CREATEDAT,UPDATEDAT,STATUS,ACCOUNTPASSWORD,RRN,USERPRIORITY,LOGINFAILCOUNT,ACCOUNTLOCKED,LASTFAILEDLOGIN,LOCKEDDATE) values (324122275,'rNdIs/JmtHVeTqUfm/xZwA==','11','$2a$10$LZxkKmJlgrKLpK3Jbns2FObOm7cCXRTiaDlOiAvb8MKU2ISQJI47e','sl75vnQUN5P7D+fRdzMjB2n/of6EsPAtKmxIaHAgf40=','Z+y+ZT2YAcZjN+3LcbusIA==','46729','부산 강서구 가달1로 7','2동','USER',to_date('2025-11-13 05:56:01','YYYY-MM-DD HH24:MI:SS'),to_date('2025-11-13 05:56:01','YYYY-MM-DD HH24:MI:SS'),to_date('2025-11-13 05:56:01','YYYY-MM-DD HH24:MI:SS'),'A','$2a$10$SVbIuVY/ZeN7P70KGqyW7eNEFu1lC5.X4r20DsaRAOzf6/99UE2om','u5dxXMj4GlxXVLdaskFgvQ==','BASIC',0,'N',null,null);
Insert into BNKPROJECT.USERS (USERNO,USERNAME,USERID,USERPW,EMAIL,HP,ZIP,ADDR1,ADDR2,ROLE,REGDATE,CREATEDAT,UPDATEDAT,STATUS,ACCOUNTPASSWORD,RRN,USERPRIORITY,LOGINFAILCOUNT,ACCOUNTLOCKED,LASTFAILEDLOGIN,LOCKEDDATE) values (763737276,'xPjNRt/1XpJeZaKxqUw3eQ==','12','$2a$10$LZxkKmJlgrKLpK3Jbns2FObOm7cCXRTiaDlOiAvb8MKU2ISQJI47e','sl75vnQUN5P7D+fRdzMjB2n/of6EsPAtKmxIaHAgf40=','Z+y+ZT2YAcZjN+3LcbusIA==','46729','부산 강서구 가달1로 7','2동','USER',to_date('2025-11-13 05:56:01','YYYY-MM-DD HH24:MI:SS'),to_date('2025-11-13 05:56:01','YYYY-MM-DD HH24:MI:SS'),to_date('2025-11-13 05:56:01','YYYY-MM-DD HH24:MI:SS'),'A','$2a$10$dd4RQ0chxCONyNl3elOYzObF8Vr/lOrLAFF.1uy6bdo7Ts/p.RAiq','u5dxXMj4GlxXVLdaskFgvQ==','BASIC',0,'N',null,null);
Insert into BNKPROJECT.USERS (USERNO,USERNAME,USERID,USERPW,EMAIL,HP,ZIP,ADDR1,ADDR2,ROLE,REGDATE,CREATEDAT,UPDATEDAT,STATUS,ACCOUNTPASSWORD,RRN,USERPRIORITY,LOGINFAILCOUNT,ACCOUNTLOCKED,LASTFAILEDLOGIN,LOCKEDDATE) values (876187277,'0lDp4MH0FuUEj5/9g5Mllg==','13','$2a$10$LZxkKmJlgrKLpK3Jbns2FObOm7cCXRTiaDlOiAvb8MKU2ISQJI47e','sl75vnQUN5P7D+fRdzMjB2n/of6EsPAtKmxIaHAgf40=','Z+y+ZT2YAcZjN+3LcbusIA==','46729','부산 강서구 가달1로 7','2동','USER',to_date('2025-11-13 05:56:01','YYYY-MM-DD HH24:MI:SS'),to_date('2025-11-13 05:56:01','YYYY-MM-DD HH24:MI:SS'),to_date('2025-11-13 05:56:01','YYYY-MM-DD HH24:MI:SS'),'A','$2a$10$5s26sYJv//4fRPDfwBJdmu/vh9V9Y0.00ePgjliHcLQOTtUHwFoj2','u5dxXMj4GlxXVLdaskFgvQ==','BASIC',0,'N',null,null);
Insert into BNKPROJECT.USERS (USERNO,USERNAME,USERID,USERPW,EMAIL,HP,ZIP,ADDR1,ADDR2,ROLE,REGDATE,CREATEDAT,UPDATEDAT,STATUS,ACCOUNTPASSWORD,RRN,USERPRIORITY,LOGINFAILCOUNT,ACCOUNTLOCKED,LASTFAILEDLOGIN,LOCKEDDATE) values (333837678,'Fut4EcESxSVuCFJ8a3Yb6w==','14','$2a$10$LZxkKmJlgrKLpK3Jbns2FObOm7cCXRTiaDlOiAvb8MKU2ISQJI47e','sl75vnQUN5P7D+fRdzMjB2n/of6EsPAtKmxIaHAgf40=','Z+y+ZT2YAcZjN+3LcbusIA==','46729','부산 강서구 가달1로 7','2동','USER',to_date('2025-11-13 05:56:01','YYYY-MM-DD HH24:MI:SS'),to_date('2025-11-13 05:56:01','YYYY-MM-DD HH24:MI:SS'),to_date('2025-11-13 05:56:01','YYYY-MM-DD HH24:MI:SS'),'A','$2a$10$tXvWvOGMsY8AMQfnFaAaDukuukcw3tTF9pQzJtEugLWOOMUnxA0S.','u5dxXMj4GlxXVLdaskFgvQ==','BASIC',0,'N',null,null);
Insert into BNKPROJECT.USERS (USERNO,USERNAME,USERID,USERPW,EMAIL,HP,ZIP,ADDR1,ADDR2,ROLE,REGDATE,CREATEDAT,UPDATEDAT,STATUS,ACCOUNTPASSWORD,RRN,USERPRIORITY,LOGINFAILCOUNT,ACCOUNTLOCKED,LASTFAILEDLOGIN,LOCKEDDATE) values (631837279,'i5iFGoFdobdyhkGWciWfmA==','15','$2a$10$LZxkKmJlgrKLpK3Jbns2FObOm7cCXRTiaDlOiAvb8MKU2ISQJI47e','sl75vnQUN5P7D+fRdzMjB2n/of6EsPAtKmxIaHAgf40=','Z+y+ZT2YAcZjN+3LcbusIA==','46729','부산 강서구 가달1로 7','2동','USER',to_date('2025-11-13 05:56:01','YYYY-MM-DD HH24:MI:SS'),to_date('2025-11-13 05:56:01','YYYY-MM-DD HH24:MI:SS'),to_date('2025-11-13 05:56:01','YYYY-MM-DD HH24:MI:SS'),'A','$2a$10$JqWQDwYvhTEYLlNyX8mR0.oWRWnBCgx24lX5pQL51Qsb1sqxnU1vG','u5dxXMj4GlxXVLdaskFgvQ==','BASIC',0,'N',null,null);
REM INSERTING into BNKPROJECT.USER_LEVEL
SET DEFINE OFF;
REM INSERTING into BNKPROJECT.USER_QUIZ_PROGRESS
SET DEFINE OFF;
--------------------------------------------------------
--  DDL for Index IDX_BRANCH_STATUS
--------------------------------------------------------

CREATE INDEX "BNKPROJECT"."IDX_BRANCH_STATUS" ON "BNKPROJECT"."BRANCH" ("STATUS")
    PCTFREE 10 INITRANS 2 MAXTRANS 255 COMPUTE STATISTICS
  STORAGE(INITIAL 65536 NEXT 1048576 MINEXTENTS 1 MAXEXTENTS 2147483645
  PCTINCREASE 0 FREELISTS 1 FREELIST GROUPS 1
  BUFFER_POOL DEFAULT FLASH_CACHE DEFAULT CELL_FLASH_CACHE DEFAULT)
  TABLESPACE "USERS" ;
--------------------------------------------------------
--  DDL for Index IDX_EMPLOYEE_BRANCH
--------------------------------------------------------

CREATE INDEX "BNKPROJECT"."IDX_EMPLOYEE_BRANCH" ON "BNKPROJECT"."EMPLOYEE" ("BRANCHID")
    PCTFREE 10 INITRANS 2 MAXTRANS 255 COMPUTE STATISTICS
  STORAGE(INITIAL 65536 NEXT 1048576 MINEXTENTS 1 MAXEXTENTS 2147483645
  PCTINCREASE 0 FREELISTS 1 FREELIST GROUPS 1
  BUFFER_POOL DEFAULT FLASH_CACHE DEFAULT CELL_FLASH_CACHE DEFAULT)
  TABLESPACE "USERS" ;
--------------------------------------------------------
--  DDL for Index IDX_EMPLOYEE_STATUS
--------------------------------------------------------

CREATE INDEX "BNKPROJECT"."IDX_EMPLOYEE_STATUS" ON "BNKPROJECT"."EMPLOYEE" ("STATUS")
    PCTFREE 10 INITRANS 2 MAXTRANS 255 COMPUTE STATISTICS
  STORAGE(INITIAL 65536 NEXT 1048576 MINEXTENTS 1 MAXEXTENTS 2147483645
  PCTINCREASE 0 FREELISTS 1 FREELIST GROUPS 1
  BUFFER_POOL DEFAULT FLASH_CACHE DEFAULT CELL_FLASH_CACHE DEFAULT)
  TABLESPACE "USERS" ;
--------------------------------------------------------
--  DDL for Index IDX_PRODUCTTERMS_ORDER
--------------------------------------------------------

CREATE INDEX "BNKPROJECT"."IDX_PRODUCTTERMS_ORDER" ON "BNKPROJECT"."PRODUCTTERMS" ("DISPLAYORDER")
    PCTFREE 10 INITRANS 2 MAXTRANS 255 COMPUTE STATISTICS
  STORAGE(INITIAL 65536 NEXT 1048576 MINEXTENTS 1 MAXEXTENTS 2147483645
  PCTINCREASE 0 FREELISTS 1 FREELIST GROUPS 1
  BUFFER_POOL DEFAULT FLASH_CACHE DEFAULT CELL_FLASH_CACHE DEFAULT)
  TABLESPACE "USERS" ;
--------------------------------------------------------
--  DDL for Index IDX_PRODUCTTERMS_PRODUCTNO
--------------------------------------------------------

CREATE INDEX "BNKPROJECT"."IDX_PRODUCTTERMS_PRODUCTNO" ON "BNKPROJECT"."PRODUCTTERMS" ("PRODUCTNO")
    PCTFREE 10 INITRANS 2 MAXTRANS 255 COMPUTE STATISTICS
  STORAGE(INITIAL 65536 NEXT 1048576 MINEXTENTS 1 MAXEXTENTS 2147483645
  PCTINCREASE 0 FREELISTS 1 FREELIST GROUPS 1
  BUFFER_POOL DEFAULT FLASH_CACHE DEFAULT CELL_FLASH_CACHE DEFAULT)
  TABLESPACE "USERS" ;
--------------------------------------------------------
--  DDL for Index IDX_QUIZ_ID
--------------------------------------------------------

CREATE INDEX "BNKPROJECT"."IDX_QUIZ_ID" ON "BNKPROJECT"."USERQUIZPROGRESS" ("QUIZID")
    PCTFREE 10 INITRANS 2 MAXTRANS 255 COMPUTE STATISTICS
  STORAGE(INITIAL 65536 NEXT 1048576 MINEXTENTS 1 MAXEXTENTS 2147483645
  PCTINCREASE 0 FREELISTS 1 FREELIST GROUPS 1
  BUFFER_POOL DEFAULT FLASH_CACHE DEFAULT CELL_FLASH_CACHE DEFAULT)
  TABLESPACE "USERS" ;
--------------------------------------------------------
--  DDL for Index IDX_USER_DATE
--------------------------------------------------------

CREATE INDEX "BNKPROJECT"."IDX_USER_DATE" ON "BNKPROJECT"."USERQUIZPROGRESS" ("USERID", "SUBMITTEDAT")
    PCTFREE 10 INITRANS 2 MAXTRANS 255 COMPUTE STATISTICS
  STORAGE(INITIAL 65536 NEXT 1048576 MINEXTENTS 1 MAXEXTENTS 2147483645
  PCTINCREASE 0 FREELISTS 1 FREELIST GROUPS 1
  BUFFER_POOL DEFAULT FLASH_CACHE DEFAULT CELL_FLASH_CACHE DEFAULT)
  TABLESPACE "USERS" ;
--------------------------------------------------------
--  DDL for Index PKCODEDETAIL
--------------------------------------------------------

CREATE UNIQUE INDEX "BNKPROJECT"."PKCODEDETAIL" ON "BNKPROJECT"."CODEDETAIL" ("GROUPCODE", "CODE")
    PCTFREE 10 INITRANS 2 MAXTRANS 255 COMPUTE STATISTICS
  STORAGE(INITIAL 65536 NEXT 1048576 MINEXTENTS 1 MAXEXTENTS 2147483645
  PCTINCREASE 0 FREELISTS 1 FREELIST GROUPS 1
  BUFFER_POOL DEFAULT FLASH_CACHE DEFAULT CELL_FLASH_CACHE DEFAULT)
  TABLESPACE "USERS" ;
--------------------------------------------------------
--  DDL for Index PK_PRODUCTJOINTYPE
--------------------------------------------------------

CREATE UNIQUE INDEX "BNKPROJECT"."PK_PRODUCTJOINTYPE" ON "BNKPROJECT"."PRODUCTJOINTYPE" ("PRODUCTNO", "JOINTYPE")
    PCTFREE 10 INITRANS 2 MAXTRANS 255 COMPUTE STATISTICS
  STORAGE(INITIAL 65536 NEXT 1048576 MINEXTENTS 1 MAXEXTENTS 2147483645
  PCTINCREASE 0 FREELISTS 1 FREELIST GROUPS 1
  BUFFER_POOL DEFAULT FLASH_CACHE DEFAULT CELL_FLASH_CACHE DEFAULT)
  TABLESPACE "USERS" ;
--------------------------------------------------------
--  DDL for Index PK_USERPRODUCT
--------------------------------------------------------

CREATE UNIQUE INDEX "BNKPROJECT"."PK_USERPRODUCT" ON "BNKPROJECT"."USERPRODUCT" ("USERID", "PRODUCTNO", "STARTDATE")
    PCTFREE 10 INITRANS 2 MAXTRANS 255 COMPUTE STATISTICS
  STORAGE(INITIAL 65536 NEXT 1048576 MINEXTENTS 1 MAXEXTENTS 2147483645
  PCTINCREASE 0 FREELISTS 1 FREELIST GROUPS 1
  BUFFER_POOL DEFAULT FLASH_CACHE DEFAULT CELL_FLASH_CACHE DEFAULT)
  TABLESPACE "USERS" ;
--------------------------------------------------------
--  DDL for Index SECURITYSETTINGS_PK
--------------------------------------------------------

CREATE UNIQUE INDEX "BNKPROJECT"."SECURITYSETTINGS_PK" ON "BNKPROJECT"."SECURITYSETTINGS" ("SETTINGKEY")
    PCTFREE 10 INITRANS 2 MAXTRANS 255 COMPUTE STATISTICS
  STORAGE(INITIAL 65536 NEXT 1048576 MINEXTENTS 1 MAXEXTENTS 2147483645
  PCTINCREASE 0 FREELISTS 1 FREELIST GROUPS 1
  BUFFER_POOL DEFAULT FLASH_CACHE DEFAULT CELL_FLASH_CACHE DEFAULT)
  TABLESPACE "USERS" ;
--------------------------------------------------------
--  DDL for Index SYS_C008306
--------------------------------------------------------

CREATE UNIQUE INDEX "BNKPROJECT"."SYS_C008306" ON "BNKPROJECT"."CODEMASTER" ("GROUPCODE")
    PCTFREE 10 INITRANS 2 MAXTRANS 255 COMPUTE STATISTICS
  STORAGE(INITIAL 65536 NEXT 1048576 MINEXTENTS 1 MAXEXTENTS 2147483645
  PCTINCREASE 0 FREELISTS 1 FREELIST GROUPS 1
  BUFFER_POOL DEFAULT FLASH_CACHE DEFAULT CELL_FLASH_CACHE DEFAULT)
  TABLESPACE "USERS" ;
--------------------------------------------------------
--  DDL for Index SYS_C008318
--------------------------------------------------------

CREATE UNIQUE INDEX "BNKPROJECT"."SYS_C008318" ON "BNKPROJECT"."ACCOUNT" ("ACCOUNTNO")
    PCTFREE 10 INITRANS 2 MAXTRANS 255 COMPUTE STATISTICS
  STORAGE(INITIAL 65536 NEXT 1048576 MINEXTENTS 1 MAXEXTENTS 2147483645
  PCTINCREASE 0 FREELISTS 1 FREELIST GROUPS 1
  BUFFER_POOL DEFAULT FLASH_CACHE DEFAULT CELL_FLASH_CACHE DEFAULT)
  TABLESPACE "USERS" ;
--------------------------------------------------------
--  DDL for Index SYS_C008329
--------------------------------------------------------

CREATE UNIQUE INDEX "BNKPROJECT"."SYS_C008329" ON "BNKPROJECT"."ADMIN" ("ADMINID")
    PCTFREE 10 INITRANS 2 MAXTRANS 255 COMPUTE STATISTICS
  STORAGE(INITIAL 65536 NEXT 1048576 MINEXTENTS 1 MAXEXTENTS 2147483645
  PCTINCREASE 0 FREELISTS 1 FREELIST GROUPS 1
  BUFFER_POOL DEFAULT FLASH_CACHE DEFAULT CELL_FLASH_CACHE DEFAULT)
  TABLESPACE "USERS" ;
--------------------------------------------------------
--  DDL for Index SYS_C008330
--------------------------------------------------------

CREATE UNIQUE INDEX "BNKPROJECT"."SYS_C008330" ON "BNKPROJECT"."ADMIN" ("LOGINID")
    PCTFREE 10 INITRANS 2 MAXTRANS 255 COMPUTE STATISTICS
  STORAGE(INITIAL 65536 NEXT 1048576 MINEXTENTS 1 MAXEXTENTS 2147483645
  PCTINCREASE 0 FREELISTS 1 FREELIST GROUPS 1
  BUFFER_POOL DEFAULT FLASH_CACHE DEFAULT CELL_FLASH_CACHE DEFAULT)
  TABLESPACE "USERS" ;
--------------------------------------------------------
--  DDL for Index SYS_C008332
--------------------------------------------------------

CREATE UNIQUE INDEX "BNKPROJECT"."SYS_C008332" ON "BNKPROJECT"."SECURELOG" ("LOGID")
    PCTFREE 10 INITRANS 2 MAXTRANS 255 COMPUTE STATISTICS
  TABLESPACE "USERS" ;
--------------------------------------------------------
--  DDL for Index SYS_C008334
--------------------------------------------------------

CREATE UNIQUE INDEX "BNKPROJECT"."SYS_C008334" ON "BNKPROJECT"."LOGACTIVITY" ("LOGID")
    PCTFREE 10 INITRANS 2 MAXTRANS 255 COMPUTE STATISTICS
  TABLESPACE "USERS" ;
--------------------------------------------------------
--  DDL for Index SYS_C008338
--------------------------------------------------------

CREATE UNIQUE INDEX "BNKPROJECT"."SYS_C008338" ON "BNKPROJECT"."CATEGORY" ("CATEGORYID")
    PCTFREE 10 INITRANS 2 MAXTRANS 255 COMPUTE STATISTICS
  STORAGE(INITIAL 65536 NEXT 1048576 MINEXTENTS 1 MAXEXTENTS 2147483645
  PCTINCREASE 0 FREELISTS 1 FREELIST GROUPS 1
  BUFFER_POOL DEFAULT FLASH_CACHE DEFAULT CELL_FLASH_CACHE DEFAULT)
  TABLESPACE "USERS" ;
--------------------------------------------------------
--  DDL for Index SYS_C008343
--------------------------------------------------------

CREATE UNIQUE INDEX "BNKPROJECT"."SYS_C008343" ON "BNKPROJECT"."TERM" ("TERMNO")
    PCTFREE 10 INITRANS 2 MAXTRANS 255 COMPUTE STATISTICS
  STORAGE(INITIAL 65536 NEXT 1048576 MINEXTENTS 1 MAXEXTENTS 2147483645
  PCTINCREASE 0 FREELISTS 1 FREELIST GROUPS 1
  BUFFER_POOL DEFAULT FLASH_CACHE DEFAULT CELL_FLASH_CACHE DEFAULT)
  TABLESPACE "USERS" ;
--------------------------------------------------------
--  DDL for Index SYS_C008351
--------------------------------------------------------

CREATE UNIQUE INDEX "BNKPROJECT"."SYS_C008351" ON "BNKPROJECT"."CONSULTANT" ("CONSULTANTID")
    PCTFREE 10 INITRANS 2 MAXTRANS 255 COMPUTE STATISTICS
  STORAGE(INITIAL 65536 NEXT 1048576 MINEXTENTS 1 MAXEXTENTS 2147483645
  PCTINCREASE 0 FREELISTS 1 FREELIST GROUPS 1
  BUFFER_POOL DEFAULT FLASH_CACHE DEFAULT CELL_FLASH_CACHE DEFAULT)
  TABLESPACE "USERS" ;
--------------------------------------------------------
--  DDL for Index SYS_C008352
--------------------------------------------------------

CREATE UNIQUE INDEX "BNKPROJECT"."SYS_C008352" ON "BNKPROJECT"."CHATSESSION" ("SESSIONID")
    PCTFREE 10 INITRANS 2 MAXTRANS 255 COMPUTE STATISTICS
  STORAGE(INITIAL 65536 NEXT 1048576 MINEXTENTS 1 MAXEXTENTS 2147483645
  PCTINCREASE 0 FREELISTS 1 FREELIST GROUPS 1
  BUFFER_POOL DEFAULT FLASH_CACHE DEFAULT CELL_FLASH_CACHE DEFAULT)
  TABLESPACE "USERS" ;
--------------------------------------------------------
--  DDL for Index SYS_C008355
--------------------------------------------------------

CREATE UNIQUE INDEX "BNKPROJECT"."SYS_C008355" ON "BNKPROJECT"."CHATMESSAGE" ("MESSAGEID")
    PCTFREE 10 INITRANS 2 MAXTRANS 255 COMPUTE STATISTICS
  STORAGE(INITIAL 65536 NEXT 1048576 MINEXTENTS 1 MAXEXTENTS 2147483645
  PCTINCREASE 0 FREELISTS 1 FREELIST GROUPS 1
  BUFFER_POOL DEFAULT FLASH_CACHE DEFAULT CELL_FLASH_CACHE DEFAULT)
  TABLESPACE "USERS" ;
--------------------------------------------------------
--  DDL for Index SYS_C008357
--------------------------------------------------------

CREATE UNIQUE INDEX "BNKPROJECT"."SYS_C008357" ON "BNKPROJECT"."CSCATE" ("CATEID")
    PCTFREE 10 INITRANS 2 MAXTRANS 255 COMPUTE STATISTICS
  STORAGE(INITIAL 65536 NEXT 1048576 MINEXTENTS 1 MAXEXTENTS 2147483645
  PCTINCREASE 0 FREELISTS 1 FREELIST GROUPS 1
  BUFFER_POOL DEFAULT FLASH_CACHE DEFAULT CELL_FLASH_CACHE DEFAULT)
  TABLESPACE "USERS" ;
--------------------------------------------------------
--  DDL for Index SYS_C008358
--------------------------------------------------------

CREATE UNIQUE INDEX "BNKPROJECT"."SYS_C008358" ON "BNKPROJECT"."CS" ("CSNO")
    PCTFREE 10 INITRANS 2 MAXTRANS 255 COMPUTE STATISTICS
  STORAGE(INITIAL 65536 NEXT 1048576 MINEXTENTS 1 MAXEXTENTS 2147483645
  PCTINCREASE 0 FREELISTS 1 FREELIST GROUPS 1
  BUFFER_POOL DEFAULT FLASH_CACHE DEFAULT CELL_FLASH_CACHE DEFAULT)
  TABLESPACE "USERS" ;
--------------------------------------------------------
--  DDL for Index SYS_C008361
--------------------------------------------------------

CREATE UNIQUE INDEX "BNKPROJECT"."SYS_C008361" ON "BNKPROJECT"."BANNER" ("BANNERNO")
    PCTFREE 10 INITRANS 2 MAXTRANS 255 COMPUTE STATISTICS
  TABLESPACE "USERS" ;
--------------------------------------------------------
--  DDL for Index SYS_C008362
--------------------------------------------------------

CREATE UNIQUE INDEX "BNKPROJECT"."SYS_C008362" ON "BNKPROJECT"."HIRE" ("HIRENO")
    PCTFREE 10 INITRANS 2 MAXTRANS 255 COMPUTE STATISTICS
  TABLESPACE "USERS" ;
--------------------------------------------------------
--  DDL for Index SYS_C008401
--------------------------------------------------------

CREATE UNIQUE INDEX "BNKPROJECT"."SYS_C008401" ON "BNKPROJECT"."USERS" ("USERNO")
    PCTFREE 10 INITRANS 2 MAXTRANS 255 COMPUTE STATISTICS
  STORAGE(INITIAL 65536 NEXT 1048576 MINEXTENTS 1 MAXEXTENTS 2147483645
  PCTINCREASE 0 FREELISTS 1 FREELIST GROUPS 1
  BUFFER_POOL DEFAULT FLASH_CACHE DEFAULT CELL_FLASH_CACHE DEFAULT)
  TABLESPACE "USERS" ;
--------------------------------------------------------
--  DDL for Index SYS_C008402
--------------------------------------------------------

CREATE UNIQUE INDEX "BNKPROJECT"."SYS_C008402" ON "BNKPROJECT"."USERS" ("USERID")
    PCTFREE 10 INITRANS 2 MAXTRANS 255 COMPUTE STATISTICS
  STORAGE(INITIAL 65536 NEXT 1048576 MINEXTENTS 1 MAXEXTENTS 2147483645
  PCTINCREASE 0 FREELISTS 1 FREELIST GROUPS 1
  BUFFER_POOL DEFAULT FLASH_CACHE DEFAULT CELL_FLASH_CACHE DEFAULT)
  TABLESPACE "USERS" ;
--------------------------------------------------------
--  DDL for Index SYS_C008451
--------------------------------------------------------

CREATE UNIQUE INDEX "BNKPROJECT"."SYS_C008451" ON "BNKPROJECT"."PRODUCT" ("PRODUCTNO")
    PCTFREE 10 INITRANS 2 MAXTRANS 255 COMPUTE STATISTICS
  STORAGE(INITIAL 65536 NEXT 1048576 MINEXTENTS 1 MAXEXTENTS 2147483645
  PCTINCREASE 0 FREELISTS 1 FREELIST GROUPS 1
  BUFFER_POOL DEFAULT FLASH_CACHE DEFAULT CELL_FLASH_CACHE DEFAULT)
  TABLESPACE "USERS" ;
--------------------------------------------------------
--  DDL for Index SYS_C008557
--------------------------------------------------------

CREATE UNIQUE INDEX "BNKPROJECT"."SYS_C008557" ON "BNKPROJECT"."QUIZ" ("QUIZID")
    PCTFREE 10 INITRANS 2 MAXTRANS 255 COMPUTE STATISTICS
  STORAGE(INITIAL 65536 NEXT 1048576 MINEXTENTS 1 MAXEXTENTS 2147483645
  PCTINCREASE 0 FREELISTS 1 FREELIST GROUPS 1
  BUFFER_POOL DEFAULT FLASH_CACHE DEFAULT CELL_FLASH_CACHE DEFAULT)
  TABLESPACE "USERS" ;
--------------------------------------------------------
--  DDL for Index SYS_C008564
--------------------------------------------------------

CREATE UNIQUE INDEX "BNKPROJECT"."SYS_C008564" ON "BNKPROJECT"."USERLEVEL" ("LEVELID")
    PCTFREE 10 INITRANS 2 MAXTRANS 255 COMPUTE STATISTICS
  STORAGE(INITIAL 65536 NEXT 1048576 MINEXTENTS 1 MAXEXTENTS 2147483645
  PCTINCREASE 0 FREELISTS 1 FREELIST GROUPS 1
  BUFFER_POOL DEFAULT FLASH_CACHE DEFAULT CELL_FLASH_CACHE DEFAULT)
  TABLESPACE "USERS" ;
--------------------------------------------------------
--  DDL for Index SYS_C008572
--------------------------------------------------------

CREATE UNIQUE INDEX "BNKPROJECT"."SYS_C008572" ON "BNKPROJECT"."USERQUIZPROGRESS" ("PROGRESSID")
    PCTFREE 10 INITRANS 2 MAXTRANS 255 COMPUTE STATISTICS
  STORAGE(INITIAL 65536 NEXT 1048576 MINEXTENTS 1 MAXEXTENTS 2147483645
  PCTINCREASE 0 FREELISTS 1 FREELIST GROUPS 1
  BUFFER_POOL DEFAULT FLASH_CACHE DEFAULT CELL_FLASH_CACHE DEFAULT)
  TABLESPACE "USERS" ;
--------------------------------------------------------
--  DDL for Index SYS_C008580
--------------------------------------------------------

CREATE UNIQUE INDEX "BNKPROJECT"."SYS_C008580" ON "BNKPROJECT"."FAQ" ("FAQID")
    PCTFREE 10 INITRANS 2 MAXTRANS 255 COMPUTE STATISTICS
  STORAGE(INITIAL 65536 NEXT 1048576 MINEXTENTS 1 MAXEXTENTS 2147483645
  PCTINCREASE 0 FREELISTS 1 FREELIST GROUPS 1
  BUFFER_POOL DEFAULT FLASH_CACHE DEFAULT CELL_FLASH_CACHE DEFAULT)
  TABLESPACE "USERS" ;
--------------------------------------------------------
--  DDL for Index SYS_C008589
--------------------------------------------------------

CREATE UNIQUE INDEX "BNKPROJECT"."SYS_C008589" ON "BNKPROJECT"."DOCUMENTS" ("DOCID")
    PCTFREE 10 INITRANS 2 MAXTRANS 255 COMPUTE STATISTICS
  STORAGE(INITIAL 65536 NEXT 1048576 MINEXTENTS 1 MAXEXTENTS 2147483645
  PCTINCREASE 0 FREELISTS 1 FREELIST GROUPS 1
  BUFFER_POOL DEFAULT FLASH_CACHE DEFAULT CELL_FLASH_CACHE DEFAULT)
  TABLESPACE "USERS" ;
--------------------------------------------------------
--  DDL for Index SYS_C008591
--------------------------------------------------------

CREATE UNIQUE INDEX "BNKPROJECT"."SYS_C008591" ON "BNKPROJECT"."PRODUCTDETAIL" ("PRODUCTNO")
    PCTFREE 10 INITRANS 2 MAXTRANS 255 COMPUTE STATISTICS
  STORAGE(INITIAL 65536 NEXT 1048576 MINEXTENTS 1 MAXEXTENTS 2147483645
  PCTINCREASE 0 FREELISTS 1 FREELIST GROUPS 1
  BUFFER_POOL DEFAULT FLASH_CACHE DEFAULT CELL_FLASH_CACHE DEFAULT)
  TABLESPACE "USERS" ;
--------------------------------------------------------
--  DDL for Index SYS_C008602
--------------------------------------------------------

CREATE UNIQUE INDEX "BNKPROJECT"."SYS_C008602" ON "BNKPROJECT"."PRODUCTTERMS" ("TERMID")
    PCTFREE 10 INITRANS 2 MAXTRANS 255 COMPUTE STATISTICS
  STORAGE(INITIAL 65536 NEXT 1048576 MINEXTENTS 1 MAXEXTENTS 2147483645
  PCTINCREASE 0 FREELISTS 1 FREELIST GROUPS 1
  BUFFER_POOL DEFAULT FLASH_CACHE DEFAULT CELL_FLASH_CACHE DEFAULT)
  TABLESPACE "USERS" ;
--------------------------------------------------------
--  DDL for Index SYS_C008607
--------------------------------------------------------

CREATE UNIQUE INDEX "BNKPROJECT"."SYS_C008607" ON "BNKPROJECT"."BOARD" ("ID")
    PCTFREE 10 INITRANS 2 MAXTRANS 255 COMPUTE STATISTICS
  STORAGE(INITIAL 65536 NEXT 1048576 MINEXTENTS 1 MAXEXTENTS 2147483645
  PCTINCREASE 0 FREELISTS 1 FREELIST GROUPS 1
  BUFFER_POOL DEFAULT FLASH_CACHE DEFAULT CELL_FLASH_CACHE DEFAULT)
  TABLESPACE "USERS" ;
--------------------------------------------------------
--  DDL for Index SYS_C008609
--------------------------------------------------------

CREATE UNIQUE INDEX "BNKPROJECT"."SYS_C008609" ON "BNKPROJECT"."SITESETTINGS" ("SETTINGKEY")
    PCTFREE 10 INITRANS 2 MAXTRANS 255 COMPUTE STATISTICS
  STORAGE(INITIAL 65536 NEXT 1048576 MINEXTENTS 1 MAXEXTENTS 2147483645
  PCTINCREASE 0 FREELISTS 1 FREELIST GROUPS 1
  BUFFER_POOL DEFAULT FLASH_CACHE DEFAULT CELL_FLASH_CACHE DEFAULT)
  TABLESPACE "USERS" ;
--------------------------------------------------------
--  DDL for Index SYS_C008615
--------------------------------------------------------

CREATE UNIQUE INDEX "BNKPROJECT"."SYS_C008615" ON "BNKPROJECT"."BRANCH" ("BRANCHID")
    PCTFREE 10 INITRANS 2 MAXTRANS 255 COMPUTE STATISTICS
  STORAGE(INITIAL 65536 NEXT 1048576 MINEXTENTS 1 MAXEXTENTS 2147483645
  PCTINCREASE 0 FREELISTS 1 FREELIST GROUPS 1
  BUFFER_POOL DEFAULT FLASH_CACHE DEFAULT CELL_FLASH_CACHE DEFAULT)
  TABLESPACE "USERS" ;
--------------------------------------------------------
--  DDL for Index SYS_C008616
--------------------------------------------------------

CREATE UNIQUE INDEX "BNKPROJECT"."SYS_C008616" ON "BNKPROJECT"."BRANCH" ("BRANCHCODE")
    PCTFREE 10 INITRANS 2 MAXTRANS 255 COMPUTE STATISTICS
  STORAGE(INITIAL 65536 NEXT 1048576 MINEXTENTS 1 MAXEXTENTS 2147483645
  PCTINCREASE 0 FREELISTS 1 FREELIST GROUPS 1
  BUFFER_POOL DEFAULT FLASH_CACHE DEFAULT CELL_FLASH_CACHE DEFAULT)
  TABLESPACE "USERS" ;
--------------------------------------------------------
--  DDL for Index SYS_C008621
--------------------------------------------------------

CREATE UNIQUE INDEX "BNKPROJECT"."SYS_C008621" ON "BNKPROJECT"."EMPLOYEE" ("EMPID")
    PCTFREE 10 INITRANS 2 MAXTRANS 255 COMPUTE STATISTICS
  STORAGE(INITIAL 65536 NEXT 1048576 MINEXTENTS 1 MAXEXTENTS 2147483645
  PCTINCREASE 0 FREELISTS 1 FREELIST GROUPS 1
  BUFFER_POOL DEFAULT FLASH_CACHE DEFAULT CELL_FLASH_CACHE DEFAULT)
  TABLESPACE "USERS" ;
--------------------------------------------------------
--  DDL for Index SYS_C008622
--------------------------------------------------------

CREATE UNIQUE INDEX "BNKPROJECT"."SYS_C008622" ON "BNKPROJECT"."EMPLOYEE" ("EMPCODE")
    PCTFREE 10 INITRANS 2 MAXTRANS 255 COMPUTE STATISTICS
  STORAGE(INITIAL 65536 NEXT 1048576 MINEXTENTS 1 MAXEXTENTS 2147483645
  PCTINCREASE 0 FREELISTS 1 FREELIST GROUPS 1
  BUFFER_POOL DEFAULT FLASH_CACHE DEFAULT CELL_FLASH_CACHE DEFAULT)
  TABLESPACE "USERS" ;
--------------------------------------------------------
--  DDL for Index SYS_C008629
--------------------------------------------------------

CREATE UNIQUE INDEX "BNKPROJECT"."SYS_C008629" ON "BNKPROJECT"."EMAILCOUNSEL" ("ECOUNSELID")
    PCTFREE 10 INITRANS 2 MAXTRANS 255 COMPUTE STATISTICS
  STORAGE(INITIAL 65536 NEXT 1048576 MINEXTENTS 1 MAXEXTENTS 2147483645
  PCTINCREASE 0 FREELISTS 1 FREELIST GROUPS 1
  BUFFER_POOL DEFAULT FLASH_CACHE DEFAULT CELL_FLASH_CACHE DEFAULT)
  TABLESPACE "USERS" ;
--------------------------------------------------------
--  DDL for Index SYS_C008632
--------------------------------------------------------

CREATE UNIQUE INDEX "BNKPROJECT"."SYS_C008632" ON "BNKPROJECT"."PRICEHISTORY" ("ID")
    PCTFREE 10 INITRANS 2 MAXTRANS 255 COMPUTE STATISTICS
  STORAGE(INITIAL 65536 NEXT 1048576 MINEXTENTS 1 MAXEXTENTS 2147483645
  PCTINCREASE 0 FREELISTS 1 FREELIST GROUPS 1
  BUFFER_POOL DEFAULT FLASH_CACHE DEFAULT CELL_FLASH_CACHE DEFAULT)
  TABLESPACE "USERS" ;
--------------------------------------------------------
--  DDL for Index SYS_C008695
--------------------------------------------------------

CREATE UNIQUE INDEX "BNKPROJECT"."SYS_C008695" ON "BNKPROJECT"."DAILYQUEST" ("QUESTID")
    PCTFREE 10 INITRANS 2 MAXTRANS 255
  STORAGE(INITIAL 65536 NEXT 1048576 MINEXTENTS 1 MAXEXTENTS 2147483645
  PCTINCREASE 0 FREELISTS 1 FREELIST GROUPS 1
  BUFFER_POOL DEFAULT FLASH_CACHE DEFAULT CELL_FLASH_CACHE DEFAULT)
  TABLESPACE "USERS" ;
--------------------------------------------------------
--  DDL for Index SYS_C008701
--------------------------------------------------------

CREATE UNIQUE INDEX "BNKPROJECT"."SYS_C008701" ON "BNKPROJECT"."DAILY_QUEST" ("QUESTID")
    PCTFREE 10 INITRANS 2 MAXTRANS 255
  TABLESPACE "USERS" ;
--------------------------------------------------------
--  DDL for Index SYS_C008709
--------------------------------------------------------

CREATE UNIQUE INDEX "BNKPROJECT"."SYS_C008709" ON "BNKPROJECT"."USER_LEVEL" ("LEVELID")
    PCTFREE 10 INITRANS 2 MAXTRANS 255
  TABLESPACE "USERS" ;
--------------------------------------------------------
--  DDL for Index SYS_C008717
--------------------------------------------------------

CREATE UNIQUE INDEX "BNKPROJECT"."SYS_C008717" ON "BNKPROJECT"."USER_QUIZ_PROGRESS" ("PROGRESSID")
    PCTFREE 10 INITRANS 2 MAXTRANS 255
  TABLESPACE "USERS" ;
--------------------------------------------------------
--  DDL for Index SYS_IL0000075985C00005$$
--------------------------------------------------------

CREATE UNIQUE INDEX "BNKPROJECT"."SYS_IL0000075985C00005$$" ON "BNKPROJECT"."SECURELOG" (
                                                                                         PCTFREE 10 INITRANS 2 MAXTRANS 255
  STORAGE( INITIAL 65536 NEXT 1048576 MAXEXTENTS 2147483645
  BUFFER_POOL DEFAULT FLASH_CACHE DEFAULT CELL_FLASH_CACHE DEFAULT)
  TABLESPACE "USERS"
  PARALLEL (DEGREE 0 INSTANCES 0) ;
--------------------------------------------------------
--  DDL for Index SYS_IL0000075999C00006$$
--------------------------------------------------------

CREATE UNIQUE INDEX "BNKPROJECT"."SYS_IL0000075999C00006$$" ON "BNKPROJECT"."TERM" (
                                                                                    PCTFREE 10 INITRANS 2 MAXTRANS 255
  STORAGE(INITIAL 65536 NEXT 1048576 MINEXTENTS 1 MAXEXTENTS 2147483645
  PCTINCREASE 0 FREELISTS 1 FREELIST GROUPS 1
  BUFFER_POOL DEFAULT FLASH_CACHE DEFAULT CELL_FLASH_CACHE DEFAULT)
  TABLESPACE "USERS"
  PARALLEL (DEGREE 0 INSTANCES 0) ;
--------------------------------------------------------
--  DDL for Index SYS_IL0000076004C00004$$
--------------------------------------------------------

CREATE UNIQUE INDEX "BNKPROJECT"."SYS_IL0000076004C00004$$" ON "BNKPROJECT"."FAQ" (
                                                                                   PCTFREE 10 INITRANS 2 MAXTRANS 255
  STORAGE(INITIAL 65536 NEXT 1048576 MINEXTENTS 1 MAXEXTENTS 2147483645
  PCTINCREASE 0 FREELISTS 1 FREELIST GROUPS 1
  BUFFER_POOL DEFAULT FLASH_CACHE DEFAULT CELL_FLASH_CACHE DEFAULT)
  TABLESPACE "USERS"
  PARALLEL (DEGREE 0 INSTANCES 0) ;
--------------------------------------------------------
--  DDL for Index SYS_IL0000076008C00003$$
--------------------------------------------------------

CREATE UNIQUE INDEX "BNKPROJECT"."SYS_IL0000076008C00003$$" ON "BNKPROJECT"."EMAILCOUNSEL" (
                                                                                            PCTFREE 10 INITRANS 2 MAXTRANS 255
  STORAGE(INITIAL 65536 NEXT 1048576 MINEXTENTS 1 MAXEXTENTS 2147483645
  PCTINCREASE 0 FREELISTS 1 FREELIST GROUPS 1
  BUFFER_POOL DEFAULT FLASH_CACHE DEFAULT CELL_FLASH_CACHE DEFAULT)
  TABLESPACE "USERS"
  PARALLEL (DEGREE 0 INSTANCES 0) ;
--------------------------------------------------------
--  DDL for Index SYS_IL0000076016C00004$$
--------------------------------------------------------

CREATE UNIQUE INDEX "BNKPROJECT"."SYS_IL0000076016C00004$$" ON "BNKPROJECT"."CHATMESSAGE" (
                                                                                           PCTFREE 10 INITRANS 2 MAXTRANS 255
  STORAGE(INITIAL 65536 NEXT 1048576 MINEXTENTS 1 MAXEXTENTS 2147483645
  PCTINCREASE 0 FREELISTS 1 FREELIST GROUPS 1
  BUFFER_POOL DEFAULT FLASH_CACHE DEFAULT CELL_FLASH_CACHE DEFAULT)
  TABLESPACE "USERS"
  PARALLEL (DEGREE 0 INSTANCES 0) ;
--------------------------------------------------------
--  DDL for Index SYS_IL0000076022C00005$$
--------------------------------------------------------

CREATE UNIQUE INDEX "BNKPROJECT"."SYS_IL0000076022C00005$$" ON "BNKPROJECT"."CS" (
                                                                                  PCTFREE 10 INITRANS 2 MAXTRANS 255
  STORAGE(INITIAL 65536 NEXT 1048576 MINEXTENTS 1 MAXEXTENTS 2147483645
  PCTINCREASE 0 FREELISTS 1 FREELIST GROUPS 1
  BUFFER_POOL DEFAULT FLASH_CACHE DEFAULT CELL_FLASH_CACHE DEFAULT)
  TABLESPACE "USERS"
  PARALLEL (DEGREE 0 INSTANCES 0) ;
--------------------------------------------------------
--  DDL for Index SYS_IL0000076221C00005$$
--------------------------------------------------------

CREATE UNIQUE INDEX "BNKPROJECT"."SYS_IL0000076221C00005$$" ON "BNKPROJECT"."PRODUCT" (
                                                                                       PCTFREE 10 INITRANS 2 MAXTRANS 255
  STORAGE(INITIAL 65536 NEXT 1048576 MINEXTENTS 1 MAXEXTENTS 2147483645
  PCTINCREASE 0 FREELISTS 1 FREELIST GROUPS 1
  BUFFER_POOL DEFAULT FLASH_CACHE DEFAULT CELL_FLASH_CACHE DEFAULT)
  TABLESPACE "USERS"
  PARALLEL (DEGREE 0 INSTANCES 0) ;
--------------------------------------------------------
--  DDL for Index SYS_IL0000076361C00007$$
--------------------------------------------------------

CREATE UNIQUE INDEX "BNKPROJECT"."SYS_IL0000076361C00007$$" ON "BNKPROJECT"."QUIZ" (
                                                                                    PCTFREE 10 INITRANS 2 MAXTRANS 255
  STORAGE(INITIAL 65536 NEXT 1048576 MINEXTENTS 1 MAXEXTENTS 2147483645
  PCTINCREASE 0 FREELISTS 1 FREELIST GROUPS 1
  BUFFER_POOL DEFAULT FLASH_CACHE DEFAULT CELL_FLASH_CACHE DEFAULT)
  TABLESPACE "USERS"
  PARALLEL (DEGREE 0 INSTANCES 0) ;
--------------------------------------------------------
--  DDL for Index SYS_IL0000076800C00005$$
--------------------------------------------------------

CREATE UNIQUE INDEX "BNKPROJECT"."SYS_IL0000076800C00005$$" ON "BNKPROJECT"."DOCUMENTS" (
                                                                                         PCTFREE 10 INITRANS 2 MAXTRANS 255
  STORAGE(INITIAL 65536 NEXT 1048576 MINEXTENTS 1 MAXEXTENTS 2147483645
  PCTINCREASE 0 FREELISTS 1 FREELIST GROUPS 1
  BUFFER_POOL DEFAULT FLASH_CACHE DEFAULT CELL_FLASH_CACHE DEFAULT)
  TABLESPACE "USERS"
  PARALLEL (DEGREE 0 INSTANCES 0) ;
--------------------------------------------------------
--  DDL for Index SYS_IL0000076805C00008$$
--------------------------------------------------------

CREATE UNIQUE INDEX "BNKPROJECT"."SYS_IL0000076805C00008$$" ON "BNKPROJECT"."PRODUCTDETAIL" (
                                                                                             PCTFREE 10 INITRANS 2 MAXTRANS 255
  STORAGE(INITIAL 65536 NEXT 1048576 MINEXTENTS 1 MAXEXTENTS 2147483645
  PCTINCREASE 0 FREELISTS 1 FREELIST GROUPS 1
  BUFFER_POOL DEFAULT FLASH_CACHE DEFAULT CELL_FLASH_CACHE DEFAULT)
  TABLESPACE "USERS"
  PARALLEL (DEGREE 0 INSTANCES 0) ;
--------------------------------------------------------
--  DDL for Index SYS_IL0000076805C00010$$
--------------------------------------------------------

CREATE UNIQUE INDEX "BNKPROJECT"."SYS_IL0000076805C00010$$" ON "BNKPROJECT"."PRODUCTDETAIL" (
                                                                                             PCTFREE 10 INITRANS 2 MAXTRANS 255
  STORAGE(INITIAL 65536 NEXT 1048576 MINEXTENTS 1 MAXEXTENTS 2147483645
  PCTINCREASE 0 FREELISTS 1 FREELIST GROUPS 1
  BUFFER_POOL DEFAULT FLASH_CACHE DEFAULT CELL_FLASH_CACHE DEFAULT)
  TABLESPACE "USERS"
  PARALLEL (DEGREE 0 INSTANCES 0) ;
--------------------------------------------------------
--  DDL for Index SYS_IL0000076805C00011$$
--------------------------------------------------------

CREATE UNIQUE INDEX "BNKPROJECT"."SYS_IL0000076805C00011$$" ON "BNKPROJECT"."PRODUCTDETAIL" (
                                                                                             PCTFREE 10 INITRANS 2 MAXTRANS 255
  STORAGE(INITIAL 65536 NEXT 1048576 MINEXTENTS 1 MAXEXTENTS 2147483645
  PCTINCREASE 0 FREELISTS 1 FREELIST GROUPS 1
  BUFFER_POOL DEFAULT FLASH_CACHE DEFAULT CELL_FLASH_CACHE DEFAULT)
  TABLESPACE "USERS"
  PARALLEL (DEGREE 0 INSTANCES 0) ;
--------------------------------------------------------
--  DDL for Index SYS_IL0000076805C00012$$
--------------------------------------------------------

CREATE UNIQUE INDEX "BNKPROJECT"."SYS_IL0000076805C00012$$" ON "BNKPROJECT"."PRODUCTDETAIL" (
                                                                                             PCTFREE 10 INITRANS 2 MAXTRANS 255
  STORAGE(INITIAL 65536 NEXT 1048576 MINEXTENTS 1 MAXEXTENTS 2147483645
  PCTINCREASE 0 FREELISTS 1 FREELIST GROUPS 1
  BUFFER_POOL DEFAULT FLASH_CACHE DEFAULT CELL_FLASH_CACHE DEFAULT)
  TABLESPACE "USERS"
  PARALLEL (DEGREE 0 INSTANCES 0) ;
--------------------------------------------------------
--  DDL for Index SYS_IL0000076815C00005$$
--------------------------------------------------------

CREATE UNIQUE INDEX "BNKPROJECT"."SYS_IL0000076815C00005$$" ON "BNKPROJECT"."PRODUCTTERMS" (
                                                                                            PCTFREE 10 INITRANS 2 MAXTRANS 255
  STORAGE(INITIAL 65536 NEXT 1048576 MINEXTENTS 1 MAXEXTENTS 2147483645
  PCTINCREASE 0 FREELISTS 1 FREELIST GROUPS 1
  BUFFER_POOL DEFAULT FLASH_CACHE DEFAULT CELL_FLASH_CACHE DEFAULT)
  TABLESPACE "USERS"
  PARALLEL (DEGREE 0 INSTANCES 0) ;
--------------------------------------------------------
--  DDL for Index SYS_IL0000076900C00004$$
--------------------------------------------------------

CREATE UNIQUE INDEX "BNKPROJECT"."SYS_IL0000076900C00004$$" ON "BNKPROJECT"."BOARD" (
                                                                                     PCTFREE 10 INITRANS 2 MAXTRANS 255
  STORAGE(INITIAL 65536 NEXT 1048576 MINEXTENTS 1 MAXEXTENTS 2147483645
  PCTINCREASE 0 FREELISTS 1 FREELIST GROUPS 1
  BUFFER_POOL DEFAULT FLASH_CACHE DEFAULT CELL_FLASH_CACHE DEFAULT)
  TABLESPACE "USERS"
  PARALLEL (DEGREE 0 INSTANCES 0) ;
--------------------------------------------------------
--  DDL for Index SYS_IL0000077387C00004$$
--------------------------------------------------------

CREATE UNIQUE INDEX "BNKPROJECT"."SYS_IL0000077387C00004$$" ON "BNKPROJECT"."DAILYQUEST" (
                                                                                          PCTFREE 10 INITRANS 2 MAXTRANS 255
  STORAGE(INITIAL 65536 NEXT 1048576 MINEXTENTS 1 MAXEXTENTS 2147483645
  PCTINCREASE 0 FREELISTS 1 FREELIST GROUPS 1
  BUFFER_POOL DEFAULT FLASH_CACHE DEFAULT CELL_FLASH_CACHE DEFAULT)
  TABLESPACE "USERS"
  PARALLEL (DEGREE 0 INSTANCES 0) ;
--------------------------------------------------------
--  DDL for Index SYS_IL0000077395C00004$$
--------------------------------------------------------

CREATE UNIQUE INDEX "BNKPROJECT"."SYS_IL0000077395C00004$$" ON "BNKPROJECT"."DAILY_QUEST" (
                                                                                           PCTFREE 10 INITRANS 2 MAXTRANS 255
  STORAGE( INITIAL 65536 NEXT 1048576 MAXEXTENTS 2147483645
  BUFFER_POOL DEFAULT FLASH_CACHE DEFAULT CELL_FLASH_CACHE DEFAULT)
  TABLESPACE "USERS"
  PARALLEL (DEGREE 0 INSTANCES 0) ;
--------------------------------------------------------
--  DDL for Index UK2LMUKWGQEW5GQOVJNCQHQVBCH
--------------------------------------------------------

CREATE UNIQUE INDEX "BNKPROJECT"."UK2LMUKWGQEW5GQOVJNCQHQVBCH" ON "BNKPROJECT"."DAILY_QUEST" ("USERID", "QUESTDATE")
    PCTFREE 10 INITRANS 2 MAXTRANS 255 COMPUTE STATISTICS
  TABLESPACE "USERS" ;
--------------------------------------------------------
--  DDL for Index UKI7OMNUYLHOGE624QAPM5ENT09
--------------------------------------------------------

CREATE UNIQUE INDEX "BNKPROJECT"."UKI7OMNUYLHOGE624QAPM5ENT09" ON "BNKPROJECT"."USER_LEVEL" ("USERID")
    PCTFREE 10 INITRANS 2 MAXTRANS 255 COMPUTE STATISTICS
  TABLESPACE "USERS" ;
--------------------------------------------------------
--  DDL for Index UKRJS0SD0F3KYAI7BK552D146HB
--------------------------------------------------------

CREATE UNIQUE INDEX "BNKPROJECT"."UKRJS0SD0F3KYAI7BK552D146HB" ON "BNKPROJECT"."DAILYQUEST" ("USERID", "QUESTDATE")
    PCTFREE 10 INITRANS 2 MAXTRANS 255 COMPUTE STATISTICS
  STORAGE(INITIAL 65536 NEXT 1048576 MINEXTENTS 1 MAXEXTENTS 2147483645
  PCTINCREASE 0 FREELISTS 1 FREELIST GROUPS 1
  BUFFER_POOL DEFAULT FLASH_CACHE DEFAULT CELL_FLASH_CACHE DEFAULT)
  TABLESPACE "USERS" ;
--------------------------------------------------------
--  DDL for Index UKRUN6CJL0MJ7L0EXYT363BR0OO
--------------------------------------------------------

CREATE UNIQUE INDEX "BNKPROJECT"."UKRUN6CJL0MJ7L0EXYT363BR0OO" ON "BNKPROJECT"."USERLEVEL" ("USERID")
    PCTFREE 10 INITRANS 2 MAXTRANS 255 COMPUTE STATISTICS
  STORAGE(INITIAL 65536 NEXT 1048576 MINEXTENTS 1 MAXEXTENTS 2147483645
  PCTINCREASE 0 FREELISTS 1 FREELIST GROUPS 1
  BUFFER_POOL DEFAULT FLASH_CACHE DEFAULT CELL_FLASH_CACHE DEFAULT)
  TABLESPACE "USERS" ;
--------------------------------------------------------
--  DDL for Index UK_USERS_ACCOUNTPASSWORD
--------------------------------------------------------

CREATE UNIQUE INDEX "BNKPROJECT"."UK_USERS_ACCOUNTPASSWORD" ON "BNKPROJECT"."USERS" ("ACCOUNTPASSWORD")
    PCTFREE 10 INITRANS 2 MAXTRANS 255 COMPUTE STATISTICS
  STORAGE(INITIAL 65536 NEXT 1048576 MINEXTENTS 1 MAXEXTENTS 2147483645
  PCTINCREASE 0 FREELISTS 1 FREELIST GROUPS 1
  BUFFER_POOL DEFAULT FLASH_CACHE DEFAULT CELL_FLASH_CACHE DEFAULT)
  TABLESPACE "USERS" ;
--------------------------------------------------------
--  DDL for Index SYS_C008318
--------------------------------------------------------

CREATE UNIQUE INDEX "BNKPROJECT"."SYS_C008318" ON "BNKPROJECT"."ACCOUNT" ("ACCOUNTNO")
    PCTFREE 10 INITRANS 2 MAXTRANS 255 COMPUTE STATISTICS
  STORAGE(INITIAL 65536 NEXT 1048576 MINEXTENTS 1 MAXEXTENTS 2147483645
  PCTINCREASE 0 FREELISTS 1 FREELIST GROUPS 1
  BUFFER_POOL DEFAULT FLASH_CACHE DEFAULT CELL_FLASH_CACHE DEFAULT)
  TABLESPACE "USERS" ;
--------------------------------------------------------
--  DDL for Index SYS_C008329
--------------------------------------------------------

CREATE UNIQUE INDEX "BNKPROJECT"."SYS_C008329" ON "BNKPROJECT"."ADMIN" ("ADMINID")
    PCTFREE 10 INITRANS 2 MAXTRANS 255 COMPUTE STATISTICS
  STORAGE(INITIAL 65536 NEXT 1048576 MINEXTENTS 1 MAXEXTENTS 2147483645
  PCTINCREASE 0 FREELISTS 1 FREELIST GROUPS 1
  BUFFER_POOL DEFAULT FLASH_CACHE DEFAULT CELL_FLASH_CACHE DEFAULT)
  TABLESPACE "USERS" ;
--------------------------------------------------------
--  DDL for Index SYS_C008330
--------------------------------------------------------

CREATE UNIQUE INDEX "BNKPROJECT"."SYS_C008330" ON "BNKPROJECT"."ADMIN" ("LOGINID")
    PCTFREE 10 INITRANS 2 MAXTRANS 255 COMPUTE STATISTICS
  STORAGE(INITIAL 65536 NEXT 1048576 MINEXTENTS 1 MAXEXTENTS 2147483645
  PCTINCREASE 0 FREELISTS 1 FREELIST GROUPS 1
  BUFFER_POOL DEFAULT FLASH_CACHE DEFAULT CELL_FLASH_CACHE DEFAULT)
  TABLESPACE "USERS" ;
--------------------------------------------------------
--  DDL for Index SYS_C008361
--------------------------------------------------------

CREATE UNIQUE INDEX "BNKPROJECT"."SYS_C008361" ON "BNKPROJECT"."BANNER" ("BANNERNO")
    PCTFREE 10 INITRANS 2 MAXTRANS 255 COMPUTE STATISTICS
  TABLESPACE "USERS" ;
--------------------------------------------------------
--  DDL for Index SYS_C008607
--------------------------------------------------------

CREATE UNIQUE INDEX "BNKPROJECT"."SYS_C008607" ON "BNKPROJECT"."BOARD" ("ID")
    PCTFREE 10 INITRANS 2 MAXTRANS 255 COMPUTE STATISTICS
  STORAGE(INITIAL 65536 NEXT 1048576 MINEXTENTS 1 MAXEXTENTS 2147483645
  PCTINCREASE 0 FREELISTS 1 FREELIST GROUPS 1
  BUFFER_POOL DEFAULT FLASH_CACHE DEFAULT CELL_FLASH_CACHE DEFAULT)
  TABLESPACE "USERS" ;
--------------------------------------------------------
--  DDL for Index IDX_BRANCH_STATUS
--------------------------------------------------------

CREATE INDEX "BNKPROJECT"."IDX_BRANCH_STATUS" ON "BNKPROJECT"."BRANCH" ("STATUS")
    PCTFREE 10 INITRANS 2 MAXTRANS 255 COMPUTE STATISTICS
  STORAGE(INITIAL 65536 NEXT 1048576 MINEXTENTS 1 MAXEXTENTS 2147483645
  PCTINCREASE 0 FREELISTS 1 FREELIST GROUPS 1
  BUFFER_POOL DEFAULT FLASH_CACHE DEFAULT CELL_FLASH_CACHE DEFAULT)
  TABLESPACE "USERS" ;
--------------------------------------------------------
--  DDL for Index SYS_C008615
--------------------------------------------------------

CREATE UNIQUE INDEX "BNKPROJECT"."SYS_C008615" ON "BNKPROJECT"."BRANCH" ("BRANCHID")
    PCTFREE 10 INITRANS 2 MAXTRANS 255 COMPUTE STATISTICS
  STORAGE(INITIAL 65536 NEXT 1048576 MINEXTENTS 1 MAXEXTENTS 2147483645
  PCTINCREASE 0 FREELISTS 1 FREELIST GROUPS 1
  BUFFER_POOL DEFAULT FLASH_CACHE DEFAULT CELL_FLASH_CACHE DEFAULT)
  TABLESPACE "USERS" ;
--------------------------------------------------------
--  DDL for Index SYS_C008616
--------------------------------------------------------

CREATE UNIQUE INDEX "BNKPROJECT"."SYS_C008616" ON "BNKPROJECT"."BRANCH" ("BRANCHCODE")
    PCTFREE 10 INITRANS 2 MAXTRANS 255 COMPUTE STATISTICS
  STORAGE(INITIAL 65536 NEXT 1048576 MINEXTENTS 1 MAXEXTENTS 2147483645
  PCTINCREASE 0 FREELISTS 1 FREELIST GROUPS 1
  BUFFER_POOL DEFAULT FLASH_CACHE DEFAULT CELL_FLASH_CACHE DEFAULT)
  TABLESPACE "USERS" ;
--------------------------------------------------------
--  DDL for Index SYS_C008338
--------------------------------------------------------

CREATE UNIQUE INDEX "BNKPROJECT"."SYS_C008338" ON "BNKPROJECT"."CATEGORY" ("CATEGORYID")
    PCTFREE 10 INITRANS 2 MAXTRANS 255 COMPUTE STATISTICS
  STORAGE(INITIAL 65536 NEXT 1048576 MINEXTENTS 1 MAXEXTENTS 2147483645
  PCTINCREASE 0 FREELISTS 1 FREELIST GROUPS 1
  BUFFER_POOL DEFAULT FLASH_CACHE DEFAULT CELL_FLASH_CACHE DEFAULT)
  TABLESPACE "USERS" ;
--------------------------------------------------------
--  DDL for Index SYS_C008355
--------------------------------------------------------

CREATE UNIQUE INDEX "BNKPROJECT"."SYS_C008355" ON "BNKPROJECT"."CHATMESSAGE" ("MESSAGEID")
    PCTFREE 10 INITRANS 2 MAXTRANS 255 COMPUTE STATISTICS
  STORAGE(INITIAL 65536 NEXT 1048576 MINEXTENTS 1 MAXEXTENTS 2147483645
  PCTINCREASE 0 FREELISTS 1 FREELIST GROUPS 1
  BUFFER_POOL DEFAULT FLASH_CACHE DEFAULT CELL_FLASH_CACHE DEFAULT)
  TABLESPACE "USERS" ;
--------------------------------------------------------
--  DDL for Index SYS_C008352
--------------------------------------------------------

CREATE UNIQUE INDEX "BNKPROJECT"."SYS_C008352" ON "BNKPROJECT"."CHATSESSION" ("SESSIONID")
    PCTFREE 10 INITRANS 2 MAXTRANS 255 COMPUTE STATISTICS
  STORAGE(INITIAL 65536 NEXT 1048576 MINEXTENTS 1 MAXEXTENTS 2147483645
  PCTINCREASE 0 FREELISTS 1 FREELIST GROUPS 1
  BUFFER_POOL DEFAULT FLASH_CACHE DEFAULT CELL_FLASH_CACHE DEFAULT)
  TABLESPACE "USERS" ;
--------------------------------------------------------
--  DDL for Index PKCODEDETAIL
--------------------------------------------------------

CREATE UNIQUE INDEX "BNKPROJECT"."PKCODEDETAIL" ON "BNKPROJECT"."CODEDETAIL" ("GROUPCODE", "CODE")
    PCTFREE 10 INITRANS 2 MAXTRANS 255 COMPUTE STATISTICS
  STORAGE(INITIAL 65536 NEXT 1048576 MINEXTENTS 1 MAXEXTENTS 2147483645
  PCTINCREASE 0 FREELISTS 1 FREELIST GROUPS 1
  BUFFER_POOL DEFAULT FLASH_CACHE DEFAULT CELL_FLASH_CACHE DEFAULT)
  TABLESPACE "USERS" ;
--------------------------------------------------------
--  DDL for Index SYS_C008306
--------------------------------------------------------

CREATE UNIQUE INDEX "BNKPROJECT"."SYS_C008306" ON "BNKPROJECT"."CODEMASTER" ("GROUPCODE")
    PCTFREE 10 INITRANS 2 MAXTRANS 255 COMPUTE STATISTICS
  STORAGE(INITIAL 65536 NEXT 1048576 MINEXTENTS 1 MAXEXTENTS 2147483645
  PCTINCREASE 0 FREELISTS 1 FREELIST GROUPS 1
  BUFFER_POOL DEFAULT FLASH_CACHE DEFAULT CELL_FLASH_CACHE DEFAULT)
  TABLESPACE "USERS" ;
--------------------------------------------------------
--  DDL for Index SYS_C008351
--------------------------------------------------------

CREATE UNIQUE INDEX "BNKPROJECT"."SYS_C008351" ON "BNKPROJECT"."CONSULTANT" ("CONSULTANTID")
    PCTFREE 10 INITRANS 2 MAXTRANS 255 COMPUTE STATISTICS
  STORAGE(INITIAL 65536 NEXT 1048576 MINEXTENTS 1 MAXEXTENTS 2147483645
  PCTINCREASE 0 FREELISTS 1 FREELIST GROUPS 1
  BUFFER_POOL DEFAULT FLASH_CACHE DEFAULT CELL_FLASH_CACHE DEFAULT)
  TABLESPACE "USERS" ;
--------------------------------------------------------
--  DDL for Index SYS_C008358
--------------------------------------------------------

CREATE UNIQUE INDEX "BNKPROJECT"."SYS_C008358" ON "BNKPROJECT"."CS" ("CSNO")
    PCTFREE 10 INITRANS 2 MAXTRANS 255 COMPUTE STATISTICS
  STORAGE(INITIAL 65536 NEXT 1048576 MINEXTENTS 1 MAXEXTENTS 2147483645
  PCTINCREASE 0 FREELISTS 1 FREELIST GROUPS 1
  BUFFER_POOL DEFAULT FLASH_CACHE DEFAULT CELL_FLASH_CACHE DEFAULT)
  TABLESPACE "USERS" ;
--------------------------------------------------------
--  DDL for Index SYS_C008357
--------------------------------------------------------

CREATE UNIQUE INDEX "BNKPROJECT"."SYS_C008357" ON "BNKPROJECT"."CSCATE" ("CATEID")
    PCTFREE 10 INITRANS 2 MAXTRANS 255 COMPUTE STATISTICS
  STORAGE(INITIAL 65536 NEXT 1048576 MINEXTENTS 1 MAXEXTENTS 2147483645
  PCTINCREASE 0 FREELISTS 1 FREELIST GROUPS 1
  BUFFER_POOL DEFAULT FLASH_CACHE DEFAULT CELL_FLASH_CACHE DEFAULT)
  TABLESPACE "USERS" ;
--------------------------------------------------------
--  DDL for Index SYS_C008695
--------------------------------------------------------

CREATE UNIQUE INDEX "BNKPROJECT"."SYS_C008695" ON "BNKPROJECT"."DAILYQUEST" ("QUESTID")
    PCTFREE 10 INITRANS 2 MAXTRANS 255
  STORAGE(INITIAL 65536 NEXT 1048576 MINEXTENTS 1 MAXEXTENTS 2147483645
  PCTINCREASE 0 FREELISTS 1 FREELIST GROUPS 1
  BUFFER_POOL DEFAULT FLASH_CACHE DEFAULT CELL_FLASH_CACHE DEFAULT)
  TABLESPACE "USERS" ;
--------------------------------------------------------
--  DDL for Index UKRJS0SD0F3KYAI7BK552D146HB
--------------------------------------------------------

CREATE UNIQUE INDEX "BNKPROJECT"."UKRJS0SD0F3KYAI7BK552D146HB" ON "BNKPROJECT"."DAILYQUEST" ("USERID", "QUESTDATE")
    PCTFREE 10 INITRANS 2 MAXTRANS 255 COMPUTE STATISTICS
  STORAGE(INITIAL 65536 NEXT 1048576 MINEXTENTS 1 MAXEXTENTS 2147483645
  PCTINCREASE 0 FREELISTS 1 FREELIST GROUPS 1
  BUFFER_POOL DEFAULT FLASH_CACHE DEFAULT CELL_FLASH_CACHE DEFAULT)
  TABLESPACE "USERS" ;
--------------------------------------------------------
--  DDL for Index SYS_C008701
--------------------------------------------------------

CREATE UNIQUE INDEX "BNKPROJECT"."SYS_C008701" ON "BNKPROJECT"."DAILY_QUEST" ("QUESTID")
    PCTFREE 10 INITRANS 2 MAXTRANS 255
  TABLESPACE "USERS" ;
--------------------------------------------------------
--  DDL for Index UK2LMUKWGQEW5GQOVJNCQHQVBCH
--------------------------------------------------------

CREATE UNIQUE INDEX "BNKPROJECT"."UK2LMUKWGQEW5GQOVJNCQHQVBCH" ON "BNKPROJECT"."DAILY_QUEST" ("USERID", "QUESTDATE")
    PCTFREE 10 INITRANS 2 MAXTRANS 255 COMPUTE STATISTICS
  TABLESPACE "USERS" ;
--------------------------------------------------------
--  DDL for Index SYS_C008589
--------------------------------------------------------

CREATE UNIQUE INDEX "BNKPROJECT"."SYS_C008589" ON "BNKPROJECT"."DOCUMENTS" ("DOCID")
    PCTFREE 10 INITRANS 2 MAXTRANS 255 COMPUTE STATISTICS
  STORAGE(INITIAL 65536 NEXT 1048576 MINEXTENTS 1 MAXEXTENTS 2147483645
  PCTINCREASE 0 FREELISTS 1 FREELIST GROUPS 1
  BUFFER_POOL DEFAULT FLASH_CACHE DEFAULT CELL_FLASH_CACHE DEFAULT)
  TABLESPACE "USERS" ;
--------------------------------------------------------
--  DDL for Index SYS_C008629
--------------------------------------------------------

CREATE UNIQUE INDEX "BNKPROJECT"."SYS_C008629" ON "BNKPROJECT"."EMAILCOUNSEL" ("ECOUNSELID")
    PCTFREE 10 INITRANS 2 MAXTRANS 255 COMPUTE STATISTICS
  STORAGE(INITIAL 65536 NEXT 1048576 MINEXTENTS 1 MAXEXTENTS 2147483645
  PCTINCREASE 0 FREELISTS 1 FREELIST GROUPS 1
  BUFFER_POOL DEFAULT FLASH_CACHE DEFAULT CELL_FLASH_CACHE DEFAULT)
  TABLESPACE "USERS" ;
--------------------------------------------------------
--  DDL for Index SYS_C008621
--------------------------------------------------------

CREATE UNIQUE INDEX "BNKPROJECT"."SYS_C008621" ON "BNKPROJECT"."EMPLOYEE" ("EMPID")
    PCTFREE 10 INITRANS 2 MAXTRANS 255 COMPUTE STATISTICS
  STORAGE(INITIAL 65536 NEXT 1048576 MINEXTENTS 1 MAXEXTENTS 2147483645
  PCTINCREASE 0 FREELISTS 1 FREELIST GROUPS 1
  BUFFER_POOL DEFAULT FLASH_CACHE DEFAULT CELL_FLASH_CACHE DEFAULT)
  TABLESPACE "USERS" ;
--------------------------------------------------------
--  DDL for Index SYS_C008622
--------------------------------------------------------

CREATE UNIQUE INDEX "BNKPROJECT"."SYS_C008622" ON "BNKPROJECT"."EMPLOYEE" ("EMPCODE")
    PCTFREE 10 INITRANS 2 MAXTRANS 255 COMPUTE STATISTICS
  STORAGE(INITIAL 65536 NEXT 1048576 MINEXTENTS 1 MAXEXTENTS 2147483645
  PCTINCREASE 0 FREELISTS 1 FREELIST GROUPS 1
  BUFFER_POOL DEFAULT FLASH_CACHE DEFAULT CELL_FLASH_CACHE DEFAULT)
  TABLESPACE "USERS" ;
--------------------------------------------------------
--  DDL for Index IDX_EMPLOYEE_BRANCH
--------------------------------------------------------

CREATE INDEX "BNKPROJECT"."IDX_EMPLOYEE_BRANCH" ON "BNKPROJECT"."EMPLOYEE" ("BRANCHID")
    PCTFREE 10 INITRANS 2 MAXTRANS 255 COMPUTE STATISTICS
  STORAGE(INITIAL 65536 NEXT 1048576 MINEXTENTS 1 MAXEXTENTS 2147483645
  PCTINCREASE 0 FREELISTS 1 FREELIST GROUPS 1
  BUFFER_POOL DEFAULT FLASH_CACHE DEFAULT CELL_FLASH_CACHE DEFAULT)
  TABLESPACE "USERS" ;
--------------------------------------------------------
--  DDL for Index IDX_EMPLOYEE_STATUS
--------------------------------------------------------

CREATE INDEX "BNKPROJECT"."IDX_EMPLOYEE_STATUS" ON "BNKPROJECT"."EMPLOYEE" ("STATUS")
    PCTFREE 10 INITRANS 2 MAXTRANS 255 COMPUTE STATISTICS
  STORAGE(INITIAL 65536 NEXT 1048576 MINEXTENTS 1 MAXEXTENTS 2147483645
  PCTINCREASE 0 FREELISTS 1 FREELIST GROUPS 1
  BUFFER_POOL DEFAULT FLASH_CACHE DEFAULT CELL_FLASH_CACHE DEFAULT)
  TABLESPACE "USERS" ;
--------------------------------------------------------
--  DDL for Index SYS_C008580
--------------------------------------------------------

CREATE UNIQUE INDEX "BNKPROJECT"."SYS_C008580" ON "BNKPROJECT"."FAQ" ("FAQID")
    PCTFREE 10 INITRANS 2 MAXTRANS 255 COMPUTE STATISTICS
  STORAGE(INITIAL 65536 NEXT 1048576 MINEXTENTS 1 MAXEXTENTS 2147483645
  PCTINCREASE 0 FREELISTS 1 FREELIST GROUPS 1
  BUFFER_POOL DEFAULT FLASH_CACHE DEFAULT CELL_FLASH_CACHE DEFAULT)
  TABLESPACE "USERS" ;
--------------------------------------------------------
--  DDL for Index SYS_C008362
--------------------------------------------------------

CREATE UNIQUE INDEX "BNKPROJECT"."SYS_C008362" ON "BNKPROJECT"."HIRE" ("HIRENO")
    PCTFREE 10 INITRANS 2 MAXTRANS 255 COMPUTE STATISTICS
  TABLESPACE "USERS" ;
--------------------------------------------------------
--  DDL for Index SYS_C008334
--------------------------------------------------------

CREATE UNIQUE INDEX "BNKPROJECT"."SYS_C008334" ON "BNKPROJECT"."LOGACTIVITY" ("LOGID")
    PCTFREE 10 INITRANS 2 MAXTRANS 255 COMPUTE STATISTICS
  TABLESPACE "USERS" ;
--------------------------------------------------------
--  DDL for Index SYS_C008632
--------------------------------------------------------

CREATE UNIQUE INDEX "BNKPROJECT"."SYS_C008632" ON "BNKPROJECT"."PRICEHISTORY" ("ID")
    PCTFREE 10 INITRANS 2 MAXTRANS 255 COMPUTE STATISTICS
  STORAGE(INITIAL 65536 NEXT 1048576 MINEXTENTS 1 MAXEXTENTS 2147483645
  PCTINCREASE 0 FREELISTS 1 FREELIST GROUPS 1
  BUFFER_POOL DEFAULT FLASH_CACHE DEFAULT CELL_FLASH_CACHE DEFAULT)
  TABLESPACE "USERS" ;
--------------------------------------------------------
--  DDL for Index SYS_C008451
--------------------------------------------------------

CREATE UNIQUE INDEX "BNKPROJECT"."SYS_C008451" ON "BNKPROJECT"."PRODUCT" ("PRODUCTNO")
    PCTFREE 10 INITRANS 2 MAXTRANS 255 COMPUTE STATISTICS
  STORAGE(INITIAL 65536 NEXT 1048576 MINEXTENTS 1 MAXEXTENTS 2147483645
  PCTINCREASE 0 FREELISTS 1 FREELIST GROUPS 1
  BUFFER_POOL DEFAULT FLASH_CACHE DEFAULT CELL_FLASH_CACHE DEFAULT)
  TABLESPACE "USERS" ;
--------------------------------------------------------
--  DDL for Index SYS_C008591
--------------------------------------------------------

CREATE UNIQUE INDEX "BNKPROJECT"."SYS_C008591" ON "BNKPROJECT"."PRODUCTDETAIL" ("PRODUCTNO")
    PCTFREE 10 INITRANS 2 MAXTRANS 255 COMPUTE STATISTICS
  STORAGE(INITIAL 65536 NEXT 1048576 MINEXTENTS 1 MAXEXTENTS 2147483645
  PCTINCREASE 0 FREELISTS 1 FREELIST GROUPS 1
  BUFFER_POOL DEFAULT FLASH_CACHE DEFAULT CELL_FLASH_CACHE DEFAULT)
  TABLESPACE "USERS" ;
--------------------------------------------------------
--  DDL for Index PK_PRODUCTJOINTYPE
--------------------------------------------------------

CREATE UNIQUE INDEX "BNKPROJECT"."PK_PRODUCTJOINTYPE" ON "BNKPROJECT"."PRODUCTJOINTYPE" ("PRODUCTNO", "JOINTYPE")
    PCTFREE 10 INITRANS 2 MAXTRANS 255 COMPUTE STATISTICS
  STORAGE(INITIAL 65536 NEXT 1048576 MINEXTENTS 1 MAXEXTENTS 2147483645
  PCTINCREASE 0 FREELISTS 1 FREELIST GROUPS 1
  BUFFER_POOL DEFAULT FLASH_CACHE DEFAULT CELL_FLASH_CACHE DEFAULT)
  TABLESPACE "USERS" ;
--------------------------------------------------------
--  DDL for Index SYS_C008602
--------------------------------------------------------

CREATE UNIQUE INDEX "BNKPROJECT"."SYS_C008602" ON "BNKPROJECT"."PRODUCTTERMS" ("TERMID")
    PCTFREE 10 INITRANS 2 MAXTRANS 255 COMPUTE STATISTICS
  STORAGE(INITIAL 65536 NEXT 1048576 MINEXTENTS 1 MAXEXTENTS 2147483645
  PCTINCREASE 0 FREELISTS 1 FREELIST GROUPS 1
  BUFFER_POOL DEFAULT FLASH_CACHE DEFAULT CELL_FLASH_CACHE DEFAULT)
  TABLESPACE "USERS" ;
--------------------------------------------------------
--  DDL for Index IDX_PRODUCTTERMS_PRODUCTNO
--------------------------------------------------------

CREATE INDEX "BNKPROJECT"."IDX_PRODUCTTERMS_PRODUCTNO" ON "BNKPROJECT"."PRODUCTTERMS" ("PRODUCTNO")
    PCTFREE 10 INITRANS 2 MAXTRANS 255 COMPUTE STATISTICS
  STORAGE(INITIAL 65536 NEXT 1048576 MINEXTENTS 1 MAXEXTENTS 2147483645
  PCTINCREASE 0 FREELISTS 1 FREELIST GROUPS 1
  BUFFER_POOL DEFAULT FLASH_CACHE DEFAULT CELL_FLASH_CACHE DEFAULT)
  TABLESPACE "USERS" ;
--------------------------------------------------------
--  DDL for Index IDX_PRODUCTTERMS_ORDER
--------------------------------------------------------

CREATE INDEX "BNKPROJECT"."IDX_PRODUCTTERMS_ORDER" ON "BNKPROJECT"."PRODUCTTERMS" ("DISPLAYORDER")
    PCTFREE 10 INITRANS 2 MAXTRANS 255 COMPUTE STATISTICS
  STORAGE(INITIAL 65536 NEXT 1048576 MINEXTENTS 1 MAXEXTENTS 2147483645
  PCTINCREASE 0 FREELISTS 1 FREELIST GROUPS 1
  BUFFER_POOL DEFAULT FLASH_CACHE DEFAULT CELL_FLASH_CACHE DEFAULT)
  TABLESPACE "USERS" ;
--------------------------------------------------------
--  DDL for Index SYS_C008557
--------------------------------------------------------

CREATE UNIQUE INDEX "BNKPROJECT"."SYS_C008557" ON "BNKPROJECT"."QUIZ" ("QUIZID")
    PCTFREE 10 INITRANS 2 MAXTRANS 255 COMPUTE STATISTICS
  STORAGE(INITIAL 65536 NEXT 1048576 MINEXTENTS 1 MAXEXTENTS 2147483645
  PCTINCREASE 0 FREELISTS 1 FREELIST GROUPS 1
  BUFFER_POOL DEFAULT FLASH_CACHE DEFAULT CELL_FLASH_CACHE DEFAULT)
  TABLESPACE "USERS" ;
--------------------------------------------------------
--  DDL for Index SYS_C008332
--------------------------------------------------------

CREATE UNIQUE INDEX "BNKPROJECT"."SYS_C008332" ON "BNKPROJECT"."SECURELOG" ("LOGID")
    PCTFREE 10 INITRANS 2 MAXTRANS 255 COMPUTE STATISTICS
  TABLESPACE "USERS" ;
--------------------------------------------------------
--  DDL for Index SECURITYSETTINGS_PK
--------------------------------------------------------

CREATE UNIQUE INDEX "BNKPROJECT"."SECURITYSETTINGS_PK" ON "BNKPROJECT"."SECURITYSETTINGS" ("SETTINGKEY")
    PCTFREE 10 INITRANS 2 MAXTRANS 255 COMPUTE STATISTICS
  STORAGE(INITIAL 65536 NEXT 1048576 MINEXTENTS 1 MAXEXTENTS 2147483645
  PCTINCREASE 0 FREELISTS 1 FREELIST GROUPS 1
  BUFFER_POOL DEFAULT FLASH_CACHE DEFAULT CELL_FLASH_CACHE DEFAULT)
  TABLESPACE "USERS" ;
--------------------------------------------------------
--  DDL for Index SYS_C008609
--------------------------------------------------------

CREATE UNIQUE INDEX "BNKPROJECT"."SYS_C008609" ON "BNKPROJECT"."SITESETTINGS" ("SETTINGKEY")
    PCTFREE 10 INITRANS 2 MAXTRANS 255 COMPUTE STATISTICS
  STORAGE(INITIAL 65536 NEXT 1048576 MINEXTENTS 1 MAXEXTENTS 2147483645
  PCTINCREASE 0 FREELISTS 1 FREELIST GROUPS 1
  BUFFER_POOL DEFAULT FLASH_CACHE DEFAULT CELL_FLASH_CACHE DEFAULT)
  TABLESPACE "USERS" ;
--------------------------------------------------------
--  DDL for Index SYS_C008343
--------------------------------------------------------

CREATE UNIQUE INDEX "BNKPROJECT"."SYS_C008343" ON "BNKPROJECT"."TERM" ("TERMNO")
    PCTFREE 10 INITRANS 2 MAXTRANS 255 COMPUTE STATISTICS
  STORAGE(INITIAL 65536 NEXT 1048576 MINEXTENTS 1 MAXEXTENTS 2147483645
  PCTINCREASE 0 FREELISTS 1 FREELIST GROUPS 1
  BUFFER_POOL DEFAULT FLASH_CACHE DEFAULT CELL_FLASH_CACHE DEFAULT)
  TABLESPACE "USERS" ;
--------------------------------------------------------
--  DDL for Index SYS_C008564
--------------------------------------------------------

CREATE UNIQUE INDEX "BNKPROJECT"."SYS_C008564" ON "BNKPROJECT"."USERLEVEL" ("LEVELID")
    PCTFREE 10 INITRANS 2 MAXTRANS 255 COMPUTE STATISTICS
  STORAGE(INITIAL 65536 NEXT 1048576 MINEXTENTS 1 MAXEXTENTS 2147483645
  PCTINCREASE 0 FREELISTS 1 FREELIST GROUPS 1
  BUFFER_POOL DEFAULT FLASH_CACHE DEFAULT CELL_FLASH_CACHE DEFAULT)
  TABLESPACE "USERS" ;
--------------------------------------------------------
--  DDL for Index UKRUN6CJL0MJ7L0EXYT363BR0OO
--------------------------------------------------------

CREATE UNIQUE INDEX "BNKPROJECT"."UKRUN6CJL0MJ7L0EXYT363BR0OO" ON "BNKPROJECT"."USERLEVEL" ("USERID")
    PCTFREE 10 INITRANS 2 MAXTRANS 255 COMPUTE STATISTICS
  STORAGE(INITIAL 65536 NEXT 1048576 MINEXTENTS 1 MAXEXTENTS 2147483645
  PCTINCREASE 0 FREELISTS 1 FREELIST GROUPS 1
  BUFFER_POOL DEFAULT FLASH_CACHE DEFAULT CELL_FLASH_CACHE DEFAULT)
  TABLESPACE "USERS" ;
--------------------------------------------------------
--  DDL for Index PK_USERPRODUCT
--------------------------------------------------------

CREATE UNIQUE INDEX "BNKPROJECT"."PK_USERPRODUCT" ON "BNKPROJECT"."USERPRODUCT" ("USERID", "PRODUCTNO", "STARTDATE")
    PCTFREE 10 INITRANS 2 MAXTRANS 255 COMPUTE STATISTICS
  STORAGE(INITIAL 65536 NEXT 1048576 MINEXTENTS 1 MAXEXTENTS 2147483645
  PCTINCREASE 0 FREELISTS 1 FREELIST GROUPS 1
  BUFFER_POOL DEFAULT FLASH_CACHE DEFAULT CELL_FLASH_CACHE DEFAULT)
  TABLESPACE "USERS" ;
--------------------------------------------------------
--  DDL for Index SYS_C008572
--------------------------------------------------------

CREATE UNIQUE INDEX "BNKPROJECT"."SYS_C008572" ON "BNKPROJECT"."USERQUIZPROGRESS" ("PROGRESSID")
    PCTFREE 10 INITRANS 2 MAXTRANS 255 COMPUTE STATISTICS
  STORAGE(INITIAL 65536 NEXT 1048576 MINEXTENTS 1 MAXEXTENTS 2147483645
  PCTINCREASE 0 FREELISTS 1 FREELIST GROUPS 1
  BUFFER_POOL DEFAULT FLASH_CACHE DEFAULT CELL_FLASH_CACHE DEFAULT)
  TABLESPACE "USERS" ;
--------------------------------------------------------
--  DDL for Index IDX_USER_DATE
--------------------------------------------------------

CREATE INDEX "BNKPROJECT"."IDX_USER_DATE" ON "BNKPROJECT"."USERQUIZPROGRESS" ("USERID", "SUBMITTEDAT")
    PCTFREE 10 INITRANS 2 MAXTRANS 255 COMPUTE STATISTICS
  STORAGE(INITIAL 65536 NEXT 1048576 MINEXTENTS 1 MAXEXTENTS 2147483645
  PCTINCREASE 0 FREELISTS 1 FREELIST GROUPS 1
  BUFFER_POOL DEFAULT FLASH_CACHE DEFAULT CELL_FLASH_CACHE DEFAULT)
  TABLESPACE "USERS" ;
--------------------------------------------------------
--  DDL for Index IDX_QUIZ_ID
--------------------------------------------------------

CREATE INDEX "BNKPROJECT"."IDX_QUIZ_ID" ON "BNKPROJECT"."USERQUIZPROGRESS" ("QUIZID")
    PCTFREE 10 INITRANS 2 MAXTRANS 255 COMPUTE STATISTICS
  STORAGE(INITIAL 65536 NEXT 1048576 MINEXTENTS 1 MAXEXTENTS 2147483645
  PCTINCREASE 0 FREELISTS 1 FREELIST GROUPS 1
  BUFFER_POOL DEFAULT FLASH_CACHE DEFAULT CELL_FLASH_CACHE DEFAULT)
  TABLESPACE "USERS" ;
--------------------------------------------------------
--  DDL for Index UK_USERS_ACCOUNTPASSWORD
--------------------------------------------------------

CREATE UNIQUE INDEX "BNKPROJECT"."UK_USERS_ACCOUNTPASSWORD" ON "BNKPROJECT"."USERS" ("ACCOUNTPASSWORD")
    PCTFREE 10 INITRANS 2 MAXTRANS 255 COMPUTE STATISTICS
  STORAGE(INITIAL 65536 NEXT 1048576 MINEXTENTS 1 MAXEXTENTS 2147483645
  PCTINCREASE 0 FREELISTS 1 FREELIST GROUPS 1
  BUFFER_POOL DEFAULT FLASH_CACHE DEFAULT CELL_FLASH_CACHE DEFAULT)
  TABLESPACE "USERS" ;
--------------------------------------------------------
--  DDL for Index SYS_C008401
--------------------------------------------------------

CREATE UNIQUE INDEX "BNKPROJECT"."SYS_C008401" ON "BNKPROJECT"."USERS" ("USERNO")
    PCTFREE 10 INITRANS 2 MAXTRANS 255 COMPUTE STATISTICS
  STORAGE(INITIAL 65536 NEXT 1048576 MINEXTENTS 1 MAXEXTENTS 2147483645
  PCTINCREASE 0 FREELISTS 1 FREELIST GROUPS 1
  BUFFER_POOL DEFAULT FLASH_CACHE DEFAULT CELL_FLASH_CACHE DEFAULT)
  TABLESPACE "USERS" ;
--------------------------------------------------------
--  DDL for Index SYS_C008402
--------------------------------------------------------

CREATE UNIQUE INDEX "BNKPROJECT"."SYS_C008402" ON "BNKPROJECT"."USERS" ("USERID")
    PCTFREE 10 INITRANS 2 MAXTRANS 255 COMPUTE STATISTICS
  STORAGE(INITIAL 65536 NEXT 1048576 MINEXTENTS 1 MAXEXTENTS 2147483645
  PCTINCREASE 0 FREELISTS 1 FREELIST GROUPS 1
  BUFFER_POOL DEFAULT FLASH_CACHE DEFAULT CELL_FLASH_CACHE DEFAULT)
  TABLESPACE "USERS" ;
--------------------------------------------------------
--  DDL for Index SYS_C008709
--------------------------------------------------------

CREATE UNIQUE INDEX "BNKPROJECT"."SYS_C008709" ON "BNKPROJECT"."USER_LEVEL" ("LEVELID")
    PCTFREE 10 INITRANS 2 MAXTRANS 255
  TABLESPACE "USERS" ;
--------------------------------------------------------
--  DDL for Index UKI7OMNUYLHOGE624QAPM5ENT09
--------------------------------------------------------

CREATE UNIQUE INDEX "BNKPROJECT"."UKI7OMNUYLHOGE624QAPM5ENT09" ON "BNKPROJECT"."USER_LEVEL" ("USERID")
    PCTFREE 10 INITRANS 2 MAXTRANS 255 COMPUTE STATISTICS
  TABLESPACE "USERS" ;
--------------------------------------------------------
--  DDL for Index SYS_C008717
--------------------------------------------------------

CREATE UNIQUE INDEX "BNKPROJECT"."SYS_C008717" ON "BNKPROJECT"."USER_QUIZ_PROGRESS" ("PROGRESSID")
    PCTFREE 10 INITRANS 2 MAXTRANS 255
  TABLESPACE "USERS" ;
